"","DATETIME","preclose","open","high","low","last","volume","amount"
"1",2017-03-23 09:15:09,9.16,0,0,0,0,0,0
"2",2017-03-23 09:15:18,9.16,0,0,0,0,0,0
"3",2017-03-23 09:15:27,9.16,0,0,0,0,0,0
"4",2017-03-23 09:15:36,9.16,0,0,0,0,0,0
"5",2017-03-23 09:15:54,9.16,0,0,0,0,0,0
"6",2017-03-23 09:16:21,9.16,0,0,0,0,0,0
"7",2017-03-23 09:16:30,9.16,0,0,0,0,0,0
"8",2017-03-23 09:16:39,9.16,0,0,0,0,0,0
"9",2017-03-23 09:16:48,9.16,0,0,0,0,0,0
"10",2017-03-23 09:16:57,9.16,0,0,0,0,0,0
"11",2017-03-23 09:17:06,9.16,0,0,0,0,0,0
"12",2017-03-23 09:17:15,9.16,0,0,0,0,0,0
"13",2017-03-23 09:17:33,9.16,0,0,0,0,0,0
"14",2017-03-23 09:18:18,9.16,0,0,0,0,0,0
"15",2017-03-23 09:18:36,9.16,0,0,0,0,0,0
"16",2017-03-23 09:19:03,9.16,0,0,0,0,0,0
"17",2017-03-23 09:19:12,9.16,0,0,0,0,0,0
"18",2017-03-23 09:19:21,9.16,0,0,0,0,0,0
"19",2017-03-23 09:19:30,9.16,0,0,0,0,0,0
"20",2017-03-23 09:19:39,9.16,0,0,0,0,0,0
"21",2017-03-23 09:19:57,9.16,0,0,0,0,0,0
"22",2017-03-23 09:20:09,9.16,0,0,0,0,0,0
"23",2017-03-23 09:20:18,9.16,0,0,0,0,0,0
"24",2017-03-23 09:20:36,9.16,0,0,0,0,0,0
"25",2017-03-23 09:20:45,9.16,0,0,0,0,0,0
"26",2017-03-23 09:20:54,9.16,0,0,0,0,0,0
"27",2017-03-23 09:21:03,9.16,0,0,0,0,0,0
"28",2017-03-23 09:21:21,9.16,0,0,0,0,0,0
"29",2017-03-23 09:21:30,9.16,0,0,0,0,0,0
"30",2017-03-23 09:21:39,9.16,0,0,0,0,0,0
"31",2017-03-23 09:21:57,9.16,0,0,0,0,0,0
"32",2017-03-23 09:22:06,9.16,0,0,0,0,0,0
"33",2017-03-23 09:22:15,9.16,0,0,0,0,0,0
"34",2017-03-23 09:22:33,9.16,0,0,0,0,0,0
"35",2017-03-23 09:22:51,9.16,0,0,0,0,0,0
"36",2017-03-23 09:23:00,9.16,0,0,0,0,0,0
"37",2017-03-23 09:23:09,9.16,0,0,0,0,0,0
"38",2017-03-23 09:23:18,9.16,0,0,0,0,0,0
"39",2017-03-23 09:23:27,9.16,0,0,0,0,0,0
"40",2017-03-23 09:23:36,9.16,0,0,0,0,0,0
"41",2017-03-23 09:23:45,9.16,0,0,0,0,0,0
"42",2017-03-23 09:23:54,9.16,0,0,0,0,0,0
"43",2017-03-23 09:24:03,9.16,0,0,0,0,0,0
"44",2017-03-23 09:24:12,9.16,0,0,0,0,0,0
"45",2017-03-23 09:24:21,9.16,0,0,0,0,0,0
"46",2017-03-23 09:24:30,9.16,0,0,0,0,0,0
"47",2017-03-23 09:24:39,9.16,0,0,0,0,0,0
"48",2017-03-23 09:24:48,9.16,0,0,0,0,0,0
"49",2017-03-23 09:24:57,9.16,0,0,0,0,0,0
"50",2017-03-23 09:25:03,9.16,9.16,9.16,9.16,9.16,556500,5097540
"51",2017-03-23 09:25:03,9.16,9.16,9.16,9.16,9.16,556500,5097540
"52",2017-03-23 09:30:00,9.16,9.16,9.16,9.16,9.16,556500,5097540
"53",2017-03-23 09:30:00,9.16,9.16,9.16,9.16,9.16,556500,5097540
"54",2017-03-23 09:30:03,9.16,9.16,9.16,9.15,9.16,1067500,9776142
"55",2017-03-23 09:30:06,9.16,9.16,9.16,9.15,9.16,1218392,11158310
"56",2017-03-23 09:30:09,9.16,9.16,9.17,9.15,9.16,1496392,13706257
"57",2017-03-23 09:30:12,9.16,9.16,9.17,9.15,9.16,1496592,13708089
"58",2017-03-23 09:30:15,9.16,9.16,9.17,9.15,9.16,1496592,13708089
"59",2017-03-23 09:30:18,9.16,9.16,9.17,9.15,9.16,1496592,13708089
"60",2017-03-23 09:30:21,9.16,9.16,9.17,9.15,9.16,1496792,13709921
"61",2017-03-23 09:30:24,9.16,9.16,9.17,9.15,9.16,1496792,13709921
"62",2017-03-23 09:30:27,9.16,9.16,9.17,9.15,9.16,1496792,13709921
"63",2017-03-23 09:30:30,9.16,9.16,9.17,9.15,9.16,1496892,13710837
"64",2017-03-23 09:30:33,9.16,9.16,9.17,9.15,9.17,1498392,13724592
"65",2017-03-23 09:30:36,9.16,9.16,9.17,9.15,9.16,1508992,13821758
"66",2017-03-23 09:30:39,9.16,9.16,9.17,9.15,9.16,1513992,13867558
"67",2017-03-23 09:30:42,9.16,9.16,9.17,9.15,9.17,1529392,14008776
"68",2017-03-23 09:30:45,9.16,9.16,9.17,9.15,9.17,1529392,14008776
"69",2017-03-23 09:30:48,9.16,9.16,9.17,9.15,9.16,1530392,14017936
"70",2017-03-23 09:30:51,9.16,9.16,9.17,9.15,9.17,1537492,14082987
"71",2017-03-23 09:30:54,9.16,9.16,9.17,9.15,9.17,1539692,14103151
"72",2017-03-23 09:30:57,9.16,9.16,9.17,9.15,9.17,1551492,14211357
"73",2017-03-23 09:31:00,9.16,9.16,9.17,9.15,9.17,1684692,15432801
"74",2017-03-23 09:31:03,9.16,9.16,9.17,9.15,9.16,1694392,15521684
"75",2017-03-23 09:31:06,9.16,9.16,9.17,9.15,9.17,1722192,15776349
"76",2017-03-23 09:31:09,9.16,9.16,9.17,9.15,9.17,1845692,16907777
"77",2017-03-23 09:31:12,9.16,9.16,9.17,9.15,9.16,1865992,17093725
"78",2017-03-23 09:31:15,9.16,9.16,9.17,9.15,9.16,1877492,17199065
"79",2017-03-23 09:31:18,9.16,9.16,9.17,9.15,9.17,1877692,17200899
"80",2017-03-23 09:31:21,9.16,9.16,9.17,9.15,9.17,1945092,17818957
"81",2017-03-23 09:31:24,9.16,9.16,9.17,9.15,9.17,2050692,18787309
"82",2017-03-23 09:31:27,9.16,9.16,9.17,9.15,9.17,2052012,18799414
"83",2017-03-23 09:31:30,9.16,9.16,9.17,9.15,9.17,2055412,18830592
"84",2017-03-23 09:31:33,9.16,9.16,9.17,9.15,9.17,2059112,18864521
"85",2017-03-23 09:31:36,9.16,9.16,9.18,9.15,9.18,2071112,18974681
"86",2017-03-23 09:31:39,9.16,9.16,9.18,9.15,9.18,2176212,19939499
"87",2017-03-23 09:31:42,9.16,9.16,9.18,9.15,9.18,2188212,20049659
"88",2017-03-23 09:31:45,9.16,9.16,9.18,9.15,9.18,2196712,20127687
"89",2017-03-23 09:31:48,9.16,9.16,9.18,9.15,9.17,2233512,20465153
"90",2017-03-23 09:31:51,9.16,9.16,9.18,9.15,9.18,2238712,20512849
"91",2017-03-23 09:31:54,9.16,9.16,9.18,9.15,9.18,2247312,20591797
"92",2017-03-23 09:31:57,9.16,9.16,9.18,9.15,9.17,2247412,20592714
"93",2017-03-23 09:32:00,9.16,9.16,9.18,9.15,9.17,2247412,20592714
"94",2017-03-23 09:32:03,9.16,9.16,9.18,9.15,9.18,2250712,20622998
"95",2017-03-23 09:32:06,9.16,9.16,9.18,9.15,9.18,2255712,20668898
"96",2017-03-23 09:32:09,9.16,9.16,9.18,9.15,9.17,2257012,20680823
"97",2017-03-23 09:32:12,9.16,9.16,9.18,9.15,9.18,2264512,20749673
"98",2017-03-23 09:32:15,9.16,9.16,9.18,9.15,9.18,2269112,20791901
"99",2017-03-23 09:32:18,9.16,9.16,9.18,9.15,9.18,2281112,20902051
"100",2017-03-23 09:32:21,9.16,9.16,9.18,9.15,9.18,2518212,23078629
"101",2017-03-23 09:32:24,9.16,9.16,9.18,9.15,9.18,2642112,24216021
"102",2017-03-23 09:32:27,9.16,9.16,9.18,9.15,9.18,2644012,24233460
"103",2017-03-23 09:32:30,9.16,9.16,9.18,9.15,9.18,2665312,24428994
"104",2017-03-23 09:32:33,9.16,9.16,9.18,9.15,9.18,2686312,24621774
"105",2017-03-23 09:32:36,9.16,9.16,9.18,9.15,9.18,2698312,24731934
"106",2017-03-23 09:32:39,9.16,9.16,9.18,9.15,9.18,2704312,24787014
"107",2017-03-23 09:32:42,9.16,9.16,9.18,9.15,9.18,2707312,24814554
"108",2017-03-23 09:32:45,9.16,9.16,9.19,9.15,9.18,2708712,24827411
"109",2017-03-23 09:32:48,9.16,9.16,9.19,9.15,9.18,2708712,24827411
"110",2017-03-23 09:32:51,9.16,9.16,9.19,9.15,9.19,2711212,24850366
"111",2017-03-23 09:32:54,9.16,9.16,9.19,9.15,9.19,2725112,24978107
"112",2017-03-23 09:32:57,9.16,9.16,9.19,9.15,9.19,2727212,24997406
"113",2017-03-23 09:33:00,9.16,9.16,9.19,9.15,9.19,2736212,25080116
"114",2017-03-23 09:33:03,9.16,9.16,9.19,9.15,9.19,2752612,25230830
"115",2017-03-23 09:33:06,9.16,9.16,9.19,9.15,9.19,2763712,25332839
"116",2017-03-23 09:33:09,9.16,9.16,9.19,9.15,9.19,2771312,25402683
"117",2017-03-23 09:33:12,9.16,9.16,9.19,9.15,9.19,2772812,25416468
"118",2017-03-23 09:33:15,9.16,9.16,9.19,9.15,9.19,2791912,25591815
"119",2017-03-23 09:33:18,9.16,9.16,9.19,9.15,9.19,2792412,25596410
"120",2017-03-23 09:33:21,9.16,9.16,9.19,9.15,9.18,2798812,25655204
"121",2017-03-23 09:33:24,9.16,9.16,9.19,9.15,9.19,2804212,25704783
"122",2017-03-23 09:33:27,9.16,9.16,9.19,9.15,9.18,2889912,26491621
"123",2017-03-23 09:33:30,9.16,9.16,9.19,9.15,9.19,2894912,26537571
"124",2017-03-23 09:33:33,9.16,9.16,9.19,9.15,9.19,2898912,26574331
"125",2017-03-23 09:33:36,9.16,9.16,9.19,9.15,9.19,2909412,26670826
"126",2017-03-23 09:33:39,9.16,9.16,9.19,9.15,9.19,2931912,26877481
"127",2017-03-23 09:33:42,9.16,9.16,9.19,9.15,9.19,2931912,26877481
"128",2017-03-23 09:33:45,9.16,9.16,9.19,9.15,9.19,2971312,27239542
"129",2017-03-23 09:33:48,9.16,9.16,9.19,9.15,9.19,2986412,27378311
"130",2017-03-23 09:33:51,9.16,9.16,9.19,9.15,9.18,2994612,27453607
"131",2017-03-23 09:33:54,9.16,9.16,9.19,9.15,9.19,3005312,27551887
"132",2017-03-23 09:33:57,9.16,9.16,9.19,9.15,9.19,3062212,28074760
"133",2017-03-23 09:34:00,9.16,9.16,9.19,9.15,9.18,3064812,28098628
"134",2017-03-23 09:34:03,9.16,9.16,9.19,9.15,9.18,3268412,29969684
"135",2017-03-23 09:34:06,9.16,9.16,9.19,9.15,9.19,3272212,30004606
"136",2017-03-23 09:34:09,9.16,9.16,9.19,9.15,9.19,3273412,30015624
"137",2017-03-23 09:34:12,9.16,9.16,9.19,9.15,9.18,3300252,30262093
"138",2017-03-23 09:34:15,9.16,9.16,9.19,9.15,9.18,3302952,30286886
"139",2017-03-23 09:34:18,9.16,9.16,9.19,9.15,9.18,3312652,30375932
"140",2017-03-23 09:34:21,9.16,9.16,9.19,9.15,9.18,3316752,30413576
"141",2017-03-23 09:34:24,9.16,9.16,9.19,9.15,9.19,3328052,30517421
"142",2017-03-23 09:34:27,9.16,9.16,9.19,9.15,9.19,3328052,30517421
"143",2017-03-23 09:34:30,9.16,9.16,9.19,9.15,9.18,3341552,30641371
"144",2017-03-23 09:34:33,9.16,9.16,9.19,9.15,9.18,3341552,30641371
"145",2017-03-23 09:34:36,9.16,9.16,9.19,9.15,9.19,3365246,30858939
"146",2017-03-23 09:34:39,9.16,9.16,9.19,9.15,9.19,3378146,30977480
"147",2017-03-23 09:34:42,9.16,9.16,9.19,9.15,9.18,3382706,31019371
"148",2017-03-23 09:34:45,9.16,9.16,9.19,9.15,9.19,3395806,31139760
"149",2017-03-23 09:34:48,9.16,9.16,9.19,9.15,9.19,3395806,31139760
"150",2017-03-23 09:34:51,9.16,9.16,9.19,9.15,9.19,3395806,31139760
"151",2017-03-23 09:34:54,9.16,9.16,9.19,9.15,9.18,3500006,32096323
"152",2017-03-23 09:34:57,9.16,9.16,9.19,9.15,9.18,3503712,32130344
"153",2017-03-23 09:35:00,9.16,9.16,9.19,9.15,9.18,3505006,32142223
"154",2017-03-23 09:35:03,9.16,9.16,9.19,9.15,9.18,3508106,32170681
"155",2017-03-23 09:35:06,9.16,9.16,9.19,9.15,9.18,3509106,32179861
"156",2017-03-23 09:35:09,9.16,9.16,9.19,9.15,9.18,3542306,32484649
"157",2017-03-23 09:35:12,9.16,9.16,9.19,9.15,9.19,3543306,32493839
"158",2017-03-23 09:35:15,9.16,9.16,9.19,9.15,9.18,3543806,32498429
"159",2017-03-23 09:35:18,9.16,9.16,9.19,9.15,9.19,3557206,32621475
"160",2017-03-23 09:35:21,9.16,9.16,9.19,9.15,9.19,3892306,35701034
"161",2017-03-23 09:35:24,9.16,9.16,9.2,9.15,9.18,3897706,35750654
"162",2017-03-23 09:35:27,9.16,9.16,9.2,9.15,9.18,3898706,35759834
"163",2017-03-23 09:35:30,9.16,9.16,9.2,9.15,9.18,3899006,35762588
"164",2017-03-23 09:35:33,9.16,9.16,9.2,9.15,9.19,3900006,35771778
"165",2017-03-23 09:35:36,9.16,9.16,9.2,9.15,9.19,3908006,35845298
"166",2017-03-23 09:35:39,9.16,9.16,9.2,9.15,9.18,3913806,35898596
"167",2017-03-23 09:35:42,9.16,9.16,9.2,9.15,9.19,3926806,36018056
"168",2017-03-23 09:35:45,9.16,9.16,9.2,9.15,9.2,3931306,36059456
"169",2017-03-23 09:35:48,9.16,9.16,9.2,9.15,9.2,3943606,36172556
"170",2017-03-23 09:35:51,9.16,9.16,9.2,9.15,9.2,3974506,36456541
"171",2017-03-23 09:35:54,9.16,9.16,9.2,9.15,9.2,3981506,36520941
"172",2017-03-23 09:35:57,9.16,9.16,9.2,9.15,9.19,4010506,36787733
"173",2017-03-23 09:36:00,9.16,9.16,9.2,9.15,9.2,4143106,38006413
"174",2017-03-23 09:36:03,9.16,9.16,9.2,9.15,9.19,4146606,38038584
"175",2017-03-23 09:36:06,9.16,9.16,9.2,9.15,9.19,4147606,38047776
"176",2017-03-23 09:36:09,9.16,9.16,9.2,9.15,9.2,4151906,38087336
"177",2017-03-23 09:36:12,9.16,9.16,9.2,9.15,9.2,4155006,38115845
"178",2017-03-23 09:36:15,9.16,9.16,9.2,9.15,9.2,4155706,38122285
"179",2017-03-23 09:36:18,9.16,9.16,9.2,9.15,9.2,4155806,38123205
"180",2017-03-23 09:36:21,9.16,9.16,9.2,9.15,9.2,4162206,38182064
"181",2017-03-23 09:36:24,9.16,9.16,9.2,9.15,9.2,4167106,38227129
"182",2017-03-23 09:36:27,9.16,9.16,9.2,9.15,9.2,4177406,38321889
"183",2017-03-23 09:36:30,9.16,9.16,9.2,9.15,9.2,4192506,38460809
"184",2017-03-23 09:36:33,9.16,9.16,9.2,9.15,9.2,4192506,38460809
"185",2017-03-23 09:36:36,9.16,9.16,9.2,9.15,9.2,4498406,41275089
"186",2017-03-23 09:36:39,9.16,9.16,9.2,9.15,9.2,4527306,41540969
"187",2017-03-23 09:36:42,9.16,9.16,9.2,9.15,9.2,4531406,41578689
"188",2017-03-23 09:36:45,9.16,9.16,9.2,9.15,9.2,4540206,41659649
"189",2017-03-23 09:36:48,9.16,9.16,9.2,9.15,9.2,4562306,41862969
"190",2017-03-23 09:36:51,9.16,9.16,9.2,9.15,9.2,4568506,41919993
"191",2017-03-23 09:36:54,9.16,9.16,9.2,9.15,9.19,4572406,41955870
"192",2017-03-23 09:36:57,9.16,9.16,9.2,9.15,9.2,4616406,42360665
"193",2017-03-23 09:37:00,9.16,9.16,9.21,9.15,9.21,4649874,42668568
"194",2017-03-23 09:37:03,9.16,9.16,9.21,9.15,9.2,4651374,42682368
"195",2017-03-23 09:37:06,9.16,9.16,9.21,9.15,9.21,4654974,42715514
"196",2017-03-23 09:37:09,9.16,9.16,9.21,9.15,9.2,4659974,42761514
"197",2017-03-23 09:37:12,9.16,9.16,9.21,9.15,9.2,4675394,42903378
"198",2017-03-23 09:37:15,9.16,9.16,9.21,9.15,9.2,4678094,42928240
"199",2017-03-23 09:37:18,9.16,9.16,9.21,9.15,9.21,4678794,42934687
"200",2017-03-23 09:37:21,9.16,9.16,9.21,9.15,9.2,4680794,42953087
"201",2017-03-23 09:37:24,9.16,9.16,9.21,9.15,9.21,4684094,42983450
"202",2017-03-23 09:37:27,9.16,9.16,9.21,9.15,9.21,4686594,43006475
"203",2017-03-23 09:37:30,9.16,9.16,9.21,9.15,9.21,4686594,43006475
"204",2017-03-23 09:37:33,9.16,9.16,9.21,9.15,9.2,4698794,43118721
"205",2017-03-23 09:37:36,9.16,9.16,9.21,9.15,9.21,4716694,43283460
"206",2017-03-23 09:37:39,9.16,9.16,9.21,9.15,9.2,4721694,43329460
"207",2017-03-23 09:37:42,9.16,9.16,9.21,9.15,9.21,4735094,43452774
"208",2017-03-23 09:37:45,9.16,9.16,9.21,9.15,9.2,4741594,43512574
"209",2017-03-23 09:37:48,9.16,9.16,9.21,9.15,9.21,4743294,43528231
"210",2017-03-23 09:37:51,9.16,9.16,9.21,9.15,9.2,4755494,43640473
"211",2017-03-23 09:37:54,9.16,9.16,9.21,9.15,9.21,4775094,43820968
"212",2017-03-23 09:37:57,9.16,9.16,9.21,9.15,9.21,4781594,43880832
"213",2017-03-23 09:38:00,9.16,9.16,9.21,9.15,9.21,4781594,43880832
"214",2017-03-23 09:38:03,9.16,9.16,9.21,9.15,9.2,4792494,43981184
"215",2017-03-23 09:38:06,9.16,9.16,9.21,9.15,9.21,4794794,44002367
"216",2017-03-23 09:38:09,9.16,9.16,9.21,9.15,9.21,4796094,44014340
"217",2017-03-23 09:38:12,9.16,9.16,9.21,9.15,9.21,4808394,44127523
"218",2017-03-23 09:38:15,9.16,9.16,9.21,9.15,9.21,4808494,44128444
"219",2017-03-23 09:38:18,9.16,9.16,9.21,9.15,9.21,4819794,44232517
"220",2017-03-23 09:38:21,9.16,9.16,9.21,9.15,9.2,4820194,44236197
"221",2017-03-23 09:38:24,9.16,9.16,9.21,9.15,9.21,4821194,44245407
"222",2017-03-23 09:38:27,9.16,9.16,9.21,9.15,9.2,4822194,44254607
"223",2017-03-23 09:38:30,9.16,9.16,9.21,9.15,9.21,4824794,44278553
"224",2017-03-23 09:38:33,9.16,9.16,9.21,9.15,9.21,4841094,44428641
"225",2017-03-23 09:38:36,9.16,9.16,9.21,9.15,9.21,4846794,44481138
"226",2017-03-23 09:38:39,9.16,9.16,9.21,9.15,9.21,4849794,44508758
"227",2017-03-23 09:38:42,9.16,9.16,9.21,9.15,9.21,4851594,44525326
"228",2017-03-23 09:38:45,9.16,9.16,9.21,9.15,9.21,4853694,44544667
"229",2017-03-23 09:38:48,9.16,9.16,9.21,9.15,9.21,5115094,46952161
"230",2017-03-23 09:38:51,9.16,9.16,9.21,9.15,9.21,5115894,46959529
"231",2017-03-23 09:38:54,9.16,9.16,9.21,9.15,9.21,5138894,47171359
"232",2017-03-23 09:38:57,9.16,9.16,9.21,9.15,9.21,5184394,47590414
"233",2017-03-23 09:39:00,9.16,9.16,9.21,9.15,9.21,5193594,47675145
"234",2017-03-23 09:39:03,9.16,9.16,9.21,9.15,9.21,5193694,47676066
"235",2017-03-23 09:39:06,9.16,9.16,9.21,9.15,9.21,5394894,49529112
"236",2017-03-23 09:39:09,9.16,9.16,9.21,9.15,9.21,5403094,49604634
"237",2017-03-23 09:39:12,9.16,9.16,9.21,9.15,9.21,5424294,49799886
"238",2017-03-23 09:39:15,9.16,9.16,9.22,9.15,9.21,5430594,49857921
"239",2017-03-23 09:39:18,9.16,9.16,9.22,9.15,9.21,5688494,52235729
"240",2017-03-23 09:39:21,9.16,9.16,9.22,9.15,9.21,5697494,52318619
"241",2017-03-23 09:39:24,9.16,9.16,9.22,9.15,9.21,5717394,52501895
"242",2017-03-23 09:39:27,9.16,9.16,9.22,9.15,9.21,5717394,52501895
"243",2017-03-23 09:39:30,9.16,9.16,9.22,9.15,9.21,5746094,52766218
"244",2017-03-23 09:39:33,9.16,9.16,9.22,9.15,9.2,5756594,52862913
"245",2017-03-23 09:39:36,9.16,9.16,9.22,9.15,9.21,5757094,52867518
"246",2017-03-23 09:39:39,9.16,9.16,9.22,9.15,9.21,5772094,53005668
"247",2017-03-23 09:39:42,9.16,9.16,9.22,9.15,9.21,5777494,53055409
"248",2017-03-23 09:39:45,9.16,9.16,9.22,9.15,9.21,5781494,53092249
"249",2017-03-23 09:39:48,9.16,9.16,9.22,9.15,9.21,5785994,53133710
"250",2017-03-23 09:39:51,9.16,9.16,9.22,9.15,9.21,5806194,53319865
"251",2017-03-23 09:39:54,9.16,9.16,9.22,9.15,9.2,5839894,53630259
"252",2017-03-23 09:39:57,9.16,9.16,9.22,9.15,9.21,5846094,53687329
"253",2017-03-23 09:40:00,9.16,9.16,9.22,9.15,9.21,5846094,53687329
"254",2017-03-23 09:40:03,9.16,9.16,9.22,9.15,9.21,5868494,53893633
"255",2017-03-23 09:40:06,9.16,9.16,9.22,9.15,9.22,5887994,54073238
"256",2017-03-23 09:40:09,9.16,9.16,9.22,9.15,9.21,5890694,54098105
"257",2017-03-23 09:40:12,9.16,9.16,9.22,9.15,9.21,5962094,54755699
"258",2017-03-23 09:40:15,9.16,9.16,9.22,9.15,9.21,5962094,54755699
"259",2017-03-23 09:40:18,9.16,9.16,9.22,9.15,9.21,5962594,54760304
"260",2017-03-23 09:40:21,9.16,9.16,9.22,9.15,9.2,5967794,54808186
"261",2017-03-23 09:40:24,9.16,9.16,9.22,9.15,9.2,5967794,54808186
"262",2017-03-23 09:40:27,9.16,9.16,9.22,9.15,9.2,5970394,54832120
"263",2017-03-23 09:40:30,9.16,9.16,9.22,9.15,9.21,5994094,55050397
"264",2017-03-23 09:40:33,9.16,9.16,9.22,9.15,9.21,6003594,55137882
"265",2017-03-23 09:40:36,9.16,9.16,9.22,9.15,9.21,6006494,55164566
"266",2017-03-23 09:40:39,9.16,9.16,9.22,9.15,9.21,6020594,55294427
"267",2017-03-23 09:40:42,9.16,9.16,9.22,9.15,9.21,6047094,55538492
"268",2017-03-23 09:40:45,9.16,9.16,9.22,9.15,9.2,6051694,55580842
"269",2017-03-23 09:40:48,9.16,9.16,9.22,9.15,9.2,6052994,55592803
"270",2017-03-23 09:40:51,9.16,9.16,9.22,9.15,9.21,6053994,55602009
"271",2017-03-23 09:40:54,9.16,9.16,9.22,9.15,9.21,6054094,55602930
"272",2017-03-23 09:40:57,9.16,9.16,9.22,9.15,9.21,6074394,55789860
"273",2017-03-23 09:41:00,9.16,9.16,9.22,9.15,9.21,6101894,56043035
"274",2017-03-23 09:41:03,9.16,9.16,9.22,9.15,9.21,6101894,56043035
"275",2017-03-23 09:41:06,9.16,9.16,9.22,9.15,9.21,6225894,57185075
"276",2017-03-23 09:41:09,9.16,9.16,9.22,9.15,9.21,6254194,57445702
"277",2017-03-23 09:41:12,9.16,9.16,9.22,9.15,9.21,6256494,57466885
"278",2017-03-23 09:41:15,9.16,9.16,9.22,9.15,9.2,6258794,57488056
"279",2017-03-23 09:41:18,9.16,9.16,9.22,9.15,9.21,6273694,57625285
"280",2017-03-23 09:41:21,9.16,9.16,9.22,9.15,9.2,6283094,57711772
"281",2017-03-23 09:41:24,9.16,9.16,9.22,9.15,9.21,6286094,57739397
"282",2017-03-23 09:41:27,9.16,9.16,9.22,9.15,9.21,6287994,57756896
"283",2017-03-23 09:41:30,9.16,9.16,9.22,9.15,9.21,6287994,57756896
"284",2017-03-23 09:41:33,9.16,9.16,9.22,9.15,9.21,6307994,57941096
"285",2017-03-23 09:41:36,9.16,9.16,9.22,9.15,9.2,6308194,57942937
"286",2017-03-23 09:41:39,9.16,9.16,9.22,9.15,9.21,6308694,57947542
"287",2017-03-23 09:41:42,9.16,9.16,9.22,9.15,9.21,6308694,57947542
"288",2017-03-23 09:41:45,9.16,9.16,9.22,9.15,9.21,6314194,57998197
"289",2017-03-23 09:41:48,9.16,9.16,9.22,9.15,9.21,6315294,58008327
"290",2017-03-23 09:41:51,9.16,9.16,9.22,9.15,9.21,6329494,58139109
"291",2017-03-23 09:41:54,9.16,9.16,9.22,9.15,9.21,6349294,58321467
"292",2017-03-23 09:41:57,9.16,9.16,9.22,9.15,9.2,6551394,60180808
"293",2017-03-23 09:42:00,9.16,9.16,9.22,9.15,9.21,6552594,60191849
"294",2017-03-23 09:42:03,9.16,9.16,9.22,9.15,9.21,6555094,60214870
"295",2017-03-23 09:42:06,9.16,9.16,9.22,9.15,9.21,6555094,60214870
"296",2017-03-23 09:42:09,9.16,9.16,9.22,9.15,9.21,6556094,60224080
"297",2017-03-23 09:42:12,9.16,9.16,9.22,9.15,9.21,6558894,60249848
"298",2017-03-23 09:42:15,9.16,9.16,9.22,9.15,9.21,6563094,60288490
"299",2017-03-23 09:42:18,9.16,9.16,9.22,9.15,9.21,6563994,60296779
"300",2017-03-23 09:42:21,9.16,9.16,9.22,9.15,9.2,6566994,60324379
"301",2017-03-23 09:42:24,9.16,9.16,9.22,9.15,9.2,6566994,60324379
"302",2017-03-23 09:42:27,9.16,9.16,9.22,9.15,9.2,6580694,60450531
"303",2017-03-23 09:42:30,9.16,9.16,9.22,9.15,9.2,6586194,60501181
"304",2017-03-23 09:42:33,9.16,9.16,9.22,9.15,9.2,6586194,60501181
"305",2017-03-23 09:42:36,9.16,9.16,9.22,9.15,9.21,6588694,60524206
"306",2017-03-23 09:42:39,9.16,9.16,9.22,9.15,9.2,6590694,60542606
"307",2017-03-23 09:42:42,9.16,9.16,9.22,9.15,9.21,6601094,60638385
"308",2017-03-23 09:42:45,9.16,9.16,9.22,9.15,9.21,6610494,60724959
"309",2017-03-23 09:42:48,9.16,9.16,9.22,9.15,9.21,6624694,60855615
"310",2017-03-23 09:42:51,9.16,9.16,9.22,9.15,9.21,6624694,60855615
"311",2017-03-23 09:42:54,9.16,9.16,9.22,9.15,9.21,6624694,60855615
"312",2017-03-23 09:42:57,9.16,9.16,9.22,9.15,9.2,6634694,60947615
"313",2017-03-23 09:43:00,9.16,9.16,9.22,9.15,9.2,6634694,60947615
"314",2017-03-23 09:43:03,9.16,9.16,9.22,9.15,9.2,6635794,60957735
"315",2017-03-23 09:43:06,9.16,9.16,9.22,9.15,9.21,6643694,61030494
"316",2017-03-23 09:43:09,9.16,9.16,9.22,9.15,9.21,6663694,61214694
"317",2017-03-23 09:43:12,9.16,9.16,9.22,9.15,9.21,6668694,61260744
"318",2017-03-23 09:43:15,9.16,9.16,9.22,9.15,9.21,6675694,61325214
"319",2017-03-23 09:43:18,9.16,9.16,9.22,9.15,9.21,6679094,61356528
"320",2017-03-23 09:43:21,9.16,9.16,9.22,9.15,9.21,6679294,61358370
"321",2017-03-23 09:43:24,9.16,9.16,9.22,9.15,9.2,6690894,61465205
"322",2017-03-23 09:43:27,9.16,9.16,9.22,9.15,9.2,6707194,61615218
"323",2017-03-23 09:43:30,9.16,9.16,9.22,9.15,9.21,6707294,61616139
"324",2017-03-23 09:43:33,9.16,9.16,9.22,9.15,9.21,6708694,61629023
"325",2017-03-23 09:43:36,9.16,9.16,9.22,9.15,9.21,6716594,61701780
"326",2017-03-23 09:43:39,9.16,9.16,9.22,9.15,9.21,6716694,61702701
"327",2017-03-23 09:43:42,9.16,9.16,9.22,9.15,9.21,6785094,62332065
"328",2017-03-23 09:43:45,9.16,9.16,9.22,9.15,9.21,6787194,62351395
"329",2017-03-23 09:43:48,9.16,9.16,9.22,9.15,9.21,6811194,62572425
"330",2017-03-23 09:43:51,9.16,9.16,9.22,9.15,9.2,6811994,62579792
"331",2017-03-23 09:43:54,9.16,9.16,9.22,9.15,9.2,6820494,62658067
"332",2017-03-23 09:43:57,9.16,9.16,9.22,9.15,9.21,6831894,62763061
"333",2017-03-23 09:44:00,9.16,9.16,9.22,9.15,9.21,6832294,62766744
"334",2017-03-23 09:44:03,9.16,9.16,9.22,9.15,9.21,6852294,62950944
"335",2017-03-23 09:44:06,9.16,9.16,9.22,9.15,9.2,6869494,63109236
"336",2017-03-23 09:44:09,9.16,9.16,9.22,9.15,9.21,6874194,63152523
"337",2017-03-23 09:44:12,9.16,9.16,9.22,9.15,9.21,6885594,63257501
"338",2017-03-23 09:44:15,9.16,9.16,9.22,9.15,9.21,6887594,63275921
"339",2017-03-23 09:44:18,9.16,9.16,9.22,9.15,9.2,6889694,63295241
"340",2017-03-23 09:44:21,9.16,9.16,9.22,9.15,9.21,6892694,63322851
"341",2017-03-23 09:44:24,9.16,9.16,9.22,9.15,9.21,6905994,63445344
"342",2017-03-23 09:44:27,9.16,9.16,9.22,9.15,9.21,6905994,63445344
"343",2017-03-23 09:44:30,9.16,9.16,9.22,9.15,9.21,6918194,63557706
"344",2017-03-23 09:44:33,9.16,9.16,9.22,9.15,9.2,6921894,63591773
"345",2017-03-23 09:44:36,9.16,9.16,9.22,9.15,9.21,6922394,63596378
"346",2017-03-23 09:44:39,9.16,9.16,9.22,9.15,9.21,6922394,63596378
"347",2017-03-23 09:44:42,9.16,9.16,9.22,9.15,9.21,6924094,63612030
"348",2017-03-23 09:44:45,9.16,9.16,9.22,9.15,9.21,6926094,63630450
"349",2017-03-23 09:44:48,9.16,9.16,9.22,9.15,9.21,6927894,63647028
"350",2017-03-23 09:44:51,9.16,9.16,9.22,9.15,9.2,6927994,63647948
"351",2017-03-23 09:44:54,9.16,9.16,9.22,9.15,9.21,6935094,63713339
"352",2017-03-23 09:44:57,9.16,9.16,9.22,9.15,9.21,6935294,63715181
"353",2017-03-23 09:45:00,9.16,9.16,9.22,9.15,9.2,6975494,64085123
"354",2017-03-23 09:45:03,9.16,9.16,9.22,9.15,9.2,6975494,64085123
"355",2017-03-23 09:45:06,9.16,9.16,9.22,9.15,9.2,6975494,64085123
"356",2017-03-23 09:45:09,9.16,9.16,9.22,9.15,9.21,6977694,64105385
"357",2017-03-23 09:45:12,9.16,9.16,9.22,9.15,9.21,6983194,64156040
"358",2017-03-23 09:45:15,9.16,9.16,9.22,9.15,9.21,6988794,64207616
"359",2017-03-23 09:45:18,9.16,9.16,9.22,9.15,9.21,6994994,64264718
"360",2017-03-23 09:45:21,9.16,9.16,9.22,9.15,9.21,6995994,64273928
"361",2017-03-23 09:45:24,9.16,9.16,9.22,9.15,9.21,6996894,64282216
"362",2017-03-23 09:45:27,9.16,9.16,9.22,9.15,9.21,7009794,64401025
"363",2017-03-23 09:45:30,9.16,9.16,9.22,9.15,9.21,7014594,64445233
"364",2017-03-23 09:45:33,9.16,9.16,9.22,9.15,9.22,7414594,68130855
"365",2017-03-23 09:45:36,9.16,9.16,9.22,9.15,9.22,7414594,68130855
"366",2017-03-23 09:45:39,9.16,9.16,9.22,9.15,9.21,7418194,68163988
"367",2017-03-23 09:45:42,9.16,9.16,9.22,9.15,9.21,7418894,68170435
"368",2017-03-23 09:45:45,9.16,9.16,9.22,9.15,9.21,7419294,68174119
"369",2017-03-23 09:45:48,9.16,9.16,9.22,9.15,9.22,7424894,68225746
"370",2017-03-23 09:45:51,9.16,9.16,9.22,9.15,9.21,7424994,68226667
"371",2017-03-23 09:45:54,9.16,9.16,9.22,9.15,9.21,7424994,68226667
"372",2017-03-23 09:45:57,9.16,9.16,9.22,9.15,9.22,7427294,68247860
"373",2017-03-23 09:46:00,9.16,9.16,9.22,9.15,9.22,7427294,68247860
"374",2017-03-23 09:46:03,9.16,9.16,9.22,9.15,9.22,7478994,68724529
"375",2017-03-23 09:46:06,9.16,9.16,9.22,9.15,9.22,7501294,68930135
"376",2017-03-23 09:46:09,9.16,9.16,9.22,9.15,9.22,7504094,68955951
"377",2017-03-23 09:46:12,9.16,9.16,9.22,9.15,9.22,7505094,68965171
"378",2017-03-23 09:46:15,9.16,9.16,9.22,9.15,9.22,7515694,69062903
"379",2017-03-23 09:46:18,9.16,9.16,9.22,9.15,9.22,7520394,69106237
"380",2017-03-23 09:46:21,9.16,9.16,9.22,9.15,9.22,7525694,69155103
"381",2017-03-23 09:46:24,9.16,9.16,9.22,9.15,9.22,7526694,69164323
"382",2017-03-23 09:46:27,9.16,9.16,9.22,9.15,9.22,7528194,69178153
"383",2017-03-23 09:46:30,9.16,9.16,9.22,9.15,9.22,7529394,69189217
"384",2017-03-23 09:46:33,9.16,9.16,9.22,9.15,9.22,7530894,69203035
"385",2017-03-23 09:46:36,9.16,9.16,9.22,9.15,9.22,7533394,69226079
"386",2017-03-23 09:46:39,9.16,9.16,9.22,9.15,9.21,7601394,69852462
"387",2017-03-23 09:46:42,9.16,9.16,9.22,9.15,9.21,7601394,69852462
"388",2017-03-23 09:46:45,9.16,9.16,9.22,9.15,9.22,7602714,69864629
"389",2017-03-23 09:46:48,9.16,9.16,9.22,9.15,9.22,7603514,69872005
"390",2017-03-23 09:46:51,9.16,9.16,9.22,9.15,9.22,7605214,69887679
"391",2017-03-23 09:46:54,9.16,9.16,9.22,9.15,9.22,7605214,69887679
"392",2017-03-23 09:46:57,9.16,9.16,9.22,9.15,9.22,7606014,69895055
"393",2017-03-23 09:47:00,9.16,9.16,9.22,9.15,9.22,7609014,69922715
"394",2017-03-23 09:47:03,9.16,9.16,9.22,9.15,9.22,7609214,69924559
"395",2017-03-23 09:47:06,9.16,9.16,9.22,9.15,9.22,7610714,69938389
"396",2017-03-23 09:47:09,9.16,9.16,9.22,9.15,9.21,7623074,70052344
"397",2017-03-23 09:47:12,9.16,9.16,9.22,9.15,9.22,7624074,70061564
"398",2017-03-23 09:47:15,9.16,9.16,9.22,9.15,9.22,7624074,70061564
"399",2017-03-23 09:47:18,9.16,9.16,9.22,9.15,9.22,7626874,70087360
"400",2017-03-23 09:47:21,9.16,9.16,9.22,9.15,9.22,7638074,70190624
"401",2017-03-23 09:47:24,9.16,9.16,9.22,9.15,9.22,7643174,70237646
"402",2017-03-23 09:47:27,9.16,9.16,9.22,9.15,9.21,7652974,70327962
"403",2017-03-23 09:47:30,9.16,9.16,9.22,9.15,9.22,7653374,70331650
"404",2017-03-23 09:47:33,9.16,9.16,9.22,9.15,9.21,7661074,70402619
"405",2017-03-23 09:47:36,9.16,9.16,9.22,9.15,9.22,7661174,70403541
"406",2017-03-23 09:47:39,9.16,9.16,9.22,9.15,9.22,7661174,70403541
"407",2017-03-23 09:47:42,9.16,9.16,9.22,9.15,9.22,7661774,70409073
"408",2017-03-23 09:47:45,9.16,9.16,9.22,9.15,9.22,7661774,70409073
"409",2017-03-23 09:47:48,9.16,9.16,9.22,9.15,9.22,7753674,71256391
"410",2017-03-23 09:47:51,9.16,9.16,9.22,9.15,9.22,7754174,71261001
"411",2017-03-23 09:47:54,9.16,9.16,9.22,9.15,9.21,7758474,71300627
"412",2017-03-23 09:47:57,9.16,9.16,9.22,9.15,9.22,7760974,71323677
"413",2017-03-23 09:48:00,9.16,9.16,9.22,9.15,9.21,7764474,71355927
"414",2017-03-23 09:48:03,9.16,9.16,9.22,9.15,9.22,7774874,71451815
"415",2017-03-23 09:48:06,9.16,9.16,9.22,9.15,9.22,7776874,71470255
"416",2017-03-23 09:48:09,9.16,9.16,9.22,9.15,9.21,7786874,71562443
"417",2017-03-23 09:48:12,9.16,9.16,9.22,9.15,9.22,7787874,71571663
"418",2017-03-23 09:48:15,9.16,9.16,9.22,9.15,9.22,7787874,71571663
"419",2017-03-23 09:48:18,9.16,9.16,9.22,9.15,9.21,7789474,71586399
"420",2017-03-23 09:48:21,9.16,9.16,9.22,9.15,9.22,7789974,71591009
"421",2017-03-23 09:48:24,9.16,9.16,9.22,9.15,9.22,7792774,71616803
"422",2017-03-23 09:48:27,9.16,9.16,9.22,9.15,9.22,7792774,71616803
"423",2017-03-23 09:48:30,9.16,9.16,9.22,9.15,9.22,7802774,71709003
"424",2017-03-23 09:48:33,9.16,9.16,9.22,9.15,9.21,7803374,71714529
"425",2017-03-23 09:48:36,9.16,9.16,9.22,9.15,9.21,7803374,71714529
"426",2017-03-23 09:48:39,9.16,9.16,9.22,9.15,9.21,7812974,71802981
"427",2017-03-23 09:48:42,9.16,9.16,9.22,9.15,9.21,7818474,71853681
"428",2017-03-23 09:48:45,9.16,9.16,9.22,9.15,9.21,7818974,71858286
"429",2017-03-23 09:48:48,9.16,9.16,9.22,9.15,9.21,7818974,71858286
"430",2017-03-23 09:48:51,9.16,9.16,9.22,9.15,9.22,7823274,71897932
"431",2017-03-23 09:48:54,9.16,9.16,9.22,9.15,9.21,7955774,73119562
"432",2017-03-23 09:48:57,9.16,9.16,9.22,9.15,9.21,7965522,73209439
"433",2017-03-23 09:49:00,9.16,9.16,9.22,9.15,9.22,7967822,73230641
"434",2017-03-23 09:49:03,9.16,9.16,9.22,9.15,9.22,7973422,73282234
"435",2017-03-23 09:49:06,9.16,9.16,9.22,9.15,9.22,7999522,73522876
"436",2017-03-23 09:49:09,9.16,9.16,9.22,9.15,9.22,8267402,75992728
"437",2017-03-23 09:49:12,9.16,9.16,9.22,9.15,9.22,8273402,76048048
"438",2017-03-23 09:49:15,9.16,9.16,9.22,9.15,9.22,8275402,76066488
"439",2017-03-23 09:49:18,9.16,9.16,9.23,9.15,9.23,8282482,76131776
"440",2017-03-23 09:49:21,9.16,9.16,9.23,9.15,9.23,8288282,76185264
"441",2017-03-23 09:49:24,9.16,9.16,9.23,9.15,9.22,8291282,76212924
"442",2017-03-23 09:49:27,9.16,9.16,9.23,9.15,9.22,8363322,76877135
"443",2017-03-23 09:49:30,9.16,9.16,9.23,9.15,9.22,8365522,76897419
"444",2017-03-23 09:49:33,9.16,9.16,9.23,9.15,9.23,8373182,76968103
"445",2017-03-23 09:49:36,9.16,9.16,9.23,9.15,9.22,8383382,77062147
"446",2017-03-23 09:49:39,9.16,9.16,9.23,9.15,9.22,8386882,77094417
"447",2017-03-23 09:49:42,9.16,9.16,9.23,9.15,9.22,8400782,77222585
"448",2017-03-23 09:49:45,9.16,9.16,9.23,9.15,9.23,8419982,77399711
"449",2017-03-23 09:49:48,9.16,9.16,9.23,9.15,9.23,8464682,77811857
"450",2017-03-23 09:49:51,9.16,9.16,9.23,9.15,9.22,8470782,77868129
"451",2017-03-23 09:49:54,9.16,9.16,9.23,9.15,9.22,8501182,78148426
"452",2017-03-23 09:49:57,9.16,9.16,9.23,9.15,9.23,8505182,78185316
"453",2017-03-23 09:50:00,9.16,9.16,9.23,9.15,9.23,8532582,78437971
"454",2017-03-23 09:50:03,9.16,9.16,9.23,9.15,9.22,8540982,78515448
"455",2017-03-23 09:50:06,9.16,9.16,9.23,9.15,9.23,8541982,78524678
"456",2017-03-23 09:50:09,9.16,9.16,9.23,9.15,9.23,8552882,78625187
"457",2017-03-23 09:50:12,9.16,9.16,9.23,9.15,9.23,8555082,78645491
"458",2017-03-23 09:50:15,9.16,9.16,9.23,9.15,9.23,8564182,78729459
"459",2017-03-23 09:50:18,9.16,9.16,9.23,9.15,9.23,8579382,78869755
"460",2017-03-23 09:50:21,9.16,9.16,9.23,9.15,9.23,8581382,78888215
"461",2017-03-23 09:50:24,9.16,9.16,9.23,9.15,9.23,8616682,79213832
"462",2017-03-23 09:50:27,9.16,9.16,9.23,9.15,9.23,8617182,79218447
"463",2017-03-23 09:50:30,9.16,9.16,9.23,9.15,9.23,8620082,79245196
"464",2017-03-23 09:50:33,9.16,9.16,9.23,9.15,9.23,8625482,79295035
"465",2017-03-23 09:50:36,9.16,9.16,9.23,9.15,9.23,8631382,79349492
"466",2017-03-23 09:50:39,9.16,9.16,9.23,9.15,9.22,8638282,79413110
"467",2017-03-23 09:50:42,9.16,9.16,9.23,9.15,9.23,8639282,79422340
"468",2017-03-23 09:50:45,9.16,9.16,9.23,9.15,9.22,8640782,79436175
"469",2017-03-23 09:50:48,9.16,9.16,9.23,9.15,9.23,8668382,79690922
"470",2017-03-23 09:50:51,9.16,9.16,9.23,9.15,9.23,8669382,79700152
"471",2017-03-23 09:50:54,9.16,9.16,9.23,9.15,9.23,8675582,79757328
"472",2017-03-23 09:50:57,9.16,9.16,9.23,9.15,9.23,8675582,79757328
"473",2017-03-23 09:51:00,9.16,9.16,9.23,9.15,9.23,8676582,79766558
"474",2017-03-23 09:51:03,9.16,9.16,9.23,9.15,9.22,8680182,79799773
"475",2017-03-23 09:51:06,9.16,9.16,9.23,9.15,9.23,8690682,79896671
"476",2017-03-23 09:51:09,9.16,9.16,9.23,9.15,9.22,8695682,79942771
"477",2017-03-23 09:51:12,9.16,9.16,9.23,9.15,9.23,8698482,79968607
"478",2017-03-23 09:51:15,9.16,9.16,9.23,9.15,9.23,8710582,80080277
"479",2017-03-23 09:51:18,9.16,9.16,9.23,9.15,9.22,8711382,80087654
"480",2017-03-23 09:51:21,9.16,9.16,9.23,9.15,9.23,8729482,80254696
"481",2017-03-23 09:51:24,9.16,9.16,9.23,9.15,9.23,8730882,80267618
"482",2017-03-23 09:51:27,9.16,9.16,9.23,9.15,9.22,8735882,80313718
"483",2017-03-23 09:51:30,9.16,9.16,9.23,9.15,9.22,8737982,80333080
"484",2017-03-23 09:51:33,9.16,9.16,9.23,9.15,9.23,9293082,85456652
"485",2017-03-23 09:51:36,9.16,9.16,9.23,9.15,9.23,9299182,85512955
"486",2017-03-23 09:51:39,9.16,9.16,9.23,9.15,9.23,9299182,85512955
"487",2017-03-23 09:51:42,9.16,9.16,9.23,9.15,9.22,9300182,85522175
"488",2017-03-23 09:51:45,9.16,9.16,9.23,9.15,9.22,9307782,85592258
"489",2017-03-23 09:51:48,9.16,9.16,9.23,9.15,9.23,9312282,85633793
"490",2017-03-23 09:51:51,9.16,9.16,9.23,9.15,9.23,9314882,85657791
"491",2017-03-23 09:51:54,9.16,9.16,9.23,9.15,9.22,9319282,85698359
"492",2017-03-23 09:51:57,9.16,9.16,9.23,9.15,9.23,9320182,85706666
"493",2017-03-23 09:52:00,9.16,9.16,9.23,9.15,9.23,9321782,85721434
"494",2017-03-23 09:52:03,9.16,9.16,9.23,9.15,9.23,9328782,85786023
"495",2017-03-23 09:52:06,9.16,9.16,9.23,9.15,9.23,9334982,85843249
"496",2017-03-23 09:52:09,9.16,9.16,9.23,9.15,9.23,9335082,85844172
"497",2017-03-23 09:52:12,9.16,9.16,9.23,9.15,9.22,9337382,85865399
"498",2017-03-23 09:52:15,9.16,9.16,9.23,9.15,9.22,9377182,86232355
"499",2017-03-23 09:52:18,9.16,9.16,9.23,9.15,9.23,9377382,86234201
"500",2017-03-23 09:52:21,9.16,9.16,9.23,9.15,9.22,9381782,86274770
"501",2017-03-23 09:52:24,9.16,9.16,9.23,9.15,9.22,9383782,86293220
"502",2017-03-23 09:52:27,9.16,9.16,9.23,9.15,9.22,9407882,86515455
"503",2017-03-23 09:52:30,9.16,9.16,9.23,9.15,9.23,9412482,86557913
"504",2017-03-23 09:52:33,9.16,9.16,9.23,9.15,9.22,9414482,86576353
"505",2017-03-23 09:52:36,9.16,9.16,9.23,9.15,9.22,9424482,86668553
"506",2017-03-23 09:52:39,9.16,9.16,9.23,9.15,9.22,9425882,86681461
"507",2017-03-23 09:52:42,9.16,9.16,9.23,9.15,9.22,9435882,86773661
"508",2017-03-23 09:52:45,9.16,9.16,9.23,9.15,9.22,9435882,86773661
"509",2017-03-23 09:52:48,9.16,9.16,9.23,9.15,9.23,9438482,86797636
"510",2017-03-23 09:52:51,9.16,9.16,9.23,9.15,9.22,9446082,86867715
"511",2017-03-23 09:52:54,9.16,9.16,9.23,9.15,9.23,9447982,86885252
"512",2017-03-23 09:52:57,9.16,9.16,9.23,9.15,9.22,9467882,87068730
"513",2017-03-23 09:53:00,9.16,9.16,9.23,9.15,9.23,9479882,87179407
"514",2017-03-23 09:53:03,9.16,9.16,9.23,9.15,9.22,9486982,87244919
"515",2017-03-23 09:53:06,9.16,9.16,9.23,9.15,9.22,9486982,87244919
"516",2017-03-23 09:53:09,9.16,9.16,9.23,9.15,9.23,9488582,87259677
"517",2017-03-23 09:53:12,9.16,9.16,9.23,9.15,9.22,9492382,87294713
"518",2017-03-23 09:53:15,9.16,9.16,9.23,9.15,9.22,9492382,87294713
"519",2017-03-23 09:53:18,9.16,9.16,9.23,9.15,9.22,9492982,87300245
"520",2017-03-23 09:53:21,9.16,9.16,9.23,9.15,9.22,9501282,87376782
"521",2017-03-23 09:53:24,9.16,9.16,9.23,9.15,9.22,9502282,87386002
"522",2017-03-23 09:53:27,9.16,9.16,9.23,9.15,9.23,9567782,87990537
"523",2017-03-23 09:53:30,9.16,9.16,9.23,9.15,9.22,9578782,88091957
"524",2017-03-23 09:53:33,9.16,9.16,9.23,9.15,9.23,9586182,88160258
"525",2017-03-23 09:53:36,9.16,9.16,9.23,9.15,9.23,9586182,88160258
"526",2017-03-23 09:53:39,9.16,9.16,9.23,9.15,9.22,9599882,88286609
"527",2017-03-23 09:53:42,9.16,9.16,9.23,9.15,9.23,9600382,88291224
"528",2017-03-23 09:53:45,9.16,9.16,9.23,9.15,9.22,9605082,88334558
"529",2017-03-23 09:53:48,9.16,9.16,9.23,9.15,9.23,9611282,88391784
"530",2017-03-23 09:53:51,9.16,9.16,9.23,9.15,9.23,9635782,88617919
"531",2017-03-23 09:53:54,9.16,9.16,9.23,9.15,9.23,9640282,88659454
"532",2017-03-23 09:53:57,9.16,9.16,9.23,9.15,9.23,9640282,88659454
"533",2017-03-23 09:54:00,9.16,9.16,9.23,9.15,9.23,9646882,88720358
"534",2017-03-23 09:54:03,9.16,9.16,9.23,9.15,9.23,9646882,88720358
"535",2017-03-23 09:54:06,9.16,9.16,9.23,9.15,9.22,9647082,88722202
"536",2017-03-23 09:54:09,9.16,9.16,9.23,9.15,9.22,9647082,88722202
"537",2017-03-23 09:54:12,9.16,9.16,9.23,9.15,9.22,9655582,88800572
"538",2017-03-23 09:54:15,9.16,9.16,9.23,9.15,9.22,9657682,88819945
"539",2017-03-23 09:54:18,9.16,9.16,9.23,9.15,9.22,9660182,88842995
"540",2017-03-23 09:54:21,9.16,9.16,9.23,9.15,9.23,9661682,88856836
"541",2017-03-23 09:54:24,9.16,9.16,9.23,9.15,9.23,9666082,88897428
"542",2017-03-23 09:54:27,9.16,9.16,9.23,9.15,9.22,9677382,89001615
"543",2017-03-23 09:54:30,9.16,9.16,9.23,9.15,9.23,9686482,89085608
"544",2017-03-23 09:54:33,9.16,9.16,9.23,9.15,9.23,9686482,89085608
"545",2017-03-23 09:54:36,9.16,9.16,9.23,9.15,9.23,9686482,89085608
"546",2017-03-23 09:54:39,9.16,9.16,9.23,9.15,9.23,9688482,89104068
"547",2017-03-23 09:54:42,9.16,9.16,9.23,9.15,9.23,9689082,89109601
"548",2017-03-23 09:54:45,9.16,9.16,9.23,9.15,9.22,9694482,89159394
"549",2017-03-23 09:54:48,9.16,9.16,9.23,9.15,9.22,9696482,89177834
"550",2017-03-23 09:54:51,9.16,9.16,9.23,9.15,9.23,9697182,89184295
"551",2017-03-23 09:54:54,9.16,9.16,9.23,9.15,9.22,9711182,89313375
"552",2017-03-23 09:54:57,9.16,9.16,9.23,9.15,9.23,9713482,89334604
"553",2017-03-23 09:55:00,9.16,9.16,9.23,9.15,9.22,9715782,89355810
"554",2017-03-23 09:55:03,9.16,9.16,9.23,9.15,9.23,9717282,89369645
"555",2017-03-23 09:55:06,9.16,9.16,9.23,9.15,9.23,9725282,89443485
"556",2017-03-23 09:55:09,9.16,9.16,9.23,9.15,9.23,9739082,89570794
"557",2017-03-23 09:55:12,9.16,9.16,9.23,9.15,9.23,9739082,89570794
"558",2017-03-23 09:55:15,9.16,9.16,9.23,9.15,9.22,9740082,89580014
"559",2017-03-23 09:55:18,9.16,9.16,9.23,9.15,9.22,9740082,89580014
"560",2017-03-23 09:55:21,9.16,9.16,9.23,9.15,9.23,9741982,89597551
"561",2017-03-23 09:55:24,9.16,9.16,9.23,9.15,9.22,9754482,89712851
"562",2017-03-23 09:55:27,9.16,9.16,9.23,9.15,9.22,9755082,89718383
"563",2017-03-23 09:55:30,9.16,9.16,9.23,9.15,9.23,9756982,89735920
"564",2017-03-23 09:55:33,9.16,9.16,9.23,9.15,9.22,9757011,89736187
"565",2017-03-23 09:55:36,9.16,9.16,9.23,9.15,9.22,9757011,89736187
"566",2017-03-23 09:55:39,9.16,9.16,9.23,9.15,9.22,9758011,89745407
"567",2017-03-23 09:55:42,9.16,9.16,9.23,9.15,9.22,9765211,89811791
"568",2017-03-23 09:55:45,9.16,9.16,9.23,9.15,9.22,9791511,90054277
"569",2017-03-23 09:55:48,9.16,9.16,9.23,9.15,9.22,9793511,90072717
"570",2017-03-23 09:55:51,9.16,9.16,9.23,9.15,9.22,9807811,90204571
"571",2017-03-23 09:55:54,9.16,9.16,9.23,9.15,9.23,9809211,90217483
"572",2017-03-23 09:55:57,9.16,9.16,9.23,9.15,9.22,9811611,90239613
"573",2017-03-23 09:56:00,9.16,9.16,9.23,9.15,9.22,9830311,90412027
"574",2017-03-23 09:56:03,9.16,9.16,9.23,9.15,9.22,9835311,90458127
"575",2017-03-23 09:56:06,9.16,9.16,9.23,9.15,9.22,9861111,90696058
"576",2017-03-23 09:56:09,9.16,9.16,9.23,9.15,9.23,9862211,90706211
"577",2017-03-23 09:56:12,9.16,9.16,9.23,9.15,9.23,9862311,90707134
"578",2017-03-23 09:56:15,9.16,9.16,9.23,9.15,9.22,9873811,90813165
"579",2017-03-23 09:56:18,9.16,9.16,9.23,9.15,9.23,9924211,91277857
"580",2017-03-23 09:56:21,9.16,9.16,9.23,9.15,9.22,9932211,91351617
"581",2017-03-23 09:56:24,9.16,9.16,9.23,9.15,9.22,9932811,91357149
"582",2017-03-23 09:56:27,9.16,9.16,9.23,9.15,9.22,9932811,91357149
"583",2017-03-23 09:56:30,9.16,9.16,9.23,9.15,9.23,9935811,91384839
"584",2017-03-23 09:56:33,9.16,9.16,9.23,9.15,9.22,9969111,91691865
"585",2017-03-23 09:56:36,9.16,9.16,9.23,9.15,9.22,9978911,91782221
"586",2017-03-23 09:56:39,9.16,9.16,9.23,9.15,9.22,9982111,91811725
"587",2017-03-23 09:56:42,9.16,9.16,9.23,9.15,9.22,9982111,91811725
"588",2017-03-23 09:56:45,9.16,9.16,9.23,9.15,9.22,9992311,91905789
"589",2017-03-23 09:56:48,9.16,9.16,9.23,9.15,9.22,10006111,92033025
"590",2017-03-23 09:56:51,9.16,9.16,9.23,9.15,9.23,10015811,92122526
"591",2017-03-23 09:56:54,9.16,9.16,9.23,9.15,9.22,10079711,92711684
"592",2017-03-23 09:56:57,9.16,9.16,9.23,9.15,9.23,10083011,92742113
"593",2017-03-23 09:57:00,9.16,9.16,9.23,9.15,9.22,10092911,92833401
"594",2017-03-23 09:57:03,9.16,9.16,9.23,9.15,9.22,10187911,93709301
"595",2017-03-23 09:57:06,9.16,9.16,9.23,9.15,9.23,10194511,93770219
"596",2017-03-23 09:57:09,9.16,9.16,9.23,9.15,9.22,10199511,93816319
"597",2017-03-23 09:57:12,9.16,9.16,9.23,9.15,9.22,10202311,93842135
"598",2017-03-23 09:57:15,9.16,9.16,9.23,9.15,9.22,10229911,94096637
"599",2017-03-23 09:57:18,9.16,9.16,9.23,9.15,9.22,10237411,94165787
"600",2017-03-23 09:57:21,9.16,9.16,9.23,9.15,9.22,10242411,94211887
"601",2017-03-23 09:57:24,9.16,9.16,9.23,9.15,9.22,10243411,94221107
"602",2017-03-23 09:57:27,9.16,9.16,9.23,9.15,9.22,10257911,94354797
"603",2017-03-23 09:57:30,9.16,9.16,9.23,9.15,9.22,10286451,94617936
"604",2017-03-23 09:57:33,9.16,9.16,9.23,9.15,9.22,10339751,95109362
"605",2017-03-23 09:57:36,9.16,9.16,9.23,9.15,9.22,10361551,95310360
"606",2017-03-23 09:57:39,9.16,9.16,9.23,9.15,9.22,10427351,95917054
"607",2017-03-23 09:57:42,9.16,9.16,9.23,9.15,9.23,10429451,95936420
"608",2017-03-23 09:57:45,9.16,9.16,9.23,9.15,9.22,10435551,95992662
"609",2017-03-23 09:57:48,9.16,9.16,9.23,9.15,9.22,10436051,95997272
"610",2017-03-23 09:57:51,9.16,9.16,9.23,9.15,9.22,10456051,96181672
"611",2017-03-23 09:57:54,9.16,9.16,9.23,9.15,9.22,10456651,96187204
"612",2017-03-23 09:57:57,9.16,9.16,9.23,9.15,9.22,10457651,96196424
"613",2017-03-23 09:58:00,9.16,9.16,9.23,9.15,9.22,10483751,96437066
"614",2017-03-23 09:58:03,9.16,9.16,9.23,9.15,9.22,10486751,96464726
"615",2017-03-23 09:58:06,9.16,9.16,9.23,9.15,9.22,10586951,97388572
"616",2017-03-23 09:58:09,9.16,9.16,9.23,9.15,9.22,10586951,97388572
"617",2017-03-23 09:58:12,9.16,9.16,9.23,9.15,9.22,10620651,97699297
"618",2017-03-23 09:58:15,9.16,9.16,9.23,9.15,9.22,10653151,97998977
"619",2017-03-23 09:58:18,9.16,9.16,9.23,9.15,9.22,10669551,98150185
"620",2017-03-23 09:58:21,9.16,9.16,9.23,9.15,9.22,10684351,98286641
"621",2017-03-23 09:58:24,9.16,9.16,9.23,9.15,9.23,10688651,98326288
"622",2017-03-23 09:58:27,9.16,9.16,9.23,9.15,9.22,10798122,99335611
"623",2017-03-23 09:58:30,9.16,9.16,9.23,9.15,9.22,10800222,99354973
"624",2017-03-23 09:58:33,9.16,9.16,9.23,9.15,9.22,10810222,99447173
"625",2017-03-23 09:58:36,9.16,9.16,9.23,9.15,9.21,10814122,99483092
"626",2017-03-23 09:58:39,9.16,9.16,9.23,9.15,9.22,10814622,99487702
"627",2017-03-23 09:58:42,9.16,9.16,9.23,9.15,9.22,10814622,99487702
"628",2017-03-23 09:58:45,9.16,9.16,9.23,9.15,9.21,10818922,99527305
"629",2017-03-23 09:58:48,9.16,9.16,9.23,9.15,9.22,10819922,99536525
"630",2017-03-23 09:58:51,9.16,9.16,9.23,9.15,9.22,10822822,99563240
"631",2017-03-23 09:58:54,9.16,9.16,9.23,9.15,9.21,10824622,99579818
"632",2017-03-23 09:58:57,9.16,9.16,9.23,9.15,9.21,10828522,99615737
"633",2017-03-23 09:59:00,9.16,9.16,9.23,9.15,9.21,10846722,99783359
"634",2017-03-23 09:59:03,9.16,9.16,9.23,9.15,9.22,10847322,99788891
"635",2017-03-23 09:59:06,9.16,9.16,9.23,9.15,9.21,10849622,99810096
"636",2017-03-23 09:59:09,9.16,9.16,9.23,9.15,9.21,10849622,99810096
"637",2017-03-23 09:59:12,9.16,9.16,9.23,9.15,9.22,10852522,99836806
"638",2017-03-23 09:59:15,9.16,9.16,9.23,9.15,9.21,10859122,99897657
"639",2017-03-23 09:59:18,9.16,9.16,9.23,9.15,9.21,10885722,100142643
"640",2017-03-23 09:59:21,9.16,9.16,9.23,9.15,9.21,10885722,100142643
"641",2017-03-23 09:59:24,9.16,9.16,9.23,9.15,9.22,10890722,100188743
"642",2017-03-23 09:59:27,9.16,9.16,9.23,9.15,9.21,10892222,100202558
"643",2017-03-23 09:59:30,9.16,9.16,9.23,9.15,9.22,10895922,100236665
"644",2017-03-23 09:59:33,9.16,9.16,9.23,9.15,9.21,10900922,100282715
"645",2017-03-23 09:59:36,9.16,9.16,9.23,9.15,9.21,10908622,100353632
"646",2017-03-23 09:59:39,9.16,9.16,9.23,9.15,9.21,10908622,100353632
"647",2017-03-23 09:59:42,9.16,9.16,9.23,9.15,9.21,10920322,100461389
"648",2017-03-23 09:59:45,9.16,9.16,9.23,9.15,9.22,10921322,100470609
"649",2017-03-23 09:59:48,9.16,9.16,9.23,9.15,9.22,10921322,100470609
"650",2017-03-23 09:59:51,9.16,9.16,9.23,9.15,9.21,10923622,100491792
"651",2017-03-23 09:59:54,9.16,9.16,9.23,9.15,9.21,10923622,100491792
"652",2017-03-23 09:59:57,9.16,9.16,9.23,9.15,9.21,10924722,100501923
"653",2017-03-23 10:00:00,9.16,9.16,9.23,9.15,9.21,10926122,100514826
"654",2017-03-23 10:00:03,9.16,9.16,9.23,9.15,9.21,10926122,100514826
"655",2017-03-23 10:00:06,9.16,9.16,9.23,9.15,9.21,10926122,100514826
"656",2017-03-23 10:00:09,9.16,9.16,9.23,9.15,9.21,10926122,100514826
"657",2017-03-23 10:00:12,9.16,9.16,9.23,9.15,9.22,10929622,100547096
"658",2017-03-23 10:00:15,9.16,9.16,9.23,9.15,9.21,10939222,100635512
"659",2017-03-23 10:00:18,9.16,9.16,9.23,9.15,9.21,10943122,100671434
"660",2017-03-23 10:00:21,9.16,9.16,9.23,9.15,9.22,10945122,100689874
"661",2017-03-23 10:00:24,9.16,9.16,9.23,9.15,9.21,11047822,101636766
"662",2017-03-23 10:00:27,9.16,9.16,9.23,9.15,9.21,11060822,101756621
"663",2017-03-23 10:00:30,9.16,9.16,9.23,9.15,9.21,11060822,101756621
"664",2017-03-23 10:00:33,9.16,9.16,9.23,9.15,9.22,11061222,101760309
"665",2017-03-23 10:00:36,9.16,9.16,9.23,9.15,9.22,11078022,101915205
"666",2017-03-23 10:00:39,9.16,9.16,9.23,9.15,9.22,11081522,101947475
"667",2017-03-23 10:00:42,9.16,9.16,9.23,9.15,9.22,11082622,101957617
"668",2017-03-23 10:00:45,9.16,9.16,9.23,9.15,9.22,11082622,101957617
"669",2017-03-23 10:00:48,9.16,9.16,9.23,9.15,9.22,11082622,101957617
"670",2017-03-23 10:00:51,9.16,9.16,9.23,9.15,9.22,11086922,101997263
"671",2017-03-23 10:00:54,9.16,9.16,9.23,9.15,9.22,11092922,102052583
"672",2017-03-23 10:00:57,9.16,9.16,9.23,9.15,9.22,11092922,102052583
"673",2017-03-23 10:01:00,9.16,9.16,9.23,9.15,9.21,11117922,102282833
"674",2017-03-23 10:01:03,9.16,9.16,9.23,9.15,9.22,11123422,102333493
"675",2017-03-23 10:01:06,9.16,9.16,9.23,9.15,9.22,11128422,102379593
"676",2017-03-23 10:01:09,9.16,9.16,9.23,9.15,9.22,11161522,102684506
"677",2017-03-23 10:01:12,9.16,9.16,9.23,9.15,9.22,11171722,102778548
"678",2017-03-23 10:01:15,9.16,9.16,9.23,9.15,9.21,11173222,102792373
"679",2017-03-23 10:01:18,9.16,9.16,9.23,9.15,9.22,11175722,102815423
"680",2017-03-23 10:01:21,9.16,9.16,9.23,9.15,9.22,11177222,102829253
"681",2017-03-23 10:01:24,9.16,9.16,9.23,9.15,9.22,11177222,102829253
"682",2017-03-23 10:01:27,9.16,9.16,9.23,9.15,9.21,11201122,103049372
"683",2017-03-23 10:01:30,9.16,9.16,9.23,9.15,9.22,11217122,103196842
"684",2017-03-23 10:01:33,9.16,9.16,9.23,9.15,9.22,11217122,103196842
"685",2017-03-23 10:01:36,9.16,9.16,9.23,9.15,9.22,11234422,103356348
"686",2017-03-23 10:01:39,9.16,9.16,9.23,9.15,9.22,11246622,103468711
"687",2017-03-23 10:01:42,9.16,9.16,9.23,9.15,9.21,11246722,103469632
"688",2017-03-23 10:01:45,9.16,9.16,9.23,9.15,9.21,11246722,103469632
"689",2017-03-23 10:01:48,9.16,9.16,9.23,9.15,9.22,11250722,103506477
"690",2017-03-23 10:01:51,9.16,9.16,9.23,9.15,9.21,11281722,103792132
"691",2017-03-23 10:01:54,9.16,9.16,9.23,9.15,9.21,11281722,103792132
"692",2017-03-23 10:01:57,9.16,9.16,9.23,9.15,9.21,11281722,103792132
"693",2017-03-23 10:02:00,9.16,9.16,9.23,9.15,9.21,11281722,103792132
"694",2017-03-23 10:02:03,9.16,9.16,9.23,9.15,9.21,11281722,103792132
"695",2017-03-23 10:02:06,9.16,9.16,9.23,9.15,9.21,11289922,103867654
"696",2017-03-23 10:02:09,9.16,9.16,9.23,9.15,9.22,11299522,103956086
"697",2017-03-23 10:02:12,9.16,9.16,9.23,9.15,9.22,11302522,103983746
"698",2017-03-23 10:02:15,9.16,9.16,9.23,9.15,9.21,11314422,104093373
"699",2017-03-23 10:02:18,9.16,9.16,9.23,9.15,9.21,11320122,104145870
"700",2017-03-23 10:02:21,9.16,9.16,9.23,9.15,9.21,11338122,104311750
"701",2017-03-23 10:02:24,9.16,9.16,9.23,9.15,9.22,11355922,104475864
"702",2017-03-23 10:02:27,9.16,9.16,9.23,9.15,9.22,11356022,104476786
"703",2017-03-23 10:02:30,9.16,9.16,9.23,9.15,9.22,11356022,104476786
"704",2017-03-23 10:02:33,9.16,9.16,9.23,9.15,9.22,11357022,104486006
"705",2017-03-23 10:02:36,9.16,9.16,9.23,9.15,9.22,11358822,104502602
"706",2017-03-23 10:02:39,9.16,9.16,9.23,9.15,9.21,11359422,104508130
"707",2017-03-23 10:02:42,9.16,9.16,9.23,9.15,9.22,11369922,104604940
"708",2017-03-23 10:02:45,9.16,9.16,9.23,9.15,9.22,11374922,104651040
"709",2017-03-23 10:02:48,9.16,9.16,9.23,9.15,9.22,11374922,104651040
"710",2017-03-23 10:02:51,9.16,9.16,9.23,9.15,9.22,11374922,104651040
"711",2017-03-23 10:02:54,9.16,9.16,9.23,9.15,9.22,11374922,104651040
"712",2017-03-23 10:02:57,9.16,9.16,9.23,9.15,9.21,11375122,104652882
"713",2017-03-23 10:03:00,9.16,9.16,9.23,9.15,9.22,11375222,104653804
"714",2017-03-23 10:03:03,9.16,9.16,9.23,9.15,9.21,11387522,104767087
"715",2017-03-23 10:03:06,9.16,9.16,9.23,9.15,9.22,12083822,111186973
"716",2017-03-23 10:03:09,9.16,9.16,9.23,9.15,9.22,12120351,111523770
"717",2017-03-23 10:03:12,9.16,9.16,9.23,9.15,9.23,12174551,112024036
"718",2017-03-23 10:03:15,9.16,9.16,9.23,9.15,9.22,12176251,112039710
"719",2017-03-23 10:03:18,9.16,9.16,9.23,9.15,9.22,12176251,112039710
"720",2017-03-23 10:03:21,9.16,9.16,9.23,9.15,9.22,12176251,112039710
"721",2017-03-23 10:03:24,9.16,9.16,9.23,9.15,9.23,12177551,112051706
"722",2017-03-23 10:03:27,9.16,9.16,9.23,9.15,9.22,12180351,112077522
"723",2017-03-23 10:03:30,9.16,9.16,9.23,9.15,9.22,12180351,112077522
"724",2017-03-23 10:03:33,9.16,9.16,9.23,9.15,9.22,12180851,112082132
"725",2017-03-23 10:03:36,9.16,9.16,9.23,9.15,9.22,12181651,112089508
"726",2017-03-23 10:03:39,9.16,9.16,9.23,9.15,9.22,12182651,112098728
"727",2017-03-23 10:03:42,9.16,9.16,9.23,9.15,9.22,12183651,112107948
"728",2017-03-23 10:03:45,9.16,9.16,9.23,9.15,9.22,12183651,112107948
"729",2017-03-23 10:03:48,9.16,9.16,9.23,9.15,9.23,12184051,112111640
"730",2017-03-23 10:03:51,9.16,9.16,9.23,9.15,9.22,12186651,112135612
"731",2017-03-23 10:03:54,9.16,9.16,9.23,9.15,9.22,12188751,112154974
"732",2017-03-23 10:03:57,9.16,9.16,9.23,9.15,9.22,12188751,112154974
"733",2017-03-23 10:04:00,9.16,9.16,9.23,9.15,9.23,12246251,112685132
"734",2017-03-23 10:04:03,9.16,9.16,9.23,9.15,9.22,12269451,112899038
"735",2017-03-23 10:04:06,9.16,9.16,9.23,9.15,9.22,12291751,113104854
"736",2017-03-23 10:04:09,9.16,9.16,9.23,9.15,9.22,12472951,114777295
"737",2017-03-23 10:04:12,9.16,9.16,9.23,9.15,9.22,12473951,114786515
"738",2017-03-23 10:04:15,9.16,9.16,9.23,9.15,9.23,12495051,114981268
"739",2017-03-23 10:04:18,9.16,9.16,9.23,9.15,9.22,12501351,115039366
"740",2017-03-23 10:04:21,9.16,9.16,9.23,9.15,9.22,12501551,115041210
"741",2017-03-23 10:04:24,9.16,9.16,9.23,9.15,9.22,12501551,115041210
"742",2017-03-23 10:04:27,9.16,9.16,9.23,9.15,9.23,12512651,115143553
"743",2017-03-23 10:04:30,9.16,9.16,9.23,9.15,9.23,12512651,115143553
"744",2017-03-23 10:04:33,9.16,9.16,9.23,9.15,9.23,12514851,115163853
"745",2017-03-23 10:04:36,9.16,9.16,9.23,9.15,9.23,12516851,115182313
"746",2017-03-23 10:04:39,9.16,9.16,9.23,9.15,9.23,12517351,115186928
"747",2017-03-23 10:04:42,9.16,9.16,9.23,9.15,9.22,12521151,115221994
"748",2017-03-23 10:04:45,9.16,9.16,9.23,9.15,9.22,12521151,115221994
"749",2017-03-23 10:04:48,9.16,9.16,9.23,9.15,9.22,12542651,115420224
"750",2017-03-23 10:04:51,9.16,9.16,9.23,9.15,9.22,12542651,115420224
"751",2017-03-23 10:04:54,9.16,9.16,9.23,9.15,9.23,12543151,115424839
"752",2017-03-23 10:04:57,9.16,9.16,9.23,9.15,9.23,12546351,115454375
"753",2017-03-23 10:05:00,9.16,9.16,9.23,9.15,9.23,12546351,115454375
"754",2017-03-23 10:05:03,9.16,9.16,9.23,9.15,9.23,12551551,115502371
"755",2017-03-23 10:05:06,9.16,9.16,9.23,9.15,9.22,12553551,115520811
"756",2017-03-23 10:05:09,9.16,9.16,9.23,9.15,9.22,12553551,115520811
"757",2017-03-23 10:05:12,9.16,9.16,9.23,9.15,9.22,12553551,115520811
"758",2017-03-23 10:05:15,9.16,9.16,9.23,9.15,9.22,12553851,115523577
"759",2017-03-23 10:05:18,9.16,9.16,9.23,9.15,9.22,12555851,115542017
"760",2017-03-23 10:05:21,9.16,9.16,9.23,9.15,9.22,12555851,115542017
"761",2017-03-23 10:05:24,9.16,9.16,9.23,9.15,9.22,12555851,115542017
"762",2017-03-23 10:05:27,9.16,9.16,9.23,9.15,9.22,12556451,115547549
"763",2017-03-23 10:05:30,9.16,9.16,9.23,9.15,9.22,12556451,115547549
"764",2017-03-23 10:05:33,9.16,9.16,9.23,9.15,9.23,12558051,115562317
"765",2017-03-23 10:05:36,9.16,9.16,9.23,9.15,9.23,12558051,115562317
"766",2017-03-23 10:05:39,9.16,9.16,9.23,9.15,9.23,12558051,115562317
"767",2017-03-23 10:05:42,9.16,9.16,9.23,9.15,9.23,12560151,115581700
"768",2017-03-23 10:05:45,9.16,9.16,9.23,9.15,9.23,12560151,115581700
"769",2017-03-23 10:05:48,9.16,9.16,9.23,9.15,9.23,12560151,115581700
"770",2017-03-23 10:05:51,9.16,9.16,9.23,9.15,9.22,12562151,115600140
"771",2017-03-23 10:05:54,9.16,9.16,9.23,9.15,9.23,12562951,115607524
"772",2017-03-23 10:05:57,9.16,9.16,9.23,9.15,9.23,12566751,115642593
"773",2017-03-23 10:06:00,9.16,9.16,9.23,9.15,9.23,12566751,115642593
"774",2017-03-23 10:06:03,9.16,9.16,9.23,9.15,9.22,12569251,115665643
"775",2017-03-23 10:06:06,9.16,9.16,9.23,9.15,9.23,12576751,115734858
"776",2017-03-23 10:06:09,9.16,9.16,9.23,9.15,9.23,12577951,115745934
"777",2017-03-23 10:06:12,9.16,9.16,9.23,9.15,9.23,12578451,115750549
"778",2017-03-23 10:06:15,9.16,9.16,9.23,9.15,9.23,12580851,115772701
"779",2017-03-23 10:06:18,9.16,9.16,9.23,9.15,9.23,12580851,115772701
"780",2017-03-23 10:06:21,9.16,9.16,9.23,9.15,9.23,12580851,115772701
"781",2017-03-23 10:06:24,9.16,9.16,9.23,9.15,9.23,12580851,115772701
"782",2017-03-23 10:06:27,9.16,9.16,9.23,9.15,9.22,12608451,116027180
"783",2017-03-23 10:06:30,9.16,9.16,9.23,9.15,9.22,12608451,116027180
"784",2017-03-23 10:06:33,9.16,9.16,9.23,9.15,9.22,12622051,116152702
"785",2017-03-23 10:06:36,9.16,9.16,9.23,9.15,9.23,12623051,116161932
"786",2017-03-23 10:06:39,9.16,9.16,9.23,9.15,9.22,12623951,116170230
"787",2017-03-23 10:06:42,9.16,9.16,9.23,9.15,9.22,12623951,116170230
"788",2017-03-23 10:06:45,9.16,9.16,9.23,9.15,9.22,12627151,116199745
"789",2017-03-23 10:06:48,9.16,9.16,9.23,9.15,9.23,12628151,116208975
"790",2017-03-23 10:06:51,9.16,9.16,9.23,9.15,9.23,12628151,116208975
"791",2017-03-23 10:06:54,9.16,9.16,9.23,9.15,9.23,12633551,116258817
"792",2017-03-23 10:06:57,9.16,9.16,9.23,9.15,9.23,12633551,116258817
"793",2017-03-23 10:07:00,9.16,9.16,9.23,9.15,9.22,12642651,116342757
"794",2017-03-23 10:07:03,9.16,9.16,9.23,9.15,9.22,12642651,116342757
"795",2017-03-23 10:07:06,9.16,9.16,9.23,9.15,9.23,12648451,116396291
"796",2017-03-23 10:07:09,9.16,9.16,9.23,9.15,9.23,12649051,116401829
"797",2017-03-23 10:07:12,9.16,9.16,9.23,9.15,9.23,12649051,116401829
"798",2017-03-23 10:07:15,9.16,9.16,9.23,9.15,9.22,12649951,116410127
"799",2017-03-23 10:07:18,9.16,9.16,9.23,9.15,9.22,12649951,116410127
"800",2017-03-23 10:07:21,9.16,9.16,9.23,9.15,9.22,12649951,116410127
"801",2017-03-23 10:07:24,9.16,9.16,9.23,9.15,9.22,12654951,116456227
"802",2017-03-23 10:07:27,9.16,9.16,9.23,9.15,9.22,12656351,116469135
"803",2017-03-23 10:07:30,9.16,9.16,9.23,9.15,9.22,12657651,116481126
"804",2017-03-23 10:07:33,9.16,9.16,9.23,9.15,9.23,12662651,116527276
"805",2017-03-23 10:07:36,9.16,9.16,9.23,9.15,9.23,12662651,116527276
"806",2017-03-23 10:07:39,9.16,9.16,9.23,9.15,9.23,12662651,116527276
"807",2017-03-23 10:07:42,9.16,9.16,9.23,9.15,9.23,12690551,116784733
"808",2017-03-23 10:07:45,9.16,9.16,9.23,9.15,9.23,12690551,116784733
"809",2017-03-23 10:07:48,9.16,9.16,9.23,9.15,9.23,12691551,116793963
"810",2017-03-23 10:07:51,9.16,9.16,9.23,9.15,9.23,12697051,116844728
"811",2017-03-23 10:07:54,9.16,9.16,9.23,9.15,9.23,12697051,116844728
"812",2017-03-23 10:07:57,9.16,9.16,9.23,9.15,9.23,12698051,116853958
"813",2017-03-23 10:08:00,9.16,9.16,9.23,9.15,9.23,12709951,116963795
"814",2017-03-23 10:08:03,9.16,9.16,9.23,9.15,9.23,12709951,116963795
"815",2017-03-23 10:08:06,9.16,9.16,9.23,9.15,9.23,12715451,117014560
"816",2017-03-23 10:08:09,9.16,9.16,9.23,9.15,9.23,12715951,117019175
"817",2017-03-23 10:08:12,9.16,9.16,9.23,9.15,9.23,12716551,117024713
"818",2017-03-23 10:08:15,9.16,9.16,9.23,9.15,9.23,12716551,117024713
"819",2017-03-23 10:08:18,9.16,9.16,9.23,9.15,9.23,12733251,117178854
"820",2017-03-23 10:08:21,9.16,9.16,9.23,9.15,9.23,12742251,117261924
"821",2017-03-23 10:08:24,9.16,9.16,9.23,9.15,9.23,12743451,117273000
"822",2017-03-23 10:08:27,9.16,9.16,9.23,9.15,9.23,12760451,117429910
"823",2017-03-23 10:08:30,9.16,9.16,9.23,9.15,9.23,12765451,117476060
"824",2017-03-23 10:08:33,9.16,9.16,9.23,9.15,9.23,12777551,117587743
"825",2017-03-23 10:08:36,9.16,9.16,9.23,9.15,9.23,12777551,117587743
"826",2017-03-23 10:08:39,9.16,9.16,9.23,9.15,9.23,12778151,117593281
"827",2017-03-23 10:08:42,9.16,9.16,9.23,9.15,9.23,12778251,117594204
"828",2017-03-23 10:08:45,9.16,9.16,9.23,9.15,9.23,12778251,117594204
"829",2017-03-23 10:08:48,9.16,9.16,9.23,9.15,9.23,12790151,117704041
"830",2017-03-23 10:08:51,9.16,9.16,9.23,9.15,9.23,12796851,117765877
"831",2017-03-23 10:08:54,9.16,9.16,9.23,9.15,9.22,12821051,117989055
"832",2017-03-23 10:08:57,9.16,9.16,9.23,9.15,9.23,12829951,118071202
"833",2017-03-23 10:09:00,9.16,9.16,9.23,9.15,9.22,12830351,118074890
"834",2017-03-23 10:09:03,9.16,9.16,9.23,9.15,9.23,12831051,118081348
"835",2017-03-23 10:09:06,9.16,9.16,9.23,9.15,9.23,12846551,118224402
"836",2017-03-23 10:09:09,9.16,9.16,9.23,9.15,9.23,12846551,118224402
"837",2017-03-23 10:09:12,9.16,9.16,9.23,9.15,9.23,12847151,118229940
"838",2017-03-23 10:09:15,9.16,9.16,9.23,9.15,9.22,12897151,118690940
"839",2017-03-23 10:09:18,9.16,9.16,9.23,9.15,9.22,12897151,118690940
"840",2017-03-23 10:09:21,9.16,9.16,9.23,9.15,9.22,12897151,118690940
"841",2017-03-23 10:09:24,9.16,9.16,9.23,9.15,9.23,12897851,118697401
"842",2017-03-23 10:09:27,9.16,9.16,9.23,9.15,9.23,12897951,118698324
"843",2017-03-23 10:09:30,9.16,9.16,9.23,9.15,9.22,12902890,118743862
"844",2017-03-23 10:09:33,9.16,9.16,9.23,9.15,9.22,12903890,118753082
"845",2017-03-23 10:09:36,9.16,9.16,9.23,9.15,9.22,12903890,118753082
"846",2017-03-23 10:09:39,9.16,9.16,9.23,9.15,9.23,12907690,118788156
"847",2017-03-23 10:09:42,9.16,9.16,9.23,9.15,9.23,12917490,118878590
"848",2017-03-23 10:09:45,9.16,9.16,9.23,9.15,9.23,12937790,119065958
"849",2017-03-23 10:09:48,9.16,9.16,9.23,9.15,9.23,12938690,119074265
"850",2017-03-23 10:09:51,9.16,9.16,9.23,9.15,9.22,12952890,119205204
"851",2017-03-23 10:09:54,9.16,9.16,9.23,9.15,9.22,12966590,119331595
"852",2017-03-23 10:09:57,9.16,9.16,9.23,9.15,9.22,12970690,119369397
"853",2017-03-23 10:10:00,9.16,9.16,9.23,9.15,9.23,12985190,119503117
"854",2017-03-23 10:10:03,9.16,9.16,9.23,9.15,9.22,12987190,119521557
"855",2017-03-23 10:10:06,9.16,9.16,9.23,9.15,9.23,12994190,119586167
"856",2017-03-23 10:10:09,9.16,9.16,9.23,9.15,9.23,12994690,119590782
"857",2017-03-23 10:10:12,9.16,9.16,9.23,9.15,9.23,13003490,119671996
"858",2017-03-23 10:10:15,9.16,9.16,9.23,9.15,9.23,13003490,119671996
"859",2017-03-23 10:10:18,9.16,9.16,9.23,9.15,9.23,13008990,119722761
"860",2017-03-23 10:10:21,9.16,9.16,9.23,9.15,9.22,13012190,119752287
"861",2017-03-23 10:10:24,9.16,9.16,9.23,9.15,9.23,13012790,119757825
"862",2017-03-23 10:10:27,9.16,9.16,9.23,9.15,9.22,13112790,120679825
"863",2017-03-23 10:10:30,9.16,9.16,9.23,9.15,9.22,13112790,120679825
"864",2017-03-23 10:10:33,9.16,9.16,9.23,9.15,9.22,13114090,120691814
"865",2017-03-23 10:10:36,9.16,9.16,9.23,9.15,9.23,13128690,120826476
"866",2017-03-23 10:10:39,9.16,9.16,9.23,9.15,9.23,13134190,120877241
"867",2017-03-23 10:10:42,9.16,9.16,9.23,9.15,9.23,13134190,120877241
"868",2017-03-23 10:10:45,9.16,9.16,9.23,9.15,9.23,13135190,120886469
"869",2017-03-23 10:10:48,9.16,9.16,9.23,9.15,9.23,13135190,120886469
"870",2017-03-23 10:10:51,9.16,9.16,9.23,9.15,9.22,13138190,120914129
"871",2017-03-23 10:10:54,9.16,9.16,9.23,9.15,9.23,13144590,120973201
"872",2017-03-23 10:10:57,9.16,9.16,9.23,9.15,9.22,13145590,120982421
"873",2017-03-23 10:11:00,9.16,9.16,9.23,9.15,9.23,13147390,120999035
"874",2017-03-23 10:11:03,9.16,9.16,9.23,9.15,9.23,13147390,120999035
"875",2017-03-23 10:11:06,9.16,9.16,9.23,9.15,9.23,13152790,121048877
"876",2017-03-23 10:11:09,9.16,9.16,9.23,9.15,9.23,13152790,121048877
"877",2017-03-23 10:11:12,9.16,9.16,9.23,9.15,9.23,13152790,121048877
"878",2017-03-23 10:11:15,9.16,9.16,9.23,9.15,9.23,13152790,121048877
"879",2017-03-23 10:11:18,9.16,9.16,9.23,9.15,9.23,13152790,121048877
"880",2017-03-23 10:11:21,9.16,9.16,9.23,9.15,9.22,13158430,121100931
"881",2017-03-23 10:11:24,9.16,9.16,9.23,9.15,9.23,13159430,121110161
"882",2017-03-23 10:11:27,9.16,9.16,9.23,9.15,9.22,13159432,121110180
"883",2017-03-23 10:11:30,9.16,9.16,9.23,9.15,9.22,13161432,121128620
"884",2017-03-23 10:11:33,9.16,9.16,9.23,9.15,9.23,13165632,121167366
"885",2017-03-23 10:11:36,9.16,9.16,9.23,9.15,9.23,13165832,121169212
"886",2017-03-23 10:11:39,9.16,9.16,9.23,9.15,9.23,13173332,121238426
"887",2017-03-23 10:11:42,9.16,9.16,9.23,9.15,9.23,13183332,121330706
"888",2017-03-23 10:11:45,9.16,9.16,9.23,9.15,9.23,13183632,121333475
"889",2017-03-23 10:11:48,9.16,9.16,9.23,9.15,9.22,13188832,121381421
"890",2017-03-23 10:11:51,9.16,9.16,9.23,9.15,9.22,13188832,121381421
"891",2017-03-23 10:11:54,9.16,9.16,9.23,9.15,9.23,13223432,121700488
"892",2017-03-23 10:11:57,9.16,9.16,9.23,9.15,9.23,13224832,121713398
"893",2017-03-23 10:12:00,9.16,9.16,9.23,9.15,9.22,13226072,121724831
"894",2017-03-23 10:12:03,9.16,9.16,9.23,9.15,9.22,13226072,121724831
"895",2017-03-23 10:12:06,9.16,9.16,9.23,9.15,9.23,13231572,121775596
"896",2017-03-23 10:12:09,9.16,9.16,9.23,9.15,9.22,13231772,121777440
"897",2017-03-23 10:12:12,9.16,9.16,9.23,9.15,9.22,13232272,121782050
"898",2017-03-23 10:12:15,9.16,9.16,9.23,9.15,9.22,13232272,121782050
"899",2017-03-23 10:12:18,9.16,9.16,9.23,9.15,9.23,13237772,121832815
"900",2017-03-23 10:12:21,9.16,9.16,9.23,9.15,9.22,13258772,122026445
"901",2017-03-23 10:12:24,9.16,9.16,9.23,9.15,9.23,13258872,122027368
"902",2017-03-23 10:12:27,9.16,9.16,9.23,9.15,9.23,13258872,122027368
"903",2017-03-23 10:12:30,9.16,9.16,9.23,9.15,9.23,13278972,122212891
"904",2017-03-23 10:12:33,9.16,9.16,9.23,9.15,9.23,13278972,122212891
"905",2017-03-23 10:12:36,9.16,9.16,9.23,9.15,9.23,13279972,122222121
"906",2017-03-23 10:12:39,9.16,9.16,9.23,9.15,9.23,13293172,122343887
"907",2017-03-23 10:12:42,9.16,9.16,9.23,9.15,9.23,13293172,122343887
"908",2017-03-23 10:12:45,9.16,9.16,9.23,9.15,9.23,13293872,122350348
"909",2017-03-23 10:12:48,9.16,9.16,9.23,9.15,9.22,13300472,122411200
"910",2017-03-23 10:12:51,9.16,9.16,9.23,9.15,9.22,13301552,122421157
"911",2017-03-23 10:12:54,9.16,9.16,9.23,9.15,9.23,13306952,122470999
"912",2017-03-23 10:12:57,9.16,9.16,9.23,9.15,9.23,13307052,122471922
"913",2017-03-23 10:13:00,9.16,9.16,9.23,9.15,9.23,13361052,122970342
"914",2017-03-23 10:13:03,9.16,9.16,9.23,9.15,9.22,13410152,123423325
"915",2017-03-23 10:13:06,9.16,9.16,9.23,9.15,9.23,13415552,123473167
"916",2017-03-23 10:13:09,9.16,9.16,9.23,9.15,9.23,13416652,123483310
"917",2017-03-23 10:13:12,9.16,9.16,9.23,9.15,9.22,13421652,123529410
"918",2017-03-23 10:13:15,9.16,9.16,9.23,9.15,9.22,13421652,123529410
"919",2017-03-23 10:13:18,9.16,9.16,9.23,9.15,9.22,13421652,123529410
"920",2017-03-23 10:13:21,9.16,9.16,9.23,9.15,9.23,13431052,123616172
"921",2017-03-23 10:13:24,9.16,9.16,9.23,9.15,9.23,13431052,123616172
"922",2017-03-23 10:13:27,9.16,9.16,9.23,9.15,9.23,13431052,123616172
"923",2017-03-23 10:13:30,9.16,9.16,9.23,9.15,9.23,13434252,123645708
"924",2017-03-23 10:13:33,9.16,9.16,9.23,9.15,9.23,13434952,123652169
"925",2017-03-23 10:13:36,9.16,9.16,9.23,9.15,9.23,13447452,123767444
"926",2017-03-23 10:13:39,9.16,9.16,9.23,9.15,9.23,13455436,123841121
"927",2017-03-23 10:13:42,9.16,9.16,9.23,9.15,9.23,13464236,123922345
"928",2017-03-23 10:13:45,9.16,9.16,9.23,9.15,9.23,13471536,123989662
"929",2017-03-23 10:13:48,9.16,9.16,9.23,9.15,9.23,13471536,123989662
"930",2017-03-23 10:13:51,9.16,9.16,9.23,9.15,9.22,13482736,124092976
"931",2017-03-23 10:13:54,9.16,9.16,9.23,9.15,9.23,13489036,124151125
"932",2017-03-23 10:13:57,9.16,9.16,9.23,9.15,9.23,13491036,124169585
"933",2017-03-23 10:14:00,9.16,9.16,9.23,9.15,9.22,13491736,124176042
"934",2017-03-23 10:14:03,9.16,9.16,9.23,9.15,9.22,13491736,124176042
"935",2017-03-23 10:14:06,9.16,9.16,9.23,9.15,9.23,13497236,124226807
"936",2017-03-23 10:14:09,9.16,9.16,9.23,9.15,9.23,13498236,124236037
"937",2017-03-23 10:14:12,9.16,9.16,9.23,9.15,9.23,13498336,124236960
"938",2017-03-23 10:14:15,9.16,9.16,9.23,9.15,9.23,13498336,124236960
"939",2017-03-23 10:14:18,9.16,9.16,9.23,9.15,9.23,13503836,124287725
"940",2017-03-23 10:14:21,9.16,9.16,9.23,9.15,9.23,13503836,124287725
"941",2017-03-23 10:14:24,9.16,9.16,9.23,9.15,9.23,13505336,124301570
"942",2017-03-23 10:14:27,9.16,9.16,9.23,9.15,9.23,13505336,124301570
"943",2017-03-23 10:14:30,9.16,9.16,9.23,9.15,9.23,13516336,124403040
"944",2017-03-23 10:14:33,9.16,9.16,9.23,9.15,9.22,13518336,124421480
"945",2017-03-23 10:14:36,9.16,9.16,9.23,9.15,9.22,13532936,124556122
"946",2017-03-23 10:14:39,9.16,9.16,9.23,9.15,9.23,13542736,124646546
"947",2017-03-23 10:14:42,9.16,9.16,9.23,9.15,9.23,13553536,124746210
"948",2017-03-23 10:14:45,9.16,9.16,9.23,9.15,9.23,13553536,124746210
"949",2017-03-23 10:14:48,9.16,9.16,9.23,9.15,9.22,13554036,124750820
"950",2017-03-23 10:14:51,9.16,9.16,9.23,9.15,9.22,13555336,124762806
"951",2017-03-23 10:14:54,9.16,9.16,9.23,9.15,9.22,13562036,124824634
"952",2017-03-23 10:14:57,9.16,9.16,9.23,9.15,9.23,13567336,124873503
"953",2017-03-23 10:15:00,9.16,9.16,9.23,9.15,9.23,13567336,124873503
"954",2017-03-23 10:15:03,9.16,9.16,9.23,9.15,9.23,13567736,124877194
"955",2017-03-23 10:15:06,9.16,9.16,9.23,9.15,9.23,13573136,124927036
"956",2017-03-23 10:15:09,9.16,9.16,9.23,9.15,9.23,13578736,124978724
"957",2017-03-23 10:15:12,9.16,9.16,9.23,9.15,9.23,13581636,125005491
"958",2017-03-23 10:15:15,9.16,9.16,9.23,9.15,9.22,13584436,125031330
"959",2017-03-23 10:15:18,9.16,9.16,9.23,9.15,9.23,13590336,125085737
"960",2017-03-23 10:15:21,9.16,9.16,9.23,9.15,9.22,13596236,125140189
"961",2017-03-23 10:15:24,9.16,9.16,9.23,9.15,9.23,13599136,125166953
"962",2017-03-23 10:15:27,9.16,9.16,9.23,9.15,9.22,13599736,125172485
"963",2017-03-23 10:15:30,9.16,9.16,9.23,9.15,9.23,13602636,125199234
"964",2017-03-23 10:15:33,9.16,9.16,9.23,9.15,9.22,13603236,125204767
"965",2017-03-23 10:15:36,9.16,9.16,9.23,9.15,9.22,13603436,125206611
"966",2017-03-23 10:15:39,9.16,9.16,9.23,9.15,9.23,13608836,125256453
"967",2017-03-23 10:15:42,9.16,9.16,9.23,9.15,9.22,13619336,125353263
"968",2017-03-23 10:15:45,9.16,9.16,9.23,9.15,9.23,13619436,125354186
"969",2017-03-23 10:15:48,9.16,9.16,9.23,9.15,9.23,13619536,125355109
"970",2017-03-23 10:15:51,9.16,9.16,9.23,9.15,9.23,13619536,125355109
"971",2017-03-23 10:15:54,9.16,9.16,9.23,9.15,9.23,13626236,125416950
"972",2017-03-23 10:15:57,9.16,9.16,9.23,9.15,9.23,13648236,125620010
"973",2017-03-23 10:16:00,9.16,9.16,9.23,9.15,9.23,13664636,125771382
"974",2017-03-23 10:16:03,9.16,9.16,9.23,9.15,9.23,13669636,125817532
"975",2017-03-23 10:16:06,9.16,9.16,9.23,9.15,9.23,13676136,125877507
"976",2017-03-23 10:16:09,9.16,9.16,9.23,9.15,9.23,13676136,125877507
"977",2017-03-23 10:16:12,9.16,9.16,9.23,9.15,9.23,13677636,125891352
"978",2017-03-23 10:16:15,9.16,9.16,9.23,9.15,9.23,13677736,125892275
"979",2017-03-23 10:16:18,9.16,9.16,9.23,9.15,9.23,13678636,125900582
"980",2017-03-23 10:16:21,9.16,9.16,9.23,9.15,9.23,13687136,125979007
"981",2017-03-23 10:16:24,9.16,9.16,9.23,9.15,9.23,13688236,125989160
"982",2017-03-23 10:16:27,9.16,9.16,9.23,9.15,9.22,13694236,126044480
"983",2017-03-23 10:16:30,9.16,9.16,9.23,9.15,9.22,13694236,126044480
"984",2017-03-23 10:16:33,9.16,9.16,9.23,9.15,9.22,13694336,126045402
"985",2017-03-23 10:16:36,9.16,9.16,9.23,9.15,9.23,13713536,126222431
"986",2017-03-23 10:16:39,9.16,9.16,9.23,9.15,9.23,13713636,126223354
"987",2017-03-23 10:16:42,9.16,9.16,9.23,9.15,9.23,13727436,126350728
"988",2017-03-23 10:16:45,9.16,9.16,9.23,9.15,9.23,13727436,126350728
"989",2017-03-23 10:16:48,9.16,9.16,9.23,9.15,9.23,13730736,126381184
"990",2017-03-23 10:16:51,9.16,9.16,9.23,9.15,9.23,13730736,126381184
"991",2017-03-23 10:16:54,9.16,9.16,9.23,9.15,9.22,13732336,126395937
"992",2017-03-23 10:16:57,9.16,9.16,9.23,9.15,9.23,13734236,126413474
"993",2017-03-23 10:17:00,9.16,9.16,9.23,9.15,9.23,13741836,126483622
"994",2017-03-23 10:17:03,9.16,9.16,9.23,9.15,9.23,13742136,126486391
"995",2017-03-23 10:17:06,9.16,9.16,9.23,9.15,9.23,13742136,126486391
"996",2017-03-23 10:17:09,9.16,9.16,9.23,9.15,9.23,13742136,126486391
"997",2017-03-23 10:17:12,9.16,9.16,9.23,9.15,9.22,13744940,126512266
"998",2017-03-23 10:17:15,9.16,9.16,9.23,9.15,9.22,13744940,126512266
"999",2017-03-23 10:17:18,9.16,9.16,9.23,9.15,9.23,13745740,126519650
"1000",2017-03-23 10:17:21,9.16,9.16,9.23,9.15,9.23,13751140,126569492
"1001",2017-03-23 10:17:24,9.16,9.16,9.23,9.15,9.22,13783300,126866007
"1002",2017-03-23 10:17:27,9.16,9.16,9.23,9.15,9.22,13783300,126866007
"1003",2017-03-23 10:17:30,9.16,9.16,9.23,9.15,9.22,13783300,126866007
"1004",2017-03-23 10:17:33,9.16,9.16,9.23,9.15,9.23,13805900,127074552
"1005",2017-03-23 10:17:36,9.16,9.16,9.23,9.15,9.23,13816000,127167704
"1006",2017-03-23 10:17:39,9.16,9.16,9.23,9.15,9.23,13821400,127217546
"1007",2017-03-23 10:17:42,9.16,9.16,9.23,9.15,9.23,13829200,127289540
"1008",2017-03-23 10:17:45,9.16,9.16,9.23,9.15,9.23,13841100,127399377
"1009",2017-03-23 10:17:48,9.16,9.16,9.23,9.15,9.23,13841400,127402146
"1010",2017-03-23 10:17:51,9.16,9.16,9.23,9.15,9.22,13844700,127432579
"1011",2017-03-23 10:17:54,9.16,9.16,9.23,9.15,9.23,13863300,127604229
"1012",2017-03-23 10:17:57,9.16,9.16,9.23,9.15,9.22,13913500,128067553
"1013",2017-03-23 10:18:00,9.16,9.16,9.23,9.15,9.22,13930100,128220703
"1014",2017-03-23 10:18:03,9.16,9.16,9.23,9.15,9.22,13948100,128386663
"1015",2017-03-23 10:18:06,9.16,9.16,9.23,9.15,9.22,13954100,128441990
"1016",2017-03-23 10:18:09,9.16,9.16,9.23,9.15,9.22,13959100,128488090
"1017",2017-03-23 10:18:12,9.16,9.16,9.23,9.15,9.23,13972500,128611772
"1018",2017-03-23 10:18:15,9.16,9.16,9.23,9.15,9.22,13973500,128620992
"1019",2017-03-23 10:18:18,9.16,9.16,9.23,9.15,9.22,13973700,128622836
"1020",2017-03-23 10:18:21,9.16,9.16,9.23,9.15,9.23,13983600,128714200
"1021",2017-03-23 10:18:27,9.16,9.16,9.23,9.15,9.22,13993600,128806400
"1022",2017-03-23 10:18:30,9.16,9.16,9.23,9.15,9.22,13993600,128806400
"1023",2017-03-23 10:18:33,9.16,9.16,9.23,9.15,9.23,13998600,128852550
"1024",2017-03-23 10:18:36,9.16,9.16,9.23,9.15,9.23,14003600,128898700
"1025",2017-03-23 10:18:39,9.16,9.16,9.23,9.15,9.22,14015100,129004811
"1026",2017-03-23 10:18:42,9.16,9.16,9.23,9.15,9.22,14023600,129083236
"1027",2017-03-23 10:18:45,9.16,9.16,9.23,9.15,9.23,14023800,129085082
"1028",2017-03-23 10:18:48,9.16,9.16,9.23,9.15,9.23,14023800,129085082
"1029",2017-03-23 10:18:51,9.16,9.16,9.23,9.15,9.22,14025200,129097990
"1030",2017-03-23 10:18:54,9.16,9.16,9.23,9.15,9.22,14026800,129112742
"1031",2017-03-23 10:18:57,9.16,9.16,9.23,9.15,9.22,14027000,129114586
"1032",2017-03-23 10:19:00,9.16,9.16,9.23,9.15,9.23,14028000,129123812
"1033",2017-03-23 10:19:03,9.16,9.16,9.23,9.15,9.22,14032200,129162545
"1034",2017-03-23 10:19:06,9.16,9.16,9.23,9.15,9.23,14032300,129163468
"1035",2017-03-23 10:19:09,9.16,9.16,9.23,9.15,9.23,14232400,131010391
"1036",2017-03-23 10:19:12,9.16,9.16,9.23,9.15,9.23,14258200,131248500
"1037",2017-03-23 10:19:15,9.16,9.16,9.23,9.15,9.22,14268800,131346232
"1038",2017-03-23 10:19:18,9.16,9.16,9.23,9.15,9.22,14269600,131353608
"1039",2017-03-23 10:19:21,9.16,9.16,9.23,9.15,9.23,14277000,131421910
"1040",2017-03-23 10:19:24,9.16,9.16,9.23,9.15,9.23,14277000,131421910
"1041",2017-03-23 10:19:27,9.16,9.16,9.23,9.15,9.22,14278600,131436662
"1042",2017-03-23 10:19:33,9.16,9.16,9.23,9.15,9.22,14278600,131436662
"1043",2017-03-23 10:19:36,9.16,9.16,9.23,9.15,9.22,14278600,131436662
"1044",2017-03-23 10:19:39,9.16,9.16,9.23,9.15,9.22,14278600,131436662
"1045",2017-03-23 10:19:42,9.16,9.16,9.23,9.15,9.23,14285000,131495734
"1046",2017-03-23 10:19:45,9.16,9.16,9.23,9.15,9.22,14287100,131515106
"1047",2017-03-23 10:19:48,9.16,9.16,9.23,9.15,9.23,14491100,133398026
"1048",2017-03-23 10:19:51,9.16,9.16,9.23,9.15,9.23,14514500,133614008
"1049",2017-03-23 10:19:54,9.16,9.16,9.23,9.15,9.22,14539800,133847511
"1050",2017-03-23 10:19:57,9.16,9.16,9.23,9.15,9.23,14543000,133877035
"1051",2017-03-23 10:20:00,9.16,9.16,9.23,9.15,9.23,14660060,134957470
"1052",2017-03-23 10:20:03,9.16,9.16,9.23,9.15,9.22,14660260,134959314
"1053",2017-03-23 10:20:06,9.16,9.16,9.23,9.15,9.23,14674660,135092226
"1054",2017-03-23 10:20:09,9.16,9.16,9.23,9.15,9.23,14675660,135101456
"1055",2017-03-23 10:20:12,9.16,9.16,9.23,9.15,9.23,14681160,135152221
"1056",2017-03-23 10:20:15,9.16,9.16,9.23,9.15,9.23,14682860,135167912
"1057",2017-03-23 10:20:18,9.16,9.16,9.23,9.15,9.22,14683360,135172522
"1058",2017-03-23 10:20:21,9.16,9.16,9.23,9.15,9.23,14685060,135188213
"1059",2017-03-23 10:20:24,9.16,9.16,9.23,9.15,9.23,14685060,135188213
"1060",2017-03-23 10:20:27,9.16,9.16,9.23,9.15,9.23,14685060,135188213
"1061",2017-03-23 10:20:30,9.16,9.16,9.23,9.15,9.23,14688860,135223287
"1062",2017-03-23 10:20:33,9.16,9.16,9.23,9.15,9.23,14701860,135343277
"1063",2017-03-23 10:20:36,9.16,9.16,9.23,9.15,9.23,14702660,135350661
"1064",2017-03-23 10:20:39,9.16,9.16,9.23,9.15,9.22,14705060,135372812
"1065",2017-03-23 10:20:42,9.16,9.16,9.23,9.15,9.23,14705160,135373735
"1066",2017-03-23 10:20:45,9.16,9.16,9.23,9.15,9.23,14705160,135373735
"1067",2017-03-23 10:20:48,9.16,9.16,9.23,9.15,9.22,14709260,135411568
"1068",2017-03-23 10:20:51,9.16,9.16,9.23,9.15,9.22,14712760,135443838
"1069",2017-03-23 10:20:54,9.16,9.16,9.23,9.15,9.22,14715160,135465972
"1070",2017-03-23 10:20:57,9.16,9.16,9.23,9.15,9.22,14715160,135465972
"1071",2017-03-23 10:21:00,9.16,9.16,9.23,9.15,9.22,14715160,135465972
"1072",2017-03-23 10:21:03,9.16,9.16,9.23,9.15,9.23,14715960,135473356
"1073",2017-03-23 10:21:06,9.16,9.16,9.23,9.15,9.23,14715960,135473356
"1074",2017-03-23 10:21:09,9.16,9.16,9.23,9.15,9.22,14766100,135935647
"1075",2017-03-23 10:21:12,9.16,9.16,9.23,9.15,9.22,14766100,135935647
"1076",2017-03-23 10:21:15,9.16,9.16,9.23,9.15,9.23,14784600,136106368
"1077",2017-03-23 10:21:18,9.16,9.16,9.23,9.15,9.22,14811200,136351858
"1078",2017-03-23 10:21:21,9.16,9.16,9.23,9.15,9.22,14811200,136351858
"1079",2017-03-23 10:21:24,9.16,9.16,9.23,9.15,9.22,14811200,136351858
"1080",2017-03-23 10:21:27,9.16,9.16,9.23,9.15,9.22,14812200,136361078
"1081",2017-03-23 10:21:30,9.16,9.16,9.23,9.15,9.22,14822200,136453278
"1082",2017-03-23 10:21:33,9.16,9.16,9.23,9.15,9.22,14840100,136618328
"1083",2017-03-23 10:21:36,9.16,9.16,9.23,9.15,9.23,14846600,136678323
"1084",2017-03-23 10:21:39,9.16,9.16,9.23,9.15,9.23,14847200,136683861
"1085",2017-03-23 10:21:42,9.16,9.16,9.23,9.15,9.23,14847200,136683861
"1086",2017-03-23 10:21:45,9.16,9.16,9.23,9.15,9.23,14850200,136711551
"1087",2017-03-23 10:21:48,9.16,9.16,9.23,9.15,9.23,14850200,136711551
"1088",2017-03-23 10:21:51,9.16,9.16,9.23,9.15,9.23,14852200,136730011
"1089",2017-03-23 10:21:54,9.16,9.16,9.23,9.15,9.22,14861400,136814911
"1090",2017-03-23 10:21:57,9.16,9.16,9.23,9.15,9.22,14861400,136814911
"1091",2017-03-23 10:22:00,9.16,9.16,9.23,9.15,9.23,14862400,136824141
"1092",2017-03-23 10:22:03,9.16,9.16,9.23,9.15,9.23,14865900,136856446
"1093",2017-03-23 10:22:06,9.16,9.16,9.23,9.15,9.23,14865900,136856446
"1094",2017-03-23 10:22:09,9.16,9.16,9.23,9.15,9.23,14865900,136856446
"1095",2017-03-23 10:22:12,9.16,9.16,9.23,9.15,9.23,14865900,136856446
"1096",2017-03-23 10:22:15,9.16,9.16,9.23,9.15,9.23,14865900,136856446
"1097",2017-03-23 10:22:18,9.16,9.16,9.23,9.15,9.23,14865900,136856446
"1098",2017-03-23 10:22:21,9.16,9.16,9.23,9.15,9.22,14873300,136924676
"1099",2017-03-23 10:22:24,9.16,9.16,9.23,9.15,9.22,14874500,136935740
"1100",2017-03-23 10:22:27,9.16,9.16,9.23,9.15,9.22,14875800,136947726
"1101",2017-03-23 10:22:30,9.16,9.16,9.23,9.15,9.22,14875800,136947726
"1102",2017-03-23 10:22:33,9.16,9.16,9.23,9.15,9.23,14876300,136952341
"1103",2017-03-23 10:22:36,9.16,9.16,9.23,9.15,9.22,14881300,136998441
"1104",2017-03-23 10:22:39,9.16,9.16,9.23,9.15,9.22,14884300,137026111
"1105",2017-03-23 10:22:42,9.16,9.16,9.23,9.15,9.22,14889400,137073133
"1106",2017-03-23 10:22:45,9.16,9.16,9.23,9.15,9.22,14891100,137088812
"1107",2017-03-23 10:22:48,9.16,9.16,9.23,9.15,9.23,14891500,137092504
"1108",2017-03-23 10:22:54,9.16,9.16,9.23,9.15,9.22,14894100,137116483
"1109",2017-03-23 10:22:57,9.16,9.16,9.23,9.15,9.22,14894100,137116483
"1110",2017-03-23 10:23:00,9.16,9.16,9.23,9.15,9.23,14904500,137212475
"1111",2017-03-23 10:23:03,9.16,9.16,9.23,9.15,9.22,14909000,137254005
"1112",2017-03-23 10:23:06,9.16,9.16,9.23,9.15,9.23,14910600,137268773
"1113",2017-03-23 10:23:09,9.16,9.16,9.23,9.15,9.22,14912600,137287213
"1114",2017-03-23 10:23:12,9.16,9.16,9.23,9.15,9.22,14913600,137296433
"1115",2017-03-23 10:23:15,9.16,9.16,9.23,9.15,9.22,14925600,137407093
"1116",2017-03-23 10:23:18,9.16,9.16,9.23,9.15,9.23,14926300,137413554
"1117",2017-03-23 10:23:21,9.16,9.16,9.23,9.15,9.23,14927500,137424620
"1118",2017-03-23 10:23:24,9.16,9.16,9.23,9.15,9.23,14928500,137433850
"1119",2017-03-23 10:23:27,9.16,9.16,9.23,9.15,9.23,14928500,137433850
"1120",2017-03-23 10:23:30,9.16,9.16,9.23,9.15,9.23,14928500,137433850
"1121",2017-03-23 10:23:33,9.16,9.16,9.23,9.15,9.22,14933700,137481844
"1122",2017-03-23 10:23:36,9.16,9.16,9.23,9.15,9.23,14938700,137527994
"1123",2017-03-23 10:23:39,9.16,9.16,9.23,9.15,9.22,14945600,137591612
"1124",2017-03-23 10:23:42,9.16,9.16,9.23,9.15,9.22,14945600,137591612
"1125",2017-03-23 10:23:45,9.16,9.16,9.23,9.15,9.22,14946300,137598066
"1126",2017-03-23 10:23:48,9.16,9.16,9.23,9.15,9.22,14946300,137598066
"1127",2017-03-23 10:23:51,9.16,9.16,9.23,9.15,9.22,14946300,137598066
"1128",2017-03-23 10:23:54,9.16,9.16,9.23,9.15,9.22,14947900,137612818
"1129",2017-03-23 10:23:57,9.16,9.16,9.23,9.15,9.22,14949200,137624804
"1130",2017-03-23 10:24:00,9.16,9.16,9.23,9.15,9.22,14952500,137655258
"1131",2017-03-23 10:24:03,9.16,9.16,9.23,9.15,9.23,14963100,137753096
"1132",2017-03-23 10:24:06,9.16,9.16,9.23,9.15,9.22,14967400,137792742
"1133",2017-03-23 10:24:09,9.16,9.16,9.23,9.15,9.22,14968600,137803806
"1134",2017-03-23 10:24:12,9.16,9.16,9.23,9.15,9.22,14976400,137875722
"1135",2017-03-23 10:24:18,9.16,9.16,9.23,9.15,9.23,14976500,137876645
"1136",2017-03-23 10:24:21,9.16,9.16,9.23,9.15,9.22,14976900,137880333
"1137",2017-03-23 10:24:24,9.16,9.16,9.23,9.15,9.23,14981100,137919066
"1138",2017-03-23 10:24:27,9.16,9.16,9.23,9.15,9.22,14983600,137942121
"1139",2017-03-23 10:24:30,9.16,9.16,9.23,9.15,9.22,14983600,137942121
"1140",2017-03-23 10:24:33,9.16,9.16,9.23,9.15,9.22,14983600,137942121
"1141",2017-03-23 10:24:36,9.16,9.16,9.23,9.15,9.22,14983600,137942121
"1142",2017-03-23 10:24:39,9.16,9.16,9.23,9.15,9.23,14998700,138081363
"1143",2017-03-23 10:24:42,9.16,9.16,9.23,9.15,9.22,15013600,138218741
"1144",2017-03-23 10:24:45,9.16,9.16,9.23,9.15,9.22,15013600,138218741
"1145",2017-03-23 10:24:48,9.16,9.16,9.23,9.15,9.22,15023600,138310941
"1146",2017-03-23 10:24:51,9.16,9.16,9.23,9.15,9.23,15027500,138346938
"1147",2017-03-23 10:24:54,9.16,9.16,9.23,9.15,9.22,15035400,138419776
"1148",2017-03-23 10:24:57,9.16,9.16,9.23,9.15,9.23,15035600,138421622
"1149",2017-03-23 10:25:00,9.16,9.16,9.23,9.15,9.23,15035600,138421622
"1150",2017-03-23 10:25:03,9.16,9.16,9.23,9.15,9.22,15040600,138467722
"1151",2017-03-23 10:25:06,9.16,9.16,9.23,9.15,9.22,15040600,138467722
"1152",2017-03-23 10:25:09,9.16,9.16,9.23,9.15,9.23,15045900,138516619
"1153",2017-03-23 10:25:12,9.16,9.16,9.23,9.15,9.23,15048200,138537848
"1154",2017-03-23 10:25:15,9.16,9.16,9.23,9.15,9.23,15058700,138634663
"1155",2017-03-23 10:25:18,9.16,9.16,9.23,9.15,9.22,15063400,138678031
"1156",2017-03-23 10:25:21,9.16,9.16,9.23,9.15,9.22,15063400,138678031
"1157",2017-03-23 10:25:24,9.16,9.16,9.23,9.15,9.23,15067800,138718619
"1158",2017-03-23 10:25:27,9.16,9.16,9.23,9.15,9.22,15071700,138754577
"1159",2017-03-23 10:25:30,9.16,9.16,9.23,9.15,9.22,15083100,138859685
"1160",2017-03-23 10:25:33,9.16,9.16,9.23,9.15,9.23,15086600,138891966
"1161",2017-03-23 10:25:36,9.16,9.16,9.23,9.15,9.22,15087400,138899342
"1162",2017-03-23 10:25:39,9.16,9.16,9.23,9.15,9.23,15088600,138910418
"1163",2017-03-23 10:25:42,9.16,9.16,9.23,9.15,9.23,15088600,138910418
"1164",2017-03-23 10:25:45,9.16,9.16,9.23,9.15,9.23,15088700,138911341
"1165",2017-03-23 10:25:48,9.16,9.16,9.23,9.15,9.23,15088700,138911341
"1166",2017-03-23 10:25:51,9.16,9.16,9.23,9.15,9.22,15089120,138915213
"1167",2017-03-23 10:25:54,9.16,9.16,9.23,9.15,9.23,15093920,138959501
"1168",2017-03-23 10:25:57,9.16,9.16,9.23,9.15,9.23,15094020,138960424
"1169",2017-03-23 10:26:00,9.16,9.16,9.23,9.15,9.23,15094020,138960424
"1170",2017-03-23 10:26:03,9.16,9.16,9.23,9.15,9.22,15098220,138999148
"1171",2017-03-23 10:26:06,9.16,9.16,9.23,9.15,9.22,15098220,138999148
"1172",2017-03-23 10:26:09,9.16,9.16,9.23,9.15,9.22,15098220,138999148
"1173",2017-03-23 10:26:12,9.16,9.16,9.23,9.15,9.22,15098820,139004681
"1174",2017-03-23 10:26:15,9.16,9.16,9.23,9.15,9.22,15103320,139046171
"1175",2017-03-23 10:26:18,9.16,9.16,9.23,9.15,9.22,15103320,139046171
"1176",2017-03-23 10:26:21,9.16,9.16,9.23,9.15,9.22,15106320,139073831
"1177",2017-03-23 10:26:24,9.16,9.16,9.23,9.15,9.22,15106320,139073831
"1178",2017-03-23 10:26:27,9.16,9.16,9.23,9.15,9.22,15108720,139095959
"1179",2017-03-23 10:26:30,9.16,9.16,9.23,9.15,9.22,15108720,139095959
"1180",2017-03-23 10:26:33,9.16,9.16,9.23,9.15,9.22,15108720,139095959
"1181",2017-03-23 10:26:36,9.16,9.16,9.23,9.15,9.22,15110720,139114399
"1182",2017-03-23 10:26:39,9.16,9.16,9.23,9.15,9.22,15110720,139114399
"1183",2017-03-23 10:26:42,9.16,9.16,9.23,9.15,9.22,15120620,139205709
"1184",2017-03-23 10:26:45,9.16,9.16,9.23,9.15,9.22,15121920,139217695
"1185",2017-03-23 10:26:48,9.16,9.16,9.23,9.15,9.23,15122920,139226925
"1186",2017-03-23 10:26:51,9.16,9.16,9.23,9.15,9.23,15122920,139226925
"1187",2017-03-23 10:26:54,9.16,9.16,9.23,9.15,9.23,15125220,139248138
"1188",2017-03-23 10:26:57,9.16,9.16,9.23,9.15,9.23,15125220,139248138
"1189",2017-03-23 10:27:00,9.16,9.16,9.23,9.15,9.22,15126220,139257358
"1190",2017-03-23 10:27:03,9.16,9.16,9.23,9.15,9.22,15137420,139360622
"1191",2017-03-23 10:27:06,9.16,9.16,9.23,9.15,9.22,15151720,139492468
"1192",2017-03-23 10:27:09,9.16,9.16,9.23,9.15,9.22,15161920,139586512
"1193",2017-03-23 10:27:12,9.16,9.16,9.23,9.15,9.22,15167120,139634498
"1194",2017-03-23 10:27:15,9.16,9.16,9.23,9.15,9.22,15167120,139634498
"1195",2017-03-23 10:27:18,9.16,9.16,9.23,9.15,9.22,15167120,139634498
"1196",2017-03-23 10:27:21,9.16,9.16,9.23,9.15,9.22,15168120,139643718
"1197",2017-03-23 10:27:24,9.16,9.16,9.23,9.15,9.23,15168920,139651102
"1198",2017-03-23 10:27:27,9.16,9.16,9.23,9.15,9.22,15169720,139658478
"1199",2017-03-23 10:27:30,9.16,9.16,9.23,9.15,9.22,15172820,139687069
"1200",2017-03-23 10:27:33,9.16,9.16,9.23,9.15,9.23,15173820,139696299
"1201",2017-03-23 10:27:36,9.16,9.16,9.23,9.15,9.22,15179420,139747981
"1202",2017-03-23 10:27:39,9.16,9.16,9.23,9.15,9.22,15189420,139840181
"1203",2017-03-23 10:27:42,9.16,9.16,9.23,9.15,9.22,15189420,139840181
"1204",2017-03-23 10:27:45,9.16,9.16,9.23,9.15,9.22,15194420,139886311
"1205",2017-03-23 10:27:48,9.16,9.16,9.23,9.15,9.22,15194920,139890921
"1206",2017-03-23 10:27:51,9.16,9.16,9.23,9.15,9.22,15194920,139890921
"1207",2017-03-23 10:27:54,9.16,9.16,9.23,9.15,9.22,15197620,139915822
"1208",2017-03-23 10:27:57,9.16,9.16,9.23,9.15,9.23,15199620,139934282
"1209",2017-03-23 10:28:00,9.16,9.16,9.23,9.15,9.23,15201320,139949973
"1210",2017-03-23 10:28:03,9.16,9.16,9.23,9.15,9.22,15202620,139961959
"1211",2017-03-23 10:28:06,9.16,9.16,9.23,9.15,9.22,15202620,139961959
"1212",2017-03-23 10:28:09,9.16,9.16,9.23,9.15,9.22,15204020,139974867
"1213",2017-03-23 10:28:12,9.16,9.16,9.23,9.15,9.22,15220220,140124231
"1214",2017-03-23 10:28:18,9.16,9.16,9.23,9.15,9.23,15225220,140170381
"1215",2017-03-23 10:28:21,9.16,9.16,9.23,9.15,9.23,15226120,140178688
"1216",2017-03-23 10:28:24,9.16,9.16,9.23,9.15,9.22,15240120,140307768
"1217",2017-03-23 10:28:27,9.16,9.16,9.23,9.15,9.22,15240120,140307768
"1218",2017-03-23 10:28:30,9.16,9.16,9.23,9.15,9.22,15246420,140365855
"1219",2017-03-23 10:28:33,9.16,9.16,9.23,9.15,9.22,15247920,140379685
"1220",2017-03-23 10:28:36,9.16,9.16,9.23,9.15,9.22,15247920,140379685
"1221",2017-03-23 10:28:39,9.16,9.16,9.23,9.15,9.22,15252020,140417506
"1222",2017-03-23 10:28:42,9.16,9.16,9.23,9.15,9.23,15254020,140435966
"1223",2017-03-23 10:28:45,9.16,9.16,9.23,9.15,9.22,15261820,140507882
"1224",2017-03-23 10:28:48,9.16,9.16,9.23,9.15,9.22,15261820,140507882
"1225",2017-03-23 10:28:51,9.16,9.16,9.23,9.15,9.22,15261820,140507882
"1226",2017-03-23 10:28:54,9.16,9.16,9.23,9.15,9.22,15263660,140524847
"1227",2017-03-23 10:28:57,9.16,9.16,9.23,9.15,9.22,15264760,140534989
"1228",2017-03-23 10:29:00,9.16,9.16,9.23,9.15,9.22,15268060,140565415
"1229",2017-03-23 10:29:03,9.16,9.16,9.23,9.15,9.22,15268060,140565415
"1230",2017-03-23 10:29:06,9.16,9.16,9.23,9.15,9.22,15268160,140566337
"1231",2017-03-23 10:29:09,9.16,9.16,9.23,9.15,9.22,15283849,140710989
"1232",2017-03-23 10:29:12,9.16,9.16,9.23,9.15,9.23,15293849,140803289
"1233",2017-03-23 10:29:15,9.16,9.16,9.23,9.15,9.23,15293849,140803289
"1234",2017-03-23 10:29:18,9.16,9.16,9.23,9.15,9.22,15294249,140806977
"1235",2017-03-23 10:29:21,9.16,9.16,9.23,9.15,9.23,15309749,140950042
"1236",2017-03-23 10:29:24,9.16,9.16,9.23,9.15,9.22,15327449,141113370
"1237",2017-03-23 10:29:27,9.16,9.16,9.23,9.15,9.22,15327649,141115214
"1238",2017-03-23 10:29:30,9.16,9.16,9.23,9.15,9.22,15327649,141115214
"1239",2017-03-23 10:29:33,9.16,9.16,9.23,9.15,9.22,15329049,141128122
"1240",2017-03-23 10:29:36,9.16,9.16,9.23,9.15,9.22,15329149,141129044
"1241",2017-03-23 10:29:39,9.16,9.16,9.23,9.15,9.23,15330349,141140120
"1242",2017-03-23 10:29:42,9.16,9.16,9.23,9.15,9.23,15330349,141140120
"1243",2017-03-23 10:29:45,9.16,9.16,9.23,9.15,9.23,15332649,141161327
"1244",2017-03-23 10:29:48,9.16,9.16,9.23,9.15,9.23,15332649,141161327
"1245",2017-03-23 10:29:51,9.16,9.16,9.23,9.15,9.23,15332649,141161327
"1246",2017-03-23 10:29:54,9.16,9.16,9.23,9.15,9.22,15336049,141192677
"1247",2017-03-23 10:29:57,9.16,9.16,9.23,9.15,9.23,15341549,141243417
"1248",2017-03-23 10:30:00,9.16,9.16,9.23,9.15,9.23,15342549,141252647
"1249",2017-03-23 10:30:03,9.16,9.16,9.23,9.15,9.23,15342549,141252647
"1250",2017-03-23 10:30:06,9.16,9.16,9.23,9.15,9.23,15342549,141252647
"1251",2017-03-23 10:30:09,9.16,9.16,9.23,9.15,9.23,15343049,141257262
"1252",2017-03-23 10:30:12,9.16,9.16,9.23,9.15,9.23,15363749,141448323
"1253",2017-03-23 10:30:15,9.16,9.16,9.23,9.15,9.23,15363749,141448323
"1254",2017-03-23 10:30:18,9.16,9.16,9.23,9.15,9.23,15363749,141448323
"1255",2017-03-23 10:30:21,9.16,9.16,9.23,9.15,9.22,15375649,141558095
"1256",2017-03-23 10:30:24,9.16,9.16,9.23,9.15,9.22,15375649,141558095
"1257",2017-03-23 10:30:27,9.16,9.16,9.23,9.15,9.22,15376049,141561783
"1258",2017-03-23 10:30:30,9.16,9.16,9.23,9.15,9.22,15380049,141598663
"1259",2017-03-23 10:30:33,9.16,9.16,9.23,9.15,9.22,15382149,141618025
"1260",2017-03-23 10:30:36,9.16,9.16,9.23,9.15,9.23,15384549,141640177
"1261",2017-03-23 10:30:39,9.16,9.16,9.23,9.15,9.23,15396949,141754623
"1262",2017-03-23 10:30:42,9.16,9.16,9.23,9.15,9.23,15406949,141846923
"1263",2017-03-23 10:30:45,9.16,9.16,9.23,9.15,9.23,15407349,141850615
"1264",2017-03-23 10:30:48,9.16,9.16,9.23,9.15,9.22,15410049,141875513
"1265",2017-03-23 10:30:51,9.16,9.16,9.23,9.15,9.23,15474249,142468079
"1266",2017-03-23 10:30:54,9.16,9.16,9.23,9.15,9.22,15498649,142693240
"1267",2017-03-23 10:30:57,9.16,9.16,9.23,9.15,9.22,15509049,142789227
"1268",2017-03-23 10:31:00,9.16,9.16,9.23,9.15,9.23,15522849,142916601
"1269",2017-03-23 10:31:03,9.16,9.16,9.23,9.15,9.23,15522949,142917524
"1270",2017-03-23 10:31:06,9.16,9.16,9.23,9.15,9.23,15710349,144647226
"1271",2017-03-23 10:31:09,9.16,9.16,9.23,9.15,9.23,15738449,144906589
"1272",2017-03-23 10:31:12,9.16,9.16,9.23,9.15,9.23,15745449,144971199
"1273",2017-03-23 10:31:15,9.16,9.16,9.23,9.15,9.23,15835649,145803745
"1274",2017-03-23 10:31:18,9.16,9.16,9.23,9.15,9.23,15869849,146119191
"1275",2017-03-23 10:31:21,9.16,9.16,9.23,9.15,9.23,15876449,146180109
"1276",2017-03-23 10:31:24,9.16,9.16,9.23,9.15,9.23,15885249,146261326
"1277",2017-03-23 10:31:27,9.16,9.16,9.23,9.15,9.23,15885249,146261326
"1278",2017-03-23 10:31:30,9.16,9.16,9.23,9.15,9.23,15885349,146262249
"1279",2017-03-23 10:31:33,9.16,9.16,9.23,9.15,9.23,15895349,146354549
"1280",2017-03-23 10:31:36,9.16,9.16,9.23,9.15,9.23,15896549,146365625
"1281",2017-03-23 10:31:39,9.16,9.16,9.23,9.15,9.23,15897949,146378547
"1282",2017-03-23 10:31:42,9.16,9.16,9.23,9.15,9.23,15950649,146864968
"1283",2017-03-23 10:31:45,9.16,9.16,9.23,9.15,9.23,15961049,146960960
"1284",2017-03-23 10:31:48,9.16,9.16,9.23,9.15,9.23,15971449,147056952
"1285",2017-03-23 10:31:51,9.16,9.16,9.23,9.15,9.23,15972349,147065259
"1286",2017-03-23 10:31:54,9.16,9.16,9.23,9.15,9.22,15973949,147080011
"1287",2017-03-23 10:31:57,9.16,9.16,9.23,9.15,9.22,15973949,147080011
"1288",2017-03-23 10:32:00,9.16,9.16,9.23,9.15,9.23,15979049,147127062
"1289",2017-03-23 10:32:03,9.16,9.16,9.23,9.15,9.23,15983149,147164905
"1290",2017-03-23 10:32:06,9.16,9.16,9.23,9.15,9.23,16038249,147673478
"1291",2017-03-23 10:32:09,9.16,9.16,9.23,9.15,9.23,16066949,147938379
"1292",2017-03-23 10:32:12,9.16,9.16,9.23,9.15,9.23,16072949,147993759
"1293",2017-03-23 10:32:15,9.16,9.16,9.23,9.15,9.22,16073349,147997448
"1294",2017-03-23 10:32:18,9.16,9.16,9.23,9.15,9.23,16074449,148007601
"1295",2017-03-23 10:32:21,9.16,9.16,9.23,9.15,9.23,16091449,148164506
"1296",2017-03-23 10:32:24,9.16,9.16,9.23,9.15,9.23,16096549,148211579
"1297",2017-03-23 10:32:27,9.16,9.16,9.23,9.15,9.22,16101149,148254032
"1298",2017-03-23 10:32:30,9.16,9.16,9.23,9.15,9.22,16102809,148269338
"1299",2017-03-23 10:32:33,9.16,9.16,9.23,9.15,9.23,16112409,148357946
"1300",2017-03-23 10:32:36,9.16,9.16,9.23,9.15,9.23,16112409,148357946
"1301",2017-03-23 10:32:39,9.16,9.16,9.23,9.15,9.23,16149409,148699456
"1302",2017-03-23 10:32:42,9.16,9.16,9.23,9.15,9.23,16171309,148901593
"1303",2017-03-23 10:32:45,9.16,9.16,9.23,9.15,9.23,16171309,148901593
"1304",2017-03-23 10:32:48,9.16,9.16,9.23,9.15,9.23,16180709,148988355
"1305",2017-03-23 10:32:51,9.16,9.16,9.23,9.15,9.23,16194509,149115729
"1306",2017-03-23 10:32:54,9.16,9.16,9.23,9.15,9.22,16196109,149130481
"1307",2017-03-23 10:32:57,9.16,9.16,9.23,9.15,9.22,16196109,149130481
"1308",2017-03-23 10:33:00,9.16,9.16,9.23,9.15,9.23,16198909,149156325
"1309",2017-03-23 10:33:03,9.16,9.16,9.23,9.15,9.23,16219309,149344617
"1310",2017-03-23 10:33:06,9.16,9.16,9.23,9.15,9.22,16231509,149457183
"1311",2017-03-23 10:33:09,9.16,9.16,9.23,9.15,9.23,16240909,149543923
"1312",2017-03-23 10:33:12,9.16,9.16,9.23,9.15,9.23,16253009,149655586
"1313",2017-03-23 10:33:15,9.16,9.16,9.23,9.15,9.23,16253009,149655586
"1314",2017-03-23 10:33:18,9.16,9.16,9.23,9.15,9.23,16254809,149672200
"1315",2017-03-23 10:33:21,9.16,9.16,9.23,9.15,9.23,16264109,149758039
"1316",2017-03-23 10:33:24,9.16,9.16,9.23,9.15,9.23,16264109,149758039
"1317",2017-03-23 10:33:27,9.16,9.16,9.23,9.15,9.23,16264109,149758039
"1318",2017-03-23 10:33:30,9.16,9.16,9.23,9.15,9.23,16264209,149758962
"1319",2017-03-23 10:33:33,9.16,9.16,9.23,9.15,9.23,16279109,149896489
"1320",2017-03-23 10:33:36,9.16,9.16,9.23,9.15,9.23,16302009,150107856
"1321",2017-03-23 10:33:39,9.16,9.16,9.23,9.15,9.23,16308009,150163236
"1322",2017-03-23 10:33:42,9.16,9.16,9.23,9.15,9.23,16309309,150175235
"1323",2017-03-23 10:33:45,9.16,9.16,9.23,9.15,9.23,16310309,150184465
"1324",2017-03-23 10:33:48,9.16,9.16,9.23,9.15,9.23,16330309,150369065
"1325",2017-03-23 10:33:51,9.16,9.16,9.23,9.15,9.23,16344409,150499208
"1326",2017-03-23 10:33:54,9.16,9.16,9.23,9.15,9.23,16360509,150647695
"1327",2017-03-23 10:33:57,9.16,9.16,9.23,9.15,9.23,16366709,150704921
"1328",2017-03-23 10:34:00,9.16,9.16,9.23,9.15,9.23,16370509,150739991
"1329",2017-03-23 10:34:03,9.16,9.16,9.23,9.15,9.23,16380509,150832291
"1330",2017-03-23 10:34:06,9.16,9.16,9.23,9.15,9.23,16406609,151073103
"1331",2017-03-23 10:34:09,9.16,9.16,9.23,9.15,9.23,16427909,151269702
"1332",2017-03-23 10:34:12,9.16,9.16,9.23,9.15,9.23,16435509,151339828
"1333",2017-03-23 10:34:15,9.16,9.16,9.23,9.15,9.23,16449009,151464433
"1334",2017-03-23 10:34:18,9.16,9.16,9.23,9.15,9.22,16473009,151685940
"1335",2017-03-23 10:34:21,9.16,9.16,9.23,9.15,9.23,16508709,152015151
"1336",2017-03-23 10:34:24,9.16,9.16,9.23,9.15,9.23,16519809,152117604
"1337",2017-03-23 10:34:27,9.16,9.16,9.23,9.15,9.23,16529309,152205289
"1338",2017-03-23 10:34:30,9.16,9.16,9.23,9.15,9.23,16550509,152400965
"1339",2017-03-23 10:34:33,9.16,9.16,9.23,9.15,9.23,16568209,152564336
"1340",2017-03-23 10:34:36,9.16,9.16,9.23,9.15,9.23,16664209,153450416
"1341",2017-03-23 10:34:39,9.16,9.16,9.23,9.15,9.23,16690709,153695011
"1342",2017-03-23 10:34:42,9.16,9.16,9.23,9.15,9.23,16716109,153929453
"1343",2017-03-23 10:34:45,9.16,9.16,9.23,9.15,9.23,16723209,153994985
"1344",2017-03-23 10:34:48,9.16,9.16,9.23,9.15,9.23,16734609,154100207
"1345",2017-03-23 10:34:51,9.16,9.16,9.23,9.15,9.23,16735809,154111283
"1346",2017-03-23 10:34:54,9.16,9.16,9.23,9.15,9.23,16748409,154227565
"1347",2017-03-23 10:34:57,9.16,9.16,9.23,9.15,9.23,16779709,154516464
"1348",2017-03-23 10:35:00,9.16,9.16,9.23,9.15,9.23,16790109,154612456
"1349",2017-03-23 10:35:03,9.16,9.16,9.23,9.15,9.23,16798509,154689988
"1350",2017-03-23 10:35:06,9.16,9.16,9.23,9.15,9.23,16852155,155185140
"1351",2017-03-23 10:35:09,9.16,9.16,9.24,9.15,9.23,16866355,155316313
"1352",2017-03-23 10:35:12,9.16,9.16,9.24,9.15,9.24,16871855,155367133
"1353",2017-03-23 10:35:15,9.16,9.16,9.24,9.15,9.23,16873855,155385593
"1354",2017-03-23 10:35:18,9.16,9.16,9.24,9.15,9.23,16875355,155399438
"1355",2017-03-23 10:35:21,9.16,9.16,9.24,9.15,9.23,16889355,155528772
"1356",2017-03-23 10:35:24,9.16,9.16,9.24,9.15,9.23,16897655,155605436
"1357",2017-03-23 10:35:27,9.16,9.16,9.24,9.15,9.24,16903055,155655319
"1358",2017-03-23 10:35:30,9.16,9.16,9.24,9.15,9.23,16904955,155672866
"1359",2017-03-23 10:35:33,9.16,9.16,9.24,9.15,9.24,16907655,155697814
"1360",2017-03-23 10:35:36,9.16,9.16,9.24,9.15,9.24,16907655,155697814
"1361",2017-03-23 10:35:39,9.16,9.16,9.24,9.15,9.23,16912655,155743964
"1362",2017-03-23 10:35:42,9.16,9.16,9.24,9.15,9.23,16912655,155743964
"1363",2017-03-23 10:35:45,9.16,9.16,9.24,9.15,9.23,16927955,155885253
"1364",2017-03-23 10:35:48,9.16,9.16,9.24,9.15,9.23,16927955,155885253
"1365",2017-03-23 10:35:51,9.16,9.16,9.24,9.15,9.24,16929955,155903733
"1366",2017-03-23 10:35:54,9.16,9.16,9.24,9.15,9.23,16931555,155918501
"1367",2017-03-23 10:35:57,9.16,9.16,9.24,9.15,9.23,16931555,155918501
"1368",2017-03-23 10:36:00,9.16,9.16,9.24,9.15,9.23,16931555,155918501
"1369",2017-03-23 10:36:03,9.16,9.16,9.24,9.15,9.23,16936055,155960051
"1370",2017-03-23 10:36:06,9.16,9.16,9.24,9.15,9.23,16937455,155972973
"1371",2017-03-23 10:36:09,9.16,9.16,9.24,9.15,9.23,16941655,156011739
"1372",2017-03-23 10:36:12,9.16,9.16,9.24,9.15,9.23,16965355,156230714
"1373",2017-03-23 10:36:15,9.16,9.16,9.24,9.15,9.23,16974855,156318399
"1374",2017-03-23 10:36:18,9.16,9.16,9.24,9.15,9.23,16978955,156356242
"1375",2017-03-23 10:36:21,9.16,9.16,9.24,9.15,9.23,16979955,156365472
"1376",2017-03-23 10:36:24,9.16,9.16,9.24,9.15,9.23,16987655,156436599
"1377",2017-03-23 10:36:27,9.16,9.16,9.24,9.15,9.23,16992355,156479980
"1378",2017-03-23 10:36:30,9.16,9.16,9.24,9.15,9.23,16992355,156479980
"1379",2017-03-23 10:36:33,9.16,9.16,9.24,9.15,9.23,16997355,156526130
"1380",2017-03-23 10:36:36,9.16,9.16,9.24,9.15,9.23,17021955,156753191
"1381",2017-03-23 10:36:39,9.16,9.16,9.24,9.15,9.23,17066209,157161656
"1382",2017-03-23 10:36:42,9.16,9.16,9.24,9.15,9.23,17081509,157302875
"1383",2017-03-23 10:36:45,9.16,9.16,9.24,9.15,9.23,17081509,157302875
"1384",2017-03-23 10:36:48,9.16,9.16,9.24,9.15,9.23,17081509,157302875
"1385",2017-03-23 10:36:51,9.16,9.16,9.24,9.15,9.23,17086509,157349025
"1386",2017-03-23 10:36:54,9.16,9.16,9.24,9.15,9.22,17092409,157403466
"1387",2017-03-23 10:36:57,9.16,9.16,9.24,9.15,9.23,17106109,157529916
"1388",2017-03-23 10:37:00,9.16,9.16,9.24,9.15,9.23,17114609,157608371
"1389",2017-03-23 10:37:03,9.16,9.16,9.24,9.15,9.23,17123309,157688672
"1390",2017-03-23 10:37:06,9.16,9.16,9.24,9.15,9.23,17125409,157708055
"1391",2017-03-23 10:37:09,9.16,9.16,9.24,9.15,9.23,17125409,157708055
"1392",2017-03-23 10:37:12,9.16,9.16,9.24,9.15,9.23,17131009,157759743
"1393",2017-03-23 10:37:15,9.16,9.16,9.24,9.15,9.23,17144255,157881973
"1394",2017-03-23 10:37:18,9.16,9.16,9.24,9.15,9.23,17158109,158009846
"1395",2017-03-23 10:37:21,9.16,9.16,9.24,9.15,9.23,17165009,158073533
"1396",2017-03-23 10:37:24,9.16,9.16,9.24,9.15,9.23,17170509,158124298
"1397",2017-03-23 10:37:27,9.16,9.16,9.24,9.15,9.23,17178609,158199061
"1398",2017-03-23 10:37:30,9.16,9.16,9.24,9.15,9.22,17180709,158218443
"1399",2017-03-23 10:37:33,9.16,9.16,9.24,9.15,9.23,17181709,158227673
"1400",2017-03-23 10:37:36,9.16,9.16,9.24,9.15,9.22,17184509,158253489
"1401",2017-03-23 10:37:39,9.16,9.16,9.24,9.15,9.22,17186709,158273773
"1402",2017-03-23 10:37:42,9.16,9.16,9.24,9.15,9.23,17191309,158316231
"1403",2017-03-23 10:37:45,9.16,9.16,9.24,9.15,9.23,17191309,158316231
"1404",2017-03-23 10:37:48,9.16,9.16,9.24,9.15,9.22,17197749,158375625
"1405",2017-03-23 10:37:51,9.16,9.16,9.24,9.15,9.23,17198849,158385778
"1406",2017-03-23 10:37:54,9.16,9.16,9.24,9.15,9.23,17226065,158636966
"1407",2017-03-23 10:37:57,9.16,9.16,9.24,9.15,9.24,17226465,158640662
"1408",2017-03-23 10:38:00,9.16,9.16,9.24,9.15,9.23,17228665,158660968
"1409",2017-03-23 10:38:03,9.16,9.16,9.24,9.15,9.23,17230865,158681285
"1410",2017-03-23 10:38:06,9.16,9.16,9.24,9.15,9.23,17244865,158810505
"1411",2017-03-23 10:38:09,9.16,9.16,9.24,9.15,9.23,17244865,158810505
"1412",2017-03-23 10:38:12,9.16,9.16,9.24,9.15,9.23,17261049,158959947
"1413",2017-03-23 10:38:15,9.16,9.16,9.24,9.15,9.23,17279849,159133471
"1414",2017-03-23 10:38:18,9.16,9.16,9.24,9.15,9.23,17280149,159136240
"1415",2017-03-23 10:38:21,9.16,9.16,9.24,9.15,9.23,17280249,159137163
"1416",2017-03-23 10:38:24,9.16,9.16,9.24,9.15,9.23,17285649,159187005
"1417",2017-03-23 10:38:27,9.16,9.16,9.24,9.15,9.23,17290349,159230386
"1418",2017-03-23 10:38:30,9.16,9.16,9.24,9.15,9.23,17293649,159260845
"1419",2017-03-23 10:38:33,9.16,9.16,9.24,9.15,9.23,17293649,159260845
"1420",2017-03-23 10:38:36,9.16,9.16,9.24,9.15,9.23,17307949,159392833
"1421",2017-03-23 10:38:39,9.16,9.16,9.24,9.15,9.23,17307949,159392833
"1422",2017-03-23 10:38:42,9.16,9.16,9.24,9.15,9.23,17307949,159392833
"1423",2017-03-23 10:38:45,9.16,9.16,9.24,9.15,9.23,17318949,159494363
"1424",2017-03-23 10:38:48,9.16,9.16,9.24,9.15,9.22,17345049,159735244
"1425",2017-03-23 10:38:51,9.16,9.16,9.24,9.15,9.23,17346649,159750012
"1426",2017-03-23 10:38:54,9.16,9.16,9.24,9.15,9.22,17348349,159765687
"1427",2017-03-23 10:38:57,9.16,9.16,9.24,9.15,9.22,17348493,159767015
"1428",2017-03-23 10:39:00,9.16,9.16,9.24,9.15,9.22,17348893,159770703
"1429",2017-03-23 10:39:03,9.16,9.16,9.24,9.15,9.22,17354593,159823279
"1430",2017-03-23 10:39:06,9.16,9.16,9.24,9.15,9.23,17354693,159824202
"1431",2017-03-23 10:39:09,9.16,9.16,9.24,9.15,9.22,17359493,159868458
"1432",2017-03-23 10:39:12,9.16,9.16,9.24,9.15,9.23,17359993,159873073
"1433",2017-03-23 10:39:15,9.16,9.16,9.24,9.15,9.23,17360793,159880457
"1434",2017-03-23 10:39:18,9.16,9.16,9.24,9.15,9.23,17365993,159928453
"1435",2017-03-23 10:39:21,9.16,9.16,9.24,9.15,9.23,17390393,160153478
"1436",2017-03-23 10:39:24,9.16,9.16,9.24,9.15,9.23,17393793,160184860
"1437",2017-03-23 10:39:27,9.16,9.16,9.24,9.15,9.23,17402793,160267930
"1438",2017-03-23 10:39:30,9.16,9.16,9.24,9.15,9.23,17402793,160267930
"1439",2017-03-23 10:39:33,9.16,9.16,9.24,9.15,9.22,17403913,160278257
"1440",2017-03-23 10:39:36,9.16,9.16,9.24,9.15,9.23,17411513,160348405
"1441",2017-03-23 10:39:39,9.16,9.16,9.24,9.15,9.23,17412513,160357635
"1442",2017-03-23 10:39:42,9.16,9.16,9.24,9.15,9.22,17417413,160402861
"1443",2017-03-23 10:39:45,9.16,9.16,9.24,9.15,9.23,17417913,160407476
"1444",2017-03-23 10:39:48,9.16,9.16,9.24,9.15,9.22,17420113,160427760
"1445",2017-03-23 10:39:51,9.16,9.16,9.24,9.15,9.22,17420113,160427760
"1446",2017-03-23 10:39:54,9.16,9.16,9.24,9.15,9.22,17422313,160448050
"1447",2017-03-23 10:39:57,9.16,9.16,9.24,9.15,9.22,17422713,160451738
"1448",2017-03-23 10:40:00,9.16,9.16,9.24,9.15,9.22,17430613,160524576
"1449",2017-03-23 10:40:03,9.16,9.16,9.24,9.15,9.23,17431213,160530114
"1450",2017-03-23 10:40:06,9.16,9.16,9.24,9.15,9.23,17436813,160581802
"1451",2017-03-23 10:40:09,9.16,9.16,9.24,9.15,9.23,17451413,160716460
"1452",2017-03-23 10:40:12,9.16,9.16,9.24,9.15,9.23,17451413,160716460
"1453",2017-03-23 10:40:15,9.16,9.16,9.24,9.15,9.22,17451513,160717382
"1454",2017-03-23 10:40:18,9.16,9.16,9.24,9.15,9.22,17451513,160717382
"1455",2017-03-23 10:40:21,9.16,9.16,9.24,9.15,9.23,17453113,160732149
"1456",2017-03-23 10:40:24,9.16,9.16,9.24,9.15,9.23,17453113,160732149
"1457",2017-03-23 10:40:27,9.16,9.16,9.24,9.15,9.23,17453113,160732149
"1458",2017-03-23 10:40:30,9.16,9.16,9.24,9.15,9.23,17454113,160741379
"1459",2017-03-23 10:40:33,9.16,9.16,9.24,9.15,9.22,17456913,160767195
"1460",2017-03-23 10:40:36,9.16,9.16,9.24,9.15,9.23,17457713,160774579
"1461",2017-03-23 10:40:39,9.16,9.16,9.24,9.15,9.23,17457713,160774579
"1462",2017-03-23 10:40:42,9.16,9.16,9.24,9.15,9.23,17458213,160779194
"1463",2017-03-23 10:40:45,9.16,9.16,9.24,9.15,9.23,17458213,160779194
"1464",2017-03-23 10:40:48,9.16,9.16,9.24,9.15,9.22,17460579,160801019
"1465",2017-03-23 10:40:51,9.16,9.16,9.24,9.15,9.23,17467579,160865629
"1466",2017-03-23 10:40:54,9.16,9.16,9.24,9.15,9.23,17479879,160979142
"1467",2017-03-23 10:40:57,9.16,9.16,9.24,9.15,9.22,17485379,161029865
"1468",2017-03-23 10:41:00,9.16,9.16,9.24,9.15,9.23,17488479,161058456
"1469",2017-03-23 10:41:03,9.16,9.16,9.24,9.15,9.23,17488479,161058456
"1470",2017-03-23 10:41:06,9.16,9.16,9.24,9.15,9.23,17493179,161101837
"1471",2017-03-23 10:41:09,9.16,9.16,9.24,9.15,9.23,17502679,161189522
"1472",2017-03-23 10:41:12,9.16,9.16,9.24,9.15,9.23,17502679,161189522
"1473",2017-03-23 10:41:15,9.16,9.16,9.24,9.15,9.23,17502679,161189522
"1474",2017-03-23 10:41:18,9.16,9.16,9.24,9.15,9.23,17502679,161189522
"1475",2017-03-23 10:41:21,9.16,9.16,9.24,9.15,9.23,17504479,161206135
"1476",2017-03-23 10:41:24,9.16,9.16,9.24,9.15,9.23,17504479,161206135
"1477",2017-03-23 10:41:27,9.16,9.16,9.24,9.15,9.23,17507779,161236594
"1478",2017-03-23 10:41:30,9.16,9.16,9.24,9.15,9.23,17567879,161791317
"1479",2017-03-23 10:41:33,9.16,9.16,9.24,9.15,9.23,17585679,161955611
"1480",2017-03-23 10:41:36,9.16,9.16,9.24,9.15,9.23,17585679,161955611
"1481",2017-03-23 10:41:39,9.16,9.16,9.24,9.15,9.23,17588279,161979609
"1482",2017-03-23 10:41:42,9.16,9.16,9.24,9.15,9.23,17588279,161979609
"1483",2017-03-23 10:41:45,9.16,9.16,9.24,9.15,9.22,17588779,161984219
"1484",2017-03-23 10:41:48,9.16,9.16,9.24,9.15,9.23,17589779,161993444
"1485",2017-03-23 10:41:51,9.16,9.16,9.24,9.15,9.23,17599279,162081088
"1486",2017-03-23 10:41:54,9.16,9.16,9.24,9.15,9.22,17602079,162106915
"1487",2017-03-23 10:41:57,9.16,9.16,9.24,9.15,9.22,17624779,162316209
"1488",2017-03-23 10:42:00,9.16,9.16,9.24,9.15,9.22,17624779,162316209
"1489",2017-03-23 10:42:03,9.16,9.16,9.24,9.15,9.22,17628599,162351439
"1490",2017-03-23 10:42:06,9.16,9.16,9.24,9.15,9.23,17630099,162365274
"1491",2017-03-23 10:42:09,9.16,9.16,9.24,9.15,9.23,17631399,162377270
"1492",2017-03-23 10:42:12,9.16,9.16,9.24,9.15,9.23,17641699,162472329
"1493",2017-03-23 10:42:15,9.16,9.16,9.24,9.15,9.22,17642399,162478783
"1494",2017-03-23 10:42:18,9.16,9.16,9.24,9.15,9.22,17642399,162478783
"1495",2017-03-23 10:42:21,9.16,9.16,9.24,9.15,9.22,17642399,162478783
"1496",2017-03-23 10:42:24,9.16,9.16,9.24,9.15,9.23,17643299,162487090
"1497",2017-03-23 10:42:27,9.16,9.16,9.24,9.15,9.23,17646399,162515703
"1498",2017-03-23 10:42:30,9.16,9.16,9.24,9.15,9.23,17646399,162515703
"1499",2017-03-23 10:42:33,9.16,9.16,9.24,9.15,9.23,17646399,162515703
"1500",2017-03-23 10:42:36,9.16,9.16,9.24,9.15,9.22,17646499,162516625
"1501",2017-03-23 10:42:39,9.16,9.16,9.24,9.15,9.22,17661599,162655852
"1502",2017-03-23 10:42:42,9.16,9.16,9.24,9.15,9.22,17661599,162655852
"1503",2017-03-23 10:42:45,9.16,9.16,9.24,9.15,9.22,17661599,162655852
"1504",2017-03-23 10:42:48,9.16,9.16,9.24,9.15,9.23,17662699,162666005
"1505",2017-03-23 10:42:51,9.16,9.16,9.24,9.15,9.23,17673199,162762870
"1506",2017-03-23 10:42:54,9.16,9.16,9.24,9.15,9.22,17688199,162901304
"1507",2017-03-23 10:42:57,9.16,9.16,9.24,9.15,9.22,17688199,162901304
"1508",2017-03-23 10:43:00,9.16,9.16,9.24,9.15,9.22,17688199,162901304
"1509",2017-03-23 10:43:03,9.16,9.16,9.24,9.15,9.22,17688899,162907758
"1510",2017-03-23 10:43:06,9.16,9.16,9.24,9.15,9.23,17689399,162912373
"1511",2017-03-23 10:43:09,9.16,9.16,9.24,9.15,9.23,17694899,162963138
"1512",2017-03-23 10:43:12,9.16,9.16,9.24,9.15,9.22,17697199,162984344
"1513",2017-03-23 10:43:15,9.16,9.16,9.24,9.15,9.22,17704199,163048934
"1514",2017-03-23 10:43:18,9.16,9.16,9.24,9.15,9.23,17705399,163060010
"1515",2017-03-23 10:43:21,9.16,9.16,9.24,9.15,9.22,17714499,163143912
"1516",2017-03-23 10:43:24,9.16,9.16,9.24,9.15,9.22,17714499,163143912
"1517",2017-03-23 10:43:27,9.16,9.16,9.24,9.15,9.23,17714599,163144835
"1518",2017-03-23 10:43:33,9.16,9.16,9.24,9.15,9.23,17721599,163209445
"1519",2017-03-23 10:43:36,9.16,9.16,9.24,9.15,9.23,17722299,163215906
"1520",2017-03-23 10:43:39,9.16,9.16,9.24,9.15,9.22,17722599,163218672
"1521",2017-03-23 10:43:42,9.16,9.16,9.24,9.15,9.22,17724899,163239878
"1522",2017-03-23 10:43:45,9.16,9.16,9.24,9.15,9.23,17729999,163286950
"1523",2017-03-23 10:43:48,9.16,9.16,9.24,9.15,9.23,17733699,163321101
"1524",2017-03-23 10:43:51,9.16,9.16,9.24,9.15,9.22,17737999,163360747
"1525",2017-03-23 10:43:54,9.16,9.16,9.24,9.15,9.22,17745599,163430873
"1526",2017-03-23 10:43:57,9.16,9.16,9.24,9.15,9.22,17745599,163430873
"1527",2017-03-23 10:44:00,9.16,9.16,9.24,9.15,9.22,17745999,163434561
"1528",2017-03-23 10:44:03,9.16,9.16,9.24,9.15,9.22,17746599,163440094
"1529",2017-03-23 10:44:06,9.16,9.16,9.24,9.15,9.23,17747499,163448394
"1530",2017-03-23 10:44:09,9.16,9.16,9.24,9.15,9.23,17747499,163448394
"1531",2017-03-23 10:44:12,9.16,9.16,9.24,9.15,9.23,17752899,163498236
"1532",2017-03-23 10:44:15,9.16,9.16,9.24,9.15,9.22,17755599,163523137
"1533",2017-03-23 10:44:18,9.16,9.16,9.24,9.15,9.22,17758099,163546189
"1534",2017-03-23 10:44:21,9.16,9.16,9.24,9.15,9.23,17758399,163548958
"1535",2017-03-23 10:44:24,9.16,9.16,9.24,9.15,9.23,18014399,165911838
"1536",2017-03-23 10:44:27,9.16,9.16,9.24,9.15,9.23,18043599,166181354
"1537",2017-03-23 10:44:30,9.16,9.16,9.24,9.15,9.23,18111199,166805095
"1538",2017-03-23 10:44:33,9.16,9.16,9.24,9.15,9.22,18112199,166814315
"1539",2017-03-23 10:44:36,9.16,9.16,9.24,9.15,9.23,18112299,166815238
"1540",2017-03-23 10:44:39,9.16,9.16,9.24,9.15,9.23,18115199,166842005
"1541",2017-03-23 10:44:42,9.16,9.16,9.24,9.15,9.23,18125799,166939813
"1542",2017-03-23 10:44:45,9.16,9.16,9.24,9.15,9.23,18126799,166949043
"1543",2017-03-23 10:44:48,9.16,9.16,9.24,9.15,9.23,18134099,167016422
"1544",2017-03-23 10:44:51,9.16,9.16,9.24,9.15,9.23,18134299,167018268
"1545",2017-03-23 10:44:54,9.16,9.16,9.24,9.15,9.23,18143209,167100492
"1546",2017-03-23 10:44:57,9.16,9.16,9.24,9.15,9.23,18144799,167115170
"1547",2017-03-23 10:45:00,9.16,9.16,9.24,9.15,9.22,18145099,167117938
"1548",2017-03-23 10:45:03,9.16,9.16,9.24,9.15,9.22,18150199,167164960
"1549",2017-03-23 10:45:06,9.16,9.16,9.24,9.15,9.22,18150319,167166067
"1550",2017-03-23 10:45:09,9.16,9.16,9.24,9.15,9.23,18155819,167216832
"1551",2017-03-23 10:45:12,9.16,9.16,9.24,9.15,9.22,18199019,167615168
"1552",2017-03-23 10:45:15,9.16,9.16,9.24,9.15,9.22,18199019,167615168
"1553",2017-03-23 10:45:18,9.16,9.16,9.24,9.15,9.22,18200119,167625310
"1554",2017-03-23 10:45:21,9.16,9.16,9.24,9.15,9.23,18206419,167683459
"1555",2017-03-23 10:45:24,9.16,9.16,9.24,9.15,9.23,18206419,167683459
"1556",2017-03-23 10:45:27,9.16,9.16,9.24,9.15,9.22,18208619,167703743
"1557",2017-03-23 10:45:30,9.16,9.16,9.24,9.15,9.23,18209819,167714819
"1558",2017-03-23 10:45:33,9.16,9.16,9.24,9.15,9.23,18209819,167714819
"1559",2017-03-23 10:45:36,9.16,9.16,9.24,9.15,9.23,18209819,167714819
"1560",2017-03-23 10:45:39,9.16,9.16,9.24,9.15,9.23,18210319,167719434
"1561",2017-03-23 10:45:42,9.16,9.16,9.24,9.15,9.23,18210619,167722203
"1562",2017-03-23 10:45:45,9.16,9.16,9.24,9.15,9.22,18215619,167768303
"1563",2017-03-23 10:45:48,9.16,9.16,9.24,9.15,9.23,18216119,167772918
"1564",2017-03-23 10:45:51,9.16,9.16,9.24,9.15,9.22,18226119,167865118
"1565",2017-03-23 10:45:54,9.16,9.16,9.24,9.15,9.22,18233119,167929712
"1566",2017-03-23 10:45:57,9.16,9.16,9.24,9.15,9.22,18233119,167929712
"1567",2017-03-23 10:46:00,9.16,9.16,9.24,9.15,9.22,18233119,167929712
"1568",2017-03-23 10:46:03,9.16,9.16,9.24,9.15,9.22,18234619,167943547
"1569",2017-03-23 10:46:06,9.16,9.16,9.24,9.15,9.22,18234619,167943547
"1570",2017-03-23 10:46:09,9.16,9.16,9.24,9.15,9.23,18239119,167985082
"1571",2017-03-23 10:46:12,9.16,9.16,9.24,9.15,9.23,18255019,168131739
"1572",2017-03-23 10:46:15,9.16,9.16,9.24,9.15,9.23,18255019,168131739
"1573",2017-03-23 10:46:18,9.16,9.16,9.24,9.15,9.23,18255019,168131739
"1574",2017-03-23 10:46:21,9.16,9.16,9.24,9.15,9.22,18255819,168139115
"1575",2017-03-23 10:46:24,9.16,9.16,9.24,9.15,9.22,18255819,168139115
"1576",2017-03-23 10:46:27,9.16,9.16,9.24,9.15,9.22,18255819,168139115
"1577",2017-03-23 10:46:30,9.16,9.16,9.24,9.15,9.22,18255819,168139115
"1578",2017-03-23 10:46:33,9.16,9.16,9.24,9.15,9.22,18258019,168159399
"1579",2017-03-23 10:46:36,9.16,9.16,9.24,9.15,9.22,18258019,168159399
"1580",2017-03-23 10:46:39,9.16,9.16,9.24,9.15,9.22,18258019,168159399
"1581",2017-03-23 10:46:42,9.16,9.16,9.24,9.15,9.23,18259119,168169552
"1582",2017-03-23 10:46:45,9.16,9.16,9.24,9.15,9.23,18259319,168171398
"1583",2017-03-23 10:46:48,9.16,9.16,9.24,9.15,9.23,18259319,168171398
"1584",2017-03-23 10:46:51,9.16,9.16,9.24,9.15,9.23,18259319,168171398
"1585",2017-03-23 10:46:54,9.16,9.16,9.24,9.15,9.22,18266419,168236915
"1586",2017-03-23 10:46:57,9.16,9.16,9.24,9.15,9.22,18266419,168236915
"1587",2017-03-23 10:47:00,9.16,9.16,9.24,9.15,9.23,18271719,168285784
"1588",2017-03-23 10:47:03,9.16,9.16,9.24,9.15,9.23,18271719,168285784
"1589",2017-03-23 10:47:06,9.16,9.16,9.24,9.15,9.22,18282619,168386321
"1590",2017-03-23 10:47:09,9.16,9.16,9.24,9.15,9.23,18288119,168437086
"1591",2017-03-23 10:47:12,9.16,9.16,9.24,9.15,9.23,18288319,168438931
"1592",2017-03-23 10:47:15,9.16,9.16,9.24,9.15,9.23,18288619,168441700
"1593",2017-03-23 10:47:18,9.16,9.16,9.24,9.15,9.23,18289248,168447505
"1594",2017-03-23 10:47:21,9.16,9.16,9.24,9.15,9.23,18289248,168447505
"1595",2017-03-23 10:47:24,9.16,9.16,9.24,9.15,9.23,18290048,168454889
"1596",2017-03-23 10:47:27,9.16,9.16,9.24,9.15,9.23,18294148,168492732
"1597",2017-03-23 10:47:30,9.16,9.16,9.24,9.15,9.23,18294248,168493655
"1598",2017-03-23 10:47:33,9.16,9.16,9.24,9.15,9.23,18294248,168493655
"1599",2017-03-23 10:47:36,9.16,9.16,9.24,9.15,9.22,18295648,168506573
"1600",2017-03-23 10:47:39,9.16,9.16,9.24,9.15,9.22,18295648,168506573
"1601",2017-03-23 10:47:42,9.16,9.16,9.24,9.15,9.22,18302148,168566503
"1602",2017-03-23 10:47:45,9.16,9.16,9.24,9.15,9.23,18302648,168571118
"1603",2017-03-23 10:47:48,9.16,9.16,9.24,9.15,9.23,18303648,168580348
"1604",2017-03-23 10:47:51,9.16,9.16,9.24,9.15,9.23,18303648,168580348
"1605",2017-03-23 10:47:54,9.16,9.16,9.24,9.15,9.23,18310648,168644942
"1606",2017-03-23 10:47:57,9.16,9.16,9.24,9.15,9.23,18310648,168644942
"1607",2017-03-23 10:48:00,9.16,9.16,9.24,9.15,9.22,18320748,168738065
"1608",2017-03-23 10:48:03,9.16,9.16,9.24,9.15,9.23,18323148,168760194
"1609",2017-03-23 10:48:06,9.16,9.16,9.24,9.15,9.22,18353148,169036794
"1610",2017-03-23 10:48:09,9.16,9.16,9.24,9.15,9.22,18354348,169047868
"1611",2017-03-23 10:48:12,9.16,9.16,9.24,9.15,9.23,18359748,169097710
"1612",2017-03-23 10:48:15,9.16,9.16,9.24,9.15,9.22,18362748,169125370
"1613",2017-03-23 10:48:18,9.16,9.16,9.24,9.15,9.22,18363368,169131087
"1614",2017-03-23 10:48:21,9.16,9.16,9.24,9.15,9.22,18363368,169131087
"1615",2017-03-23 10:48:24,9.16,9.16,9.24,9.15,9.22,18405668,169521093
"1616",2017-03-23 10:48:27,9.16,9.16,9.24,9.15,9.22,18423668,169687053
"1617",2017-03-23 10:48:30,9.16,9.16,9.24,9.15,9.22,18426768,169715655
"1618",2017-03-23 10:48:33,9.16,9.16,9.24,9.15,9.22,18426768,169715655
"1619",2017-03-23 10:48:36,9.16,9.16,9.24,9.15,9.22,18430668,169751613
"1620",2017-03-23 10:48:39,9.16,9.16,9.24,9.15,9.22,18430668,169751613
"1621",2017-03-23 10:48:42,9.16,9.16,9.24,9.15,9.22,18430668,169751613
"1622",2017-03-23 10:48:45,9.16,9.16,9.24,9.15,9.23,18439868,169836529
"1623",2017-03-23 10:48:48,9.16,9.16,9.24,9.15,9.22,18442068,169856813
"1624",2017-03-23 10:48:51,9.16,9.16,9.24,9.15,9.23,18449968,169929730
"1625",2017-03-23 10:48:54,9.16,9.16,9.24,9.15,9.22,18457468,169998935
"1626",2017-03-23 10:48:57,9.16,9.16,9.24,9.15,9.23,18457668,170000781
"1627",2017-03-23 10:49:00,9.16,9.16,9.24,9.15,9.22,18458068,170004469
"1628",2017-03-23 10:49:03,9.16,9.16,9.24,9.15,9.23,18459068,170013699
"1629",2017-03-23 10:49:06,9.16,9.16,9.24,9.15,9.23,18459068,170013699
"1630",2017-03-23 10:49:09,9.16,9.16,9.24,9.15,9.22,18459168,170014621
"1631",2017-03-23 10:49:12,9.16,9.16,9.24,9.15,9.23,18464668,170065386
"1632",2017-03-23 10:49:15,9.16,9.16,9.24,9.15,9.22,18495068,170345674
"1633",2017-03-23 10:49:18,9.16,9.16,9.24,9.15,9.22,18495068,170345674
"1634",2017-03-23 10:49:21,9.16,9.16,9.24,9.15,9.23,18495668,170351212
"1635",2017-03-23 10:49:24,9.16,9.16,9.24,9.15,9.23,18495668,170351212
"1636",2017-03-23 10:49:27,9.16,9.16,9.24,9.15,9.23,18497368,170366903
"1637",2017-03-23 10:49:30,9.16,9.16,9.24,9.15,9.22,18508168,170466487
"1638",2017-03-23 10:49:33,9.16,9.16,9.24,9.15,9.22,18508168,170466487
"1639",2017-03-23 10:49:36,9.16,9.16,9.24,9.15,9.22,18547868,170832521
"1640",2017-03-23 10:49:39,9.16,9.16,9.24,9.15,9.22,18547868,170832521
"1641",2017-03-23 10:49:42,9.16,9.16,9.24,9.15,9.22,18547868,170832521
"1642",2017-03-23 10:49:45,9.16,9.16,9.24,9.15,9.22,18547868,170832521
"1643",2017-03-23 10:49:48,9.16,9.16,9.24,9.15,9.22,18547868,170832521
"1644",2017-03-23 10:49:51,9.16,9.16,9.24,9.15,9.22,18552068,170871265
"1645",2017-03-23 10:49:54,9.16,9.16,9.24,9.15,9.22,18559068,170935859
"1646",2017-03-23 10:49:57,9.16,9.16,9.24,9.15,9.22,18559068,170935859
"1647",2017-03-23 10:50:00,9.16,9.16,9.24,9.15,9.23,18559968,170944166
"1648",2017-03-23 10:50:03,9.16,9.16,9.24,9.15,9.23,18567768,171016160
"1649",2017-03-23 10:50:06,9.16,9.16,9.24,9.15,9.23,18593368,171252214
"1650",2017-03-23 10:50:09,9.16,9.16,9.24,9.15,9.23,18593768,171255906
"1651",2017-03-23 10:50:12,9.16,9.16,9.24,9.15,9.22,18600468,171317734
"1652",2017-03-23 10:50:15,9.16,9.16,9.24,9.15,9.22,18600468,171317734
"1653",2017-03-23 10:50:18,9.16,9.16,9.24,9.15,9.22,18600468,171317734
"1654",2017-03-23 10:50:21,9.16,9.16,9.24,9.15,9.22,18600868,171321422
"1655",2017-03-23 10:50:24,9.16,9.16,9.24,9.15,9.23,18602368,171335267
"1656",2017-03-23 10:50:27,9.16,9.16,9.24,9.15,9.22,18607168,171379541
"1657",2017-03-23 10:50:30,9.16,9.16,9.24,9.15,9.22,18607168,171379541
"1658",2017-03-23 10:50:33,9.16,9.16,9.24,9.15,9.22,18607168,171379541
"1659",2017-03-23 10:50:36,9.16,9.16,9.24,9.15,9.22,18607168,171379541
"1660",2017-03-23 10:50:39,9.16,9.16,9.24,9.15,9.22,18607168,171379541
"1661",2017-03-23 10:50:42,9.16,9.16,9.24,9.15,9.22,18607168,171379541
"1662",2017-03-23 10:50:45,9.16,9.16,9.24,9.15,9.22,18607168,171379541
"1663",2017-03-23 10:50:48,9.16,9.16,9.24,9.15,9.22,18607608,171383597
"1664",2017-03-23 10:50:51,9.16,9.16,9.24,9.15,9.22,18617608,171475797
"1665",2017-03-23 10:50:54,9.16,9.16,9.24,9.15,9.22,18621208,171509009
"1666",2017-03-23 10:50:57,9.16,9.16,9.24,9.15,9.22,18621208,171509009
"1667",2017-03-23 10:51:00,9.16,9.16,9.24,9.15,9.22,18626908,171561563
"1668",2017-03-23 10:51:03,9.16,9.16,9.24,9.15,9.23,18628408,171575408
"1669",2017-03-23 10:51:06,9.16,9.16,9.24,9.15,9.22,18630608,171595692
"1670",2017-03-23 10:51:12,9.16,9.16,9.24,9.15,9.22,18630608,171595692
"1671",2017-03-23 10:51:15,9.16,9.16,9.24,9.15,9.22,18630608,171595692
"1672",2017-03-23 10:51:21,9.16,9.16,9.24,9.15,9.22,18630608,171595692
"1673",2017-03-23 10:51:24,9.16,9.16,9.24,9.15,9.22,18630608,171595692
"1674",2017-03-23 10:51:27,9.16,9.16,9.24,9.15,9.22,18681108,172061307
"1675",2017-03-23 10:51:33,9.16,9.16,9.24,9.15,9.23,18695908,172197891
"1676",2017-03-23 10:51:36,9.16,9.16,9.24,9.15,9.23,18696008,172198814
"1677",2017-03-23 10:51:39,9.16,9.16,9.24,9.15,9.23,18696008,172198814
"1678",2017-03-23 10:51:42,9.16,9.16,9.24,9.15,9.23,18696008,172198814
"1679",2017-03-23 10:51:45,9.16,9.16,9.24,9.15,9.23,18696008,172198814
"1680",2017-03-23 10:51:48,9.16,9.16,9.24,9.15,9.23,18696008,172198814
"1681",2017-03-23 10:51:51,9.16,9.16,9.24,9.15,9.23,18696008,172198814
"1682",2017-03-23 10:51:54,9.16,9.16,9.24,9.15,9.22,18697608,172213566
"1683",2017-03-23 10:51:57,9.16,9.16,9.24,9.15,9.23,18698608,172222796
"1684",2017-03-23 10:52:00,9.16,9.16,9.24,9.15,9.23,18704008,172272638
"1685",2017-03-23 10:52:03,9.16,9.16,9.24,9.15,9.23,18704008,172272638
"1686",2017-03-23 10:52:06,9.16,9.16,9.24,9.15,9.22,18704708,172279092
"1687",2017-03-23 10:52:09,9.16,9.16,9.24,9.15,9.22,18704708,172279092
"1688",2017-03-23 10:52:12,9.16,9.16,9.24,9.15,9.22,18709408,172322426
"1689",2017-03-23 10:52:15,9.16,9.16,9.24,9.15,9.22,18709408,172322426
"1690",2017-03-23 10:52:18,9.16,9.16,9.24,9.15,9.22,18715408,172377746
"1691",2017-03-23 10:52:21,9.16,9.16,9.24,9.15,9.22,18715408,172377746
"1692",2017-03-23 10:52:27,9.16,9.16,9.24,9.15,9.22,18715408,172377746
"1693",2017-03-23 10:52:30,9.16,9.16,9.24,9.15,9.22,18725408,172469952
"1694",2017-03-23 10:52:33,9.16,9.16,9.24,9.15,9.22,18727208,172486548
"1695",2017-03-23 10:52:36,9.16,9.16,9.24,9.15,9.22,18728208,172495768
"1696",2017-03-23 10:52:39,9.16,9.16,9.24,9.15,9.22,18728208,172495768
"1697",2017-03-23 10:52:45,9.16,9.16,9.24,9.15,9.22,18728208,172495768
"1698",2017-03-23 10:52:48,9.16,9.16,9.24,9.15,9.22,18728208,172495768
"1699",2017-03-23 10:52:51,9.16,9.16,9.24,9.15,9.22,18728208,172495768
"1700",2017-03-23 10:52:54,9.16,9.16,9.24,9.15,9.22,18730308,172515130
"1701",2017-03-23 10:52:57,9.16,9.16,9.24,9.15,9.22,18730808,172519740
"1702",2017-03-23 10:53:00,9.16,9.16,9.24,9.15,9.23,18733608,172545576
"1703",2017-03-23 10:53:03,9.16,9.16,9.24,9.15,9.23,18733608,172545576
"1704",2017-03-23 10:53:06,9.16,9.16,9.24,9.15,9.22,18733708,172546498
"1705",2017-03-23 10:53:09,9.16,9.16,9.24,9.15,9.22,18836208,173491548
"1706",2017-03-23 10:53:12,9.16,9.16,9.24,9.15,9.22,18837208,173500768
"1707",2017-03-23 10:53:15,9.16,9.16,9.24,9.15,9.22,18837208,173500768
"1708",2017-03-23 10:53:18,9.16,9.16,9.24,9.15,9.22,18839408,173521052
"1709",2017-03-23 10:53:21,9.16,9.16,9.24,9.15,9.22,18842680,173551220
"1710",2017-03-23 10:53:24,9.16,9.16,9.24,9.15,9.22,18842680,173551220
"1711",2017-03-23 10:53:27,9.16,9.16,9.24,9.15,9.23,18843780,173561363
"1712",2017-03-23 10:53:30,9.16,9.16,9.24,9.15,9.23,18845780,173579823
"1713",2017-03-23 10:53:33,9.16,9.16,9.24,9.15,9.22,18855780,173672023
"1714",2017-03-23 10:53:36,9.16,9.16,9.24,9.15,9.22,18855780,173672023
"1715",2017-03-23 10:53:39,9.16,9.16,9.24,9.15,9.22,18855780,173672023
"1716",2017-03-23 10:53:42,9.16,9.16,9.24,9.15,9.22,18863280,173741173
"1717",2017-03-23 10:53:45,9.16,9.16,9.24,9.15,9.23,18871080,173813167
"1718",2017-03-23 10:53:48,9.16,9.16,9.24,9.15,9.23,18871080,173813167
"1719",2017-03-23 10:53:51,9.16,9.16,9.24,9.15,9.22,18871580,173817777
"1720",2017-03-23 10:53:54,9.16,9.16,9.24,9.15,9.22,18873180,173832529
"1721",2017-03-23 10:53:57,9.16,9.16,9.24,9.15,9.22,18875180,173850979
"1722",2017-03-23 10:54:00,9.16,9.16,9.24,9.15,9.22,18876780,173865741
"1723",2017-03-23 10:54:03,9.16,9.16,9.24,9.15,9.22,18916980,174236385
"1724",2017-03-23 10:54:06,9.16,9.16,9.24,9.15,9.22,18916980,174236385
"1725",2017-03-23 10:54:09,9.16,9.16,9.24,9.15,9.22,18917480,174240995
"1726",2017-03-23 10:54:12,9.16,9.16,9.24,9.15,9.22,18925580,174315677
"1727",2017-03-23 10:54:15,9.16,9.16,9.24,9.15,9.22,18927080,174329507
"1728",2017-03-23 10:54:18,9.16,9.16,9.24,9.15,9.22,18927080,174329507
"1729",2017-03-23 10:54:21,9.16,9.16,9.24,9.15,9.22,18927080,174329507
"1730",2017-03-23 10:54:24,9.16,9.16,9.24,9.15,9.23,18932080,174375657
"1731",2017-03-23 10:54:27,9.16,9.16,9.24,9.15,9.22,18934280,174395941
"1732",2017-03-23 10:54:30,9.16,9.16,9.24,9.15,9.22,18935580,174407927
"1733",2017-03-23 10:54:33,9.16,9.16,9.24,9.15,9.23,18936080,174412542
"1734",2017-03-23 10:54:36,9.16,9.16,9.24,9.15,9.22,18946080,174504742
"1735",2017-03-23 10:54:39,9.16,9.16,9.24,9.15,9.23,18946580,174509357
"1736",2017-03-23 10:54:42,9.16,9.16,9.24,9.15,9.23,18959680,174630170
"1737",2017-03-23 10:54:45,9.16,9.16,9.24,9.15,9.22,18974780,174769392
"1738",2017-03-23 10:54:48,9.16,9.16,9.24,9.15,9.23,18975280,174774007
"1739",2017-03-23 10:54:51,9.16,9.16,9.24,9.15,9.22,18976380,174784149
"1740",2017-03-23 10:54:54,9.16,9.16,9.24,9.15,9.22,18977980,174798901
"1741",2017-03-23 10:54:57,9.16,9.16,9.24,9.15,9.23,18979180,174809967
"1742",2017-03-23 10:55:00,9.16,9.16,9.24,9.15,9.22,18982080,174836705
"1743",2017-03-23 10:55:03,9.16,9.16,9.24,9.15,9.22,18982180,174837627
"1744",2017-03-23 10:55:06,9.16,9.16,9.24,9.15,9.22,18984880,174862521
"1745",2017-03-23 10:55:09,9.16,9.16,9.24,9.15,9.22,18987680,174888337
"1746",2017-03-23 10:55:12,9.16,9.16,9.24,9.15,9.22,18987780,174889259
"1747",2017-03-23 10:55:15,9.16,9.16,9.24,9.15,9.22,18989780,174907699
"1748",2017-03-23 10:55:18,9.16,9.16,9.24,9.15,9.23,18989980,174909545
"1749",2017-03-23 10:55:21,9.16,9.16,9.24,9.15,9.22,18993080,174938138
"1750",2017-03-23 10:55:24,9.16,9.16,9.24,9.15,9.22,18993280,174939982
"1751",2017-03-23 10:55:27,9.16,9.16,9.24,9.15,9.22,18993280,174939982
"1752",2017-03-23 10:55:30,9.16,9.16,9.24,9.15,9.22,19011980,175112396
"1753",2017-03-23 10:55:33,9.16,9.16,9.24,9.15,9.22,19015480,175144666
"1754",2017-03-23 10:55:36,9.16,9.16,9.24,9.15,9.22,19016780,175156652
"1755",2017-03-23 10:55:39,9.16,9.16,9.24,9.15,9.22,19017680,175164950
"1756",2017-03-23 10:55:42,9.16,9.16,9.24,9.15,9.22,19018080,175168638
"1757",2017-03-23 10:55:45,9.16,9.16,9.24,9.15,9.23,19019280,175179708
"1758",2017-03-23 10:55:48,9.16,9.16,9.24,9.15,9.22,19020780,175193543
"1759",2017-03-23 10:55:51,9.16,9.16,9.24,9.15,9.23,19021480,175200004
"1760",2017-03-23 10:55:54,9.16,9.16,9.24,9.15,9.22,19027780,175258135
"1761",2017-03-23 10:55:57,9.16,9.16,9.24,9.15,9.22,19027780,175258135
"1762",2017-03-23 10:56:00,9.16,9.16,9.24,9.15,9.23,19029280,175271980
"1763",2017-03-23 10:56:09,9.16,9.16,9.24,9.15,9.22,19053780,175498104
"1764",2017-03-23 10:56:15,9.16,9.16,9.24,9.15,9.22,19053780,175498104
"1765",2017-03-23 10:56:18,9.16,9.16,9.24,9.15,9.22,19055580,175514700
"1766",2017-03-23 10:56:21,9.16,9.16,9.24,9.15,9.23,19057080,175528545
"1767",2017-03-23 10:56:24,9.16,9.16,9.24,9.15,9.23,19057080,175528545
"1768",2017-03-23 10:56:27,9.16,9.16,9.24,9.15,9.22,19060980,175564503
"1769",2017-03-23 10:56:30,9.16,9.16,9.24,9.15,9.22,19062280,175576489
"1770",2017-03-23 10:56:33,9.16,9.16,9.24,9.15,9.22,19062280,175576489
"1771",2017-03-23 10:56:36,9.16,9.16,9.24,9.15,9.22,19062280,175576489
"1772",2017-03-23 10:56:39,9.16,9.16,9.24,9.15,9.23,19073080,175676151
"1773",2017-03-23 10:56:42,9.16,9.16,9.24,9.15,9.23,19073180,175677074
"1774",2017-03-23 10:56:45,9.16,9.16,9.24,9.15,9.23,19073180,175677074
"1775",2017-03-23 10:56:48,9.16,9.16,9.24,9.15,9.23,19073180,175677074
"1776",2017-03-23 10:56:51,9.16,9.16,9.24,9.15,9.23,19073980,175684458
"1777",2017-03-23 10:56:54,9.16,9.16,9.24,9.15,9.22,19079780,175737934
"1778",2017-03-23 10:56:57,9.16,9.16,9.24,9.15,9.22,19079780,175737934
"1779",2017-03-23 10:57:00,9.16,9.16,9.24,9.15,9.22,19079780,175737934
"1780",2017-03-23 10:57:03,9.16,9.16,9.24,9.15,9.22,19079780,175737934
"1781",2017-03-23 10:57:06,9.16,9.16,9.24,9.15,9.22,19080880,175748076
"1782",2017-03-23 10:57:09,9.16,9.16,9.24,9.15,9.22,19080880,175748076
"1783",2017-03-23 10:57:12,9.16,9.16,9.24,9.15,9.22,19080880,175748076
"1784",2017-03-23 10:57:15,9.16,9.16,9.24,9.15,9.22,19080880,175748076
"1785",2017-03-23 10:57:18,9.16,9.16,9.24,9.15,9.22,19080980,175748998
"1786",2017-03-23 10:57:21,9.16,9.16,9.24,9.15,9.22,19091980,175850418
"1787",2017-03-23 10:57:24,9.16,9.16,9.24,9.15,9.22,19091980,175850418
"1788",2017-03-23 10:57:27,9.16,9.16,9.24,9.15,9.22,19091980,175850418
"1789",2017-03-23 10:57:30,9.16,9.16,9.24,9.15,9.22,19091980,175850418
"1790",2017-03-23 10:57:33,9.16,9.16,9.24,9.15,9.22,19112180,176036664
"1791",2017-03-23 10:57:36,9.16,9.16,9.24,9.15,9.22,19119680,176105875
"1792",2017-03-23 10:57:39,9.16,9.16,9.24,9.15,9.22,19119680,176105875
"1793",2017-03-23 10:57:42,9.16,9.16,9.24,9.15,9.22,19119680,176105875
"1794",2017-03-23 10:57:48,9.16,9.16,9.24,9.15,9.22,19121880,176126159
"1795",2017-03-23 10:57:51,9.16,9.16,9.24,9.15,9.23,19134980,176246952
"1796",2017-03-23 10:57:54,9.16,9.16,9.24,9.15,9.22,19246580,177275904
"1797",2017-03-23 10:57:57,9.16,9.16,9.24,9.15,9.22,19247580,177285124
"1798",2017-03-23 10:58:00,9.16,9.16,9.24,9.15,9.22,19247580,177285124
"1799",2017-03-23 10:58:03,9.16,9.16,9.24,9.15,9.22,19248580,177294344
"1800",2017-03-23 10:58:06,9.16,9.16,9.24,9.15,9.23,19248980,177298036
"1801",2017-03-23 10:58:09,9.16,9.16,9.24,9.15,9.22,19251780,177323852
"1802",2017-03-23 10:58:12,9.16,9.16,9.24,9.15,9.22,19253780,177342292
"1803",2017-03-23 10:58:15,9.16,9.16,9.24,9.15,9.22,19253780,177342292
"1804",2017-03-23 10:58:18,9.16,9.16,9.24,9.15,9.22,19253780,177342292
"1805",2017-03-23 10:58:21,9.16,9.16,9.24,9.15,9.22,19259380,177393924
"1806",2017-03-23 10:58:24,9.16,9.16,9.24,9.15,9.22,19259380,177393924
"1807",2017-03-23 10:58:27,9.16,9.16,9.24,9.15,9.22,19259380,177393924
"1808",2017-03-23 10:58:30,9.16,9.16,9.24,9.15,9.22,19259380,177393924
"1809",2017-03-23 10:58:33,9.16,9.16,9.24,9.15,9.22,19260680,177405910
"1810",2017-03-23 10:58:36,9.16,9.16,9.24,9.15,9.23,19275680,177544360
"1811",2017-03-23 10:58:39,9.16,9.16,9.24,9.15,9.22,19296180,177733375
"1812",2017-03-23 10:58:42,9.16,9.16,9.24,9.15,9.22,19296180,177733375
"1813",2017-03-23 10:58:45,9.16,9.16,9.24,9.15,9.22,19296180,177733375
"1814",2017-03-23 10:58:48,9.16,9.16,9.24,9.15,9.22,19296180,177733375
"1815",2017-03-23 10:58:51,9.16,9.16,9.24,9.15,9.22,19296180,177733375
"1816",2017-03-23 10:58:54,9.16,9.16,9.24,9.15,9.22,19300980,177777631
"1817",2017-03-23 10:58:57,9.16,9.16,9.24,9.15,9.22,19304180,177807135
"1818",2017-03-23 10:59:00,9.16,9.16,9.24,9.15,9.22,19305580,177820043
"1819",2017-03-23 10:59:03,9.16,9.16,9.24,9.15,9.22,19305580,177820043
"1820",2017-03-23 10:59:06,9.16,9.16,9.24,9.15,9.23,19307380,177836657
"1821",2017-03-23 10:59:09,9.16,9.16,9.24,9.15,9.23,19318180,177936341
"1822",2017-03-23 10:59:12,9.16,9.16,9.24,9.15,9.23,19534480,179930640
"1823",2017-03-23 10:59:15,9.16,9.16,9.24,9.15,9.23,19534480,179930640
"1824",2017-03-23 10:59:18,9.16,9.16,9.24,9.15,9.23,19534480,179930640
"1825",2017-03-23 10:59:21,9.16,9.16,9.24,9.15,9.22,19535480,179939860
"1826",2017-03-23 10:59:24,9.16,9.16,9.24,9.15,9.23,19538880,179971242
"1827",2017-03-23 10:59:27,9.16,9.16,9.24,9.15,9.23,19538880,179971242
"1828",2017-03-23 10:59:30,9.16,9.16,9.24,9.15,9.23,19538880,179971242
"1829",2017-03-23 10:59:33,9.16,9.16,9.24,9.15,9.22,19540880,179989682
"1830",2017-03-23 10:59:36,9.16,9.16,9.24,9.15,9.22,19551780,180090180
"1831",2017-03-23 10:59:39,9.16,9.16,9.24,9.15,9.22,19757280,181984890
"1832",2017-03-23 10:59:42,9.16,9.16,9.24,9.15,9.22,19808780,182459720
"1833",2017-03-23 10:59:45,9.16,9.16,9.24,9.15,9.22,19817080,182536246
"1834",2017-03-23 10:59:54,9.16,9.16,9.24,9.15,9.22,19827380,182631212
"1835",2017-03-23 10:59:57,9.16,9.16,9.24,9.15,9.22,19827380,182631212
"1836",2017-03-23 11:00:00,9.16,9.16,9.24,9.15,9.22,19838380,182732632
"1837",2017-03-23 11:00:03,9.16,9.16,9.24,9.15,9.22,19842380,182769512
"1838",2017-03-23 11:00:06,9.16,9.16,9.24,9.15,9.22,19844380,182787952
"1839",2017-03-23 11:00:09,9.16,9.16,9.24,9.15,9.22,19846880,182811002
"1840",2017-03-23 11:00:12,9.16,9.16,9.24,9.15,9.22,19849580,182835896
"1841",2017-03-23 11:00:15,9.16,9.16,9.24,9.15,9.22,19850980,182848804
"1842",2017-03-23 11:00:18,9.16,9.16,9.24,9.15,9.22,19854580,182881996
"1843",2017-03-23 11:00:21,9.16,9.16,9.24,9.15,9.22,19861280,182943775
"1844",2017-03-23 11:00:24,9.16,9.16,9.24,9.15,9.22,19862280,182952995
"1845",2017-03-23 11:00:27,9.16,9.16,9.24,9.15,9.22,19865351,182981310
"1846",2017-03-23 11:00:30,9.16,9.16,9.24,9.15,9.22,19865951,182986842
"1847",2017-03-23 11:00:33,9.16,9.16,9.24,9.15,9.22,19867451,183000672
"1848",2017-03-23 11:00:36,9.16,9.16,9.24,9.15,9.22,19867951,183005282
"1849",2017-03-23 11:00:39,9.16,9.16,9.24,9.15,9.22,19868451,183009892
"1850",2017-03-23 11:00:48,9.16,9.16,9.24,9.15,9.22,19868651,183011736
"1851",2017-03-23 11:00:51,9.16,9.16,9.24,9.15,9.21,19870151,183025551
"1852",2017-03-23 11:00:54,9.16,9.16,9.24,9.15,9.21,19871751,183040287
"1853",2017-03-23 11:00:57,9.16,9.16,9.24,9.15,9.22,19874051,183061493
"1854",2017-03-23 11:01:03,9.16,9.16,9.24,9.15,9.22,19875051,183070713
"1855",2017-03-23 11:01:06,9.16,9.16,9.24,9.15,9.22,19875551,183075323
"1856",2017-03-23 11:01:09,9.16,9.16,9.24,9.15,9.22,19875551,183075323
"1857",2017-03-23 11:01:12,9.16,9.16,9.24,9.15,9.21,19877751,183095585
"1858",2017-03-23 11:01:15,9.16,9.16,9.24,9.15,9.22,19881751,183132465
"1859",2017-03-23 11:01:18,9.16,9.16,9.24,9.15,9.22,19881751,183132465
"1860",2017-03-23 11:01:21,9.16,9.16,9.24,9.15,9.22,19882051,183135231
"1861",2017-03-23 11:01:24,9.16,9.16,9.24,9.15,9.22,19882051,183135231
"1862",2017-03-23 11:01:27,9.16,9.16,9.24,9.15,9.21,19883669,183150141
"1863",2017-03-23 11:01:30,9.16,9.16,9.24,9.15,9.21,19883669,183150141
"1864",2017-03-23 11:01:33,9.16,9.16,9.24,9.15,9.21,19883669,183150141
"1865",2017-03-23 11:01:36,9.16,9.16,9.24,9.15,9.21,19884569,183158430
"1866",2017-03-23 11:01:39,9.16,9.16,9.24,9.15,9.21,19884569,183158430
"1867",2017-03-23 11:01:42,9.16,9.16,9.24,9.15,9.21,19884569,183158430
"1868",2017-03-23 11:01:45,9.16,9.16,9.24,9.15,9.22,19885569,183167650
"1869",2017-03-23 11:01:48,9.16,9.16,9.24,9.15,9.22,19895469,183258928
"1870",2017-03-23 11:01:51,9.16,9.16,9.24,9.15,9.22,19900469,183305028
"1871",2017-03-23 11:01:54,9.16,9.16,9.24,9.15,9.21,19903869,183336342
"1872",2017-03-23 11:01:57,9.16,9.16,9.24,9.15,9.21,19903869,183336342
"1873",2017-03-23 11:02:00,9.16,9.16,9.24,9.15,9.21,19903869,183336342
"1874",2017-03-23 11:02:03,9.16,9.16,9.24,9.15,9.21,19903869,183336342
"1875",2017-03-23 11:02:06,9.16,9.16,9.24,9.15,9.22,19903969,183337264
"1876",2017-03-23 11:02:09,9.16,9.16,9.24,9.15,9.22,19906769,183363074
"1877",2017-03-23 11:02:12,9.16,9.16,9.24,9.15,9.22,19906769,183363074
"1878",2017-03-23 11:02:15,9.16,9.16,9.24,9.15,9.21,19908969,183383336
"1879",2017-03-23 11:02:18,9.16,9.16,9.24,9.15,9.21,19908969,183383336
"1880",2017-03-23 11:02:21,9.16,9.16,9.24,9.15,9.21,19909089,183384441
"1881",2017-03-23 11:02:24,9.16,9.16,9.24,9.15,9.21,19911089,183402861
"1882",2017-03-23 11:02:27,9.16,9.16,9.24,9.15,9.21,19911089,183402861
"1883",2017-03-23 11:02:30,9.16,9.16,9.24,9.15,9.21,19911089,183402861
"1884",2017-03-23 11:02:33,9.16,9.16,9.24,9.15,9.21,19911089,183402861
"1885",2017-03-23 11:02:36,9.16,9.16,9.24,9.15,9.21,19911089,183402861
"1886",2017-03-23 11:02:39,9.16,9.16,9.24,9.15,9.22,19914789,183436975
"1887",2017-03-23 11:02:42,9.16,9.16,9.24,9.15,9.22,19932889,183603857
"1888",2017-03-23 11:02:45,9.16,9.16,9.24,9.15,9.22,19933189,183606623
"1889",2017-03-23 11:02:48,9.16,9.16,9.24,9.15,9.22,19933489,183609389
"1890",2017-03-23 11:02:51,9.16,9.16,9.24,9.15,9.22,19933689,183611233
"1891",2017-03-23 11:02:54,9.16,9.16,9.24,9.15,9.21,19939489,183664673
"1892",2017-03-23 11:02:57,9.16,9.16,9.24,9.15,9.21,19939489,183664673
"1893",2017-03-23 11:03:00,9.16,9.16,9.24,9.15,9.21,19939489,183664673
"1894",2017-03-23 11:03:03,9.16,9.16,9.24,9.15,9.21,19950489,183765983
"1895",2017-03-23 11:03:06,9.16,9.16,9.24,9.15,9.22,19952689,183786267
"1896",2017-03-23 11:03:09,9.16,9.16,9.24,9.15,9.22,19953689,183795487
"1897",2017-03-23 11:03:12,9.16,9.16,9.24,9.15,9.22,19953689,183795487
"1898",2017-03-23 11:03:15,9.16,9.16,9.24,9.15,9.22,19953689,183795487
"1899",2017-03-23 11:03:18,9.16,9.16,9.24,9.15,9.22,19954289,183801019
"1900",2017-03-23 11:03:21,9.16,9.16,9.24,9.15,9.22,19954289,183801019
"1901",2017-03-23 11:03:24,9.16,9.16,9.24,9.15,9.22,19958689,183841565
"1902",2017-03-23 11:03:27,9.16,9.16,9.24,9.15,9.22,19958889,183843409
"1903",2017-03-23 11:03:30,9.16,9.16,9.24,9.15,9.22,19961189,183864615
"1904",2017-03-23 11:03:33,9.16,9.16,9.24,9.15,9.22,19961289,183865537
"1905",2017-03-23 11:03:36,9.16,9.16,9.24,9.15,9.21,19971289,183957637
"1906",2017-03-23 11:03:39,9.16,9.16,9.24,9.15,9.21,19971289,183957637
"1907",2017-03-23 11:03:42,9.16,9.16,9.24,9.15,9.22,19973889,183981609
"1908",2017-03-23 11:03:45,9.16,9.16,9.24,9.15,9.22,19973889,183981609
"1909",2017-03-23 11:03:48,9.16,9.16,9.24,9.15,9.22,19973889,183981609
"1910",2017-03-23 11:03:51,9.16,9.16,9.24,9.15,9.22,19973989,183982531
"1911",2017-03-23 11:03:54,9.16,9.16,9.24,9.15,9.21,19980289,184040601
"1912",2017-03-23 11:03:57,9.16,9.16,9.24,9.15,9.21,19980789,184045206
"1913",2017-03-23 11:04:00,9.16,9.16,9.24,9.15,9.21,19996389,184189034
"1914",2017-03-23 11:04:03,9.16,9.16,9.24,9.15,9.22,20048589,184670318
"1915",2017-03-23 11:04:06,9.16,9.16,9.24,9.15,9.22,20048589,184670318
"1916",2017-03-23 11:04:09,9.16,9.16,9.24,9.15,9.22,20055089,184730248
"1917",2017-03-23 11:04:12,9.16,9.16,9.24,9.15,9.22,20055089,184730248
"1918",2017-03-23 11:04:15,9.16,9.16,9.24,9.15,9.22,20055089,184730248
"1919",2017-03-23 11:04:18,9.16,9.16,9.24,9.15,9.21,20464394,188499953
"1920",2017-03-23 11:04:21,9.16,9.16,9.24,9.15,9.21,20465494,188510084
"1921",2017-03-23 11:04:24,9.16,9.16,9.24,9.15,9.22,20467094,188524836
"1922",2017-03-23 11:04:27,9.16,9.16,9.24,9.15,9.21,20491794,188752323
"1923",2017-03-23 11:04:30,9.16,9.16,9.24,9.15,9.21,20491794,188752323
"1924",2017-03-23 11:04:33,9.16,9.16,9.24,9.15,9.22,20494094,188773507
"1925",2017-03-23 11:04:39,9.16,9.16,9.24,9.15,9.22,20494094,188773507
"1926",2017-03-23 11:04:42,9.16,9.16,9.24,9.15,9.22,20494094,188773507
"1927",2017-03-23 11:04:45,9.16,9.16,9.24,9.15,9.22,20494094,188773507
"1928",2017-03-23 11:04:48,9.16,9.16,9.24,9.15,9.22,20499094,188819607
"1929",2017-03-23 11:04:51,9.16,9.16,9.24,9.15,9.21,20499494,188823293
"1930",2017-03-23 11:04:54,9.16,9.16,9.24,9.15,9.21,20501094,188838029
"1931",2017-03-23 11:04:57,9.16,9.16,9.24,9.15,9.22,20501394,188840795
"1932",2017-03-23 11:05:00,9.16,9.16,9.24,9.15,9.22,20501394,188840795
"1933",2017-03-23 11:05:03,9.16,9.16,9.24,9.15,9.22,20507994,188901647
"1934",2017-03-23 11:05:06,9.16,9.16,9.24,9.15,9.22,20507994,188901647
"1935",2017-03-23 11:05:09,9.16,9.16,9.24,9.15,9.22,20508294,188904413
"1936",2017-03-23 11:05:12,9.16,9.16,9.24,9.15,9.22,20508394,188905335
"1937",2017-03-23 11:05:15,9.16,9.16,9.24,9.15,9.22,20825594,191826769
"1938",2017-03-23 11:05:21,9.16,9.16,9.24,9.15,9.22,20825594,191826769
"1939",2017-03-23 11:05:24,9.16,9.16,9.24,9.15,9.22,20825594,191826769
"1940",2017-03-23 11:05:27,9.16,9.16,9.24,9.15,9.22,20828994,191858117
"1941",2017-03-23 11:05:30,9.16,9.16,9.24,9.15,9.22,20828994,191858117
"1942",2017-03-23 11:05:33,9.16,9.16,9.24,9.15,9.22,20828994,191858117
"1943",2017-03-23 11:05:36,9.16,9.16,9.24,9.15,9.22,20828994,191858117
"1944",2017-03-23 11:05:39,9.16,9.16,9.24,9.15,9.21,20831194,191878379
"1945",2017-03-23 11:05:42,9.16,9.16,9.24,9.15,9.22,20833394,191898663
"1946",2017-03-23 11:05:45,9.16,9.16,9.24,9.15,9.22,20833394,191898663
"1947",2017-03-23 11:05:48,9.16,9.16,9.24,9.15,9.22,20833394,191898663
"1948",2017-03-23 11:05:51,9.16,9.16,9.24,9.15,9.22,20833394,191898663
"1949",2017-03-23 11:05:54,9.16,9.16,9.24,9.15,9.21,20834994,191913399
"1950",2017-03-23 11:05:57,9.16,9.16,9.24,9.15,9.22,20837994,191941059
"1951",2017-03-23 11:06:00,9.16,9.16,9.24,9.15,9.22,20837994,191941059
"1952",2017-03-23 11:06:06,9.16,9.16,9.24,9.15,9.21,20838194,191942901
"1953",2017-03-23 11:06:09,9.16,9.16,9.24,9.15,9.22,20840394,191963185
"1954",2017-03-23 11:06:12,9.16,9.16,9.24,9.15,9.22,20840394,191963185
"1955",2017-03-23 11:06:15,9.16,9.16,9.24,9.15,9.22,20840394,191963185
"1956",2017-03-23 11:06:18,9.16,9.16,9.24,9.15,9.21,20846494,192019377
"1957",2017-03-23 11:06:21,9.16,9.16,9.24,9.15,9.21,20852994,192079264
"1958",2017-03-23 11:06:24,9.16,9.16,9.24,9.15,9.21,20852994,192079264
"1959",2017-03-23 11:06:27,9.16,9.16,9.24,9.15,9.21,20862394,192165838
"1960",2017-03-23 11:06:30,9.16,9.16,9.24,9.15,9.22,20864594,192186122
"1961",2017-03-23 11:06:33,9.16,9.16,9.24,9.15,9.22,20864594,192186122
"1962",2017-03-23 11:06:36,9.16,9.16,9.24,9.15,9.22,20870994,192245076
"1963",2017-03-23 11:06:39,9.16,9.16,9.24,9.15,9.22,20871094,192245998
"1964",2017-03-23 11:06:42,9.16,9.16,9.24,9.15,9.22,20871094,192245998
"1965",2017-03-23 11:06:45,9.16,9.16,9.24,9.15,9.22,20874094,192273648
"1966",2017-03-23 11:06:48,9.16,9.16,9.24,9.15,9.22,20876294,192293932
"1967",2017-03-23 11:06:51,9.16,9.16,9.24,9.15,9.21,20890994,192429319
"1968",2017-03-23 11:06:54,9.16,9.16,9.24,9.15,9.21,20892594,192444055
"1969",2017-03-23 11:06:57,9.16,9.16,9.24,9.15,9.21,20893894,192456028
"1970",2017-03-23 11:07:00,9.16,9.16,9.24,9.15,9.21,20893894,192456028
"1971",2017-03-23 11:07:03,9.16,9.16,9.24,9.15,9.22,20896094,192476312
"1972",2017-03-23 11:07:06,9.16,9.16,9.24,9.15,9.21,20901594,192526967
"1973",2017-03-23 11:07:09,9.16,9.16,9.24,9.15,9.22,20903794,192547251
"1974",2017-03-23 11:07:12,9.16,9.16,9.24,9.15,9.22,20913794,192639451
"1975",2017-03-23 11:07:15,9.16,9.16,9.24,9.15,9.22,20913794,192639451
"1976",2017-03-23 11:07:18,9.16,9.16,9.24,9.15,9.22,20913794,192639451
"1977",2017-03-23 11:07:21,9.16,9.16,9.24,9.15,9.21,20914194,192643135
"1978",2017-03-23 11:07:24,9.16,9.16,9.24,9.15,9.21,20914194,192643135
"1979",2017-03-23 11:07:27,9.16,9.16,9.24,9.15,9.21,20914194,192643135
"1980",2017-03-23 11:07:30,9.16,9.16,9.24,9.15,9.21,20926454,192756110
"1981",2017-03-23 11:07:33,9.16,9.16,9.24,9.15,9.21,20926454,192756110
"1982",2017-03-23 11:07:36,9.16,9.16,9.24,9.15,9.21,20926454,192756110
"1983",2017-03-23 11:07:39,9.16,9.16,9.24,9.15,9.21,20931554,192803081
"1984",2017-03-23 11:07:42,9.16,9.16,9.24,9.15,9.21,20931554,192803081
"1985",2017-03-23 11:07:48,9.16,9.16,9.24,9.15,9.22,20932154,192808613
"1986",2017-03-23 11:07:51,9.16,9.16,9.24,9.15,9.22,20932154,192808613
"1987",2017-03-23 11:07:54,9.16,9.16,9.24,9.15,9.21,20933754,192823349
"1988",2017-03-23 11:07:57,9.16,9.16,9.24,9.15,9.21,20935954,192843611
"1989",2017-03-23 11:08:00,9.16,9.16,9.24,9.15,9.21,20935954,192843611
"1990",2017-03-23 11:08:03,9.16,9.16,9.24,9.15,9.21,20935954,192843611
"1991",2017-03-23 11:08:06,9.16,9.16,9.24,9.15,9.21,20935954,192843611
"1992",2017-03-23 11:08:09,9.16,9.16,9.24,9.15,9.21,20935954,192843611
"1993",2017-03-23 11:08:12,9.16,9.16,9.24,9.15,9.21,20936454,192848216
"1994",2017-03-23 11:08:15,9.16,9.16,9.24,9.15,9.21,20936954,192852821
"1995",2017-03-23 11:08:18,9.16,9.16,9.24,9.15,9.22,20939154,192873105
"1996",2017-03-23 11:08:21,9.16,9.16,9.24,9.15,9.21,20940454,192885078
"1997",2017-03-23 11:08:24,9.16,9.16,9.24,9.15,9.21,20940454,192885078
"1998",2017-03-23 11:08:27,9.16,9.16,9.24,9.15,9.22,20943754,192915504
"1999",2017-03-23 11:08:30,9.16,9.16,9.24,9.15,9.22,20943754,192915504
"2000",2017-03-23 11:08:33,9.16,9.16,9.24,9.15,9.22,20943754,192915504
"2001",2017-03-23 11:08:36,9.16,9.16,9.24,9.15,9.22,20945954,192935788
"2002",2017-03-23 11:08:39,9.16,9.16,9.24,9.15,9.22,20946654,192942242
"2003",2017-03-23 11:08:42,9.16,9.16,9.24,9.15,9.22,20946854,192944086
"2004",2017-03-23 11:08:45,9.16,9.16,9.24,9.15,9.21,20948854,192962506
"2005",2017-03-23 11:08:48,9.16,9.16,9.24,9.15,9.21,20967554,193134733
"2006",2017-03-23 11:08:51,9.16,9.16,9.24,9.15,9.22,20969754,193155017
"2007",2017-03-23 11:08:54,9.16,9.16,9.24,9.15,9.21,20971354,193169753
"2008",2017-03-23 11:08:57,9.16,9.16,9.24,9.15,9.22,20973554,193190037
"2009",2017-03-23 11:09:00,9.16,9.16,9.24,9.15,9.21,20973954,193193721
"2010",2017-03-23 11:09:03,9.16,9.16,9.24,9.15,9.21,20973954,193193721
"2011",2017-03-23 11:09:06,9.16,9.16,9.24,9.15,9.22,20976154,193214005
"2012",2017-03-23 11:09:09,9.16,9.16,9.24,9.15,9.21,20978354,193234267
"2013",2017-03-23 11:09:12,9.16,9.16,9.24,9.15,9.21,20978354,193234267
"2014",2017-03-23 11:09:15,9.16,9.16,9.24,9.15,9.22,20980554,193254551
"2015",2017-03-23 11:09:18,9.16,9.16,9.24,9.15,9.22,20980554,193254551
"2016",2017-03-23 11:09:21,9.16,9.16,9.24,9.15,9.22,20980554,193254551
"2017",2017-03-23 11:09:27,9.16,9.16,9.24,9.15,9.22,20980554,193254551
"2018",2017-03-23 11:09:30,9.16,9.16,9.24,9.15,9.22,20996054,193397461
"2019",2017-03-23 11:09:33,9.16,9.16,9.24,9.15,9.22,20997054,193406681
"2020",2017-03-23 11:09:36,9.16,9.16,9.24,9.15,9.22,20997054,193406681
"2021",2017-03-23 11:09:39,9.16,9.16,9.24,9.15,9.22,20997054,193406681
"2022",2017-03-23 11:09:42,9.16,9.16,9.24,9.15,9.21,20997154,193407602
"2023",2017-03-23 11:09:45,9.16,9.16,9.24,9.15,9.21,20997154,193407602
"2024",2017-03-23 11:09:48,9.16,9.16,9.24,9.15,9.21,20997154,193407602
"2025",2017-03-23 11:09:51,9.16,9.16,9.24,9.15,9.22,20997254,193408524
"2026",2017-03-23 11:09:54,9.16,9.16,9.24,9.15,9.21,21013854,193561410
"2027",2017-03-23 11:09:57,9.16,9.16,9.24,9.15,9.21,21013854,193561410
"2028",2017-03-23 11:10:00,9.16,9.16,9.24,9.15,9.21,21013854,193561410
"2029",2017-03-23 11:10:03,9.16,9.16,9.24,9.15,9.21,21013854,193561410
"2030",2017-03-23 11:10:06,9.16,9.16,9.24,9.15,9.21,21015054,193572462
"2031",2017-03-23 11:10:09,9.16,9.16,9.24,9.15,9.22,21016754,193588136
"2032",2017-03-23 11:10:12,9.16,9.16,9.24,9.15,9.22,21027354,193685846
"2033",2017-03-23 11:10:15,9.16,9.16,9.24,9.15,9.22,21027354,193685846
"2034",2017-03-23 11:10:18,9.16,9.16,9.24,9.15,9.22,21029854,193708896
"2035",2017-03-23 11:10:21,9.16,9.16,9.24,9.15,9.21,21032854,193736526
"2036",2017-03-23 11:10:24,9.16,9.16,9.24,9.15,9.21,21037854,193782576
"2037",2017-03-23 11:10:27,9.16,9.16,9.24,9.15,9.21,21037854,193782576
"2038",2017-03-23 11:10:30,9.16,9.16,9.24,9.15,9.22,21038954,193792718
"2039",2017-03-23 11:10:33,9.16,9.16,9.24,9.15,9.22,21041154,193813002
"2040",2017-03-23 11:10:36,9.16,9.16,9.24,9.15,9.22,21041154,193813002
"2041",2017-03-23 11:10:39,9.16,9.16,9.24,9.15,9.22,21041154,193813002
"2042",2017-03-23 11:10:42,9.16,9.16,9.24,9.15,9.22,21041154,193813002
"2043",2017-03-23 11:10:45,9.16,9.16,9.24,9.15,9.22,21041154,193813002
"2044",2017-03-23 11:10:48,9.16,9.16,9.24,9.15,9.22,21041154,193813002
"2045",2017-03-23 11:10:51,9.16,9.16,9.24,9.15,9.22,21041154,193813002
"2046",2017-03-23 11:10:54,9.16,9.16,9.24,9.15,9.21,21043754,193836948
"2047",2017-03-23 11:10:57,9.16,9.16,9.24,9.15,9.21,21043754,193836948
"2048",2017-03-23 11:11:00,9.16,9.16,9.24,9.15,9.22,21045754,193855388
"2049",2017-03-23 11:11:03,9.16,9.16,9.24,9.15,9.22,21045754,193855388
"2050",2017-03-23 11:11:06,9.16,9.16,9.24,9.15,9.21,21051754,193910648
"2051",2017-03-23 11:11:09,9.16,9.16,9.24,9.15,9.22,21054954,193940139
"2052",2017-03-23 11:11:12,9.16,9.16,9.24,9.15,9.21,21055454,193944744
"2053",2017-03-23 11:11:15,9.16,9.16,9.24,9.15,9.22,21056454,193953964
"2054",2017-03-23 11:11:18,9.16,9.16,9.24,9.15,9.21,21058654,193974226
"2055",2017-03-23 11:11:21,9.16,9.16,9.24,9.15,9.21,21058654,193974226
"2056",2017-03-23 11:11:24,9.16,9.16,9.24,9.15,9.21,21058654,193974226
"2057",2017-03-23 11:11:27,9.16,9.16,9.24,9.15,9.21,21062654,194011066
"2058",2017-03-23 11:11:30,9.16,9.16,9.24,9.15,9.22,21064854,194031350
"2059",2017-03-23 11:11:33,9.16,9.16,9.24,9.15,9.22,21064854,194031350
"2060",2017-03-23 11:11:36,9.16,9.16,9.24,9.15,9.21,21066854,194049770
"2061",2017-03-23 11:11:39,9.16,9.16,9.24,9.15,9.21,21066854,194049770
"2062",2017-03-23 11:11:42,9.16,9.16,9.24,9.15,9.22,21092654,194287646
"2063",2017-03-23 11:11:45,9.16,9.16,9.24,9.15,9.22,21094854,194307930
"2064",2017-03-23 11:11:48,9.16,9.16,9.24,9.15,9.22,21097454,194331902
"2065",2017-03-23 11:11:51,9.16,9.16,9.24,9.15,9.22,21097454,194331902
"2066",2017-03-23 11:11:54,9.16,9.16,9.24,9.15,9.22,21102754,194380752
"2067",2017-03-23 11:11:57,9.16,9.16,9.24,9.15,9.21,21106654,194416671
"2068",2017-03-23 11:12:00,9.16,9.16,9.24,9.15,9.21,21106654,194416671
"2069",2017-03-23 11:12:03,9.16,9.16,9.24,9.15,9.21,21106654,194416671
"2070",2017-03-23 11:12:06,9.16,9.16,9.24,9.15,9.21,21106654,194416671
"2071",2017-03-23 11:12:09,9.16,9.16,9.24,9.15,9.22,21123654,194573411
"2072",2017-03-23 11:12:12,9.16,9.16,9.24,9.15,9.21,21125754,194592752
"2073",2017-03-23 11:12:18,9.16,9.16,9.24,9.15,9.21,21126554,194600120
"2074",2017-03-23 11:12:21,9.16,9.16,9.24,9.15,9.22,21130954,194640678
"2075",2017-03-23 11:12:24,9.16,9.16,9.24,9.15,9.22,21130954,194640678
"2076",2017-03-23 11:12:27,9.16,9.16,9.24,9.15,9.21,21133154,194660940
"2077",2017-03-23 11:12:30,9.16,9.16,9.24,9.15,9.21,21133154,194660940
"2078",2017-03-23 11:12:33,9.16,9.16,9.24,9.15,9.21,21133154,194660940
"2079",2017-03-23 11:12:36,9.16,9.16,9.24,9.15,9.21,21133954,194668308
"2080",2017-03-23 11:12:39,9.16,9.16,9.24,9.15,9.21,21133954,194668308
"2081",2017-03-23 11:12:42,9.16,9.16,9.24,9.15,9.22,21135954,194686738
"2082",2017-03-23 11:12:45,9.16,9.16,9.24,9.15,9.22,21135954,194686738
"2083",2017-03-23 11:12:48,9.16,9.16,9.24,9.15,9.21,21137554,194701474
"2084",2017-03-23 11:12:51,9.16,9.16,9.24,9.15,9.22,21149154,194808426
"2085",2017-03-23 11:12:54,9.16,9.16,9.24,9.15,9.21,21152654,194840668
"2086",2017-03-23 11:12:57,9.16,9.16,9.24,9.15,9.22,21154554,194858186
"2087",2017-03-23 11:13:03,9.16,9.16,9.24,9.15,9.22,21156154,194872938
"2088",2017-03-23 11:13:06,9.16,9.16,9.24,9.15,9.21,21157754,194887674
"2089",2017-03-23 11:13:09,9.16,9.16,9.24,9.15,9.22,21162554,194931930
"2090",2017-03-23 11:13:12,9.16,9.16,9.24,9.15,9.22,21163054,194936540
"2091",2017-03-23 11:13:15,9.16,9.16,9.24,9.15,9.21,21164354,194948513
"2092",2017-03-23 11:13:18,9.16,9.16,9.24,9.15,9.22,21165854,194962343
"2093",2017-03-23 11:13:21,9.16,9.16,9.24,9.15,9.22,21165854,194962343
"2094",2017-03-23 11:13:24,9.16,9.16,9.24,9.15,9.22,21165854,194962343
"2095",2017-03-23 11:13:27,9.16,9.16,9.24,9.15,9.21,21334654,196516991
"2096",2017-03-23 11:13:33,9.16,9.16,9.24,9.15,9.21,21334654,196516991
"2097",2017-03-23 11:13:36,9.16,9.16,9.24,9.15,9.21,21336854,196537253
"2098",2017-03-23 11:13:39,9.16,9.16,9.24,9.15,9.21,21389454,197021699
"2099",2017-03-23 11:13:42,9.16,9.16,9.24,9.15,9.21,21391954,197044734
"2100",2017-03-23 11:13:45,9.16,9.16,9.24,9.15,9.21,21391954,197044734
"2101",2017-03-23 11:13:48,9.16,9.16,9.24,9.15,9.22,21401954,197136934
"2102",2017-03-23 11:13:51,9.16,9.16,9.24,9.15,9.21,21402354,197140618
"2103",2017-03-23 11:13:54,9.16,9.16,9.24,9.15,9.21,21403954,197155354
"2104",2017-03-23 11:13:57,9.16,9.16,9.24,9.15,9.21,21403954,197155354
"2105",2017-03-23 11:14:00,9.16,9.16,9.24,9.15,9.21,21409354,197205118
"2106",2017-03-23 11:14:03,9.16,9.16,9.24,9.15,9.21,21409354,197205118
"2107",2017-03-23 11:14:06,9.16,9.16,9.24,9.15,9.22,21409454,197206040
"2108",2017-03-23 11:14:09,9.16,9.16,9.24,9.15,9.22,21409454,197206040
"2109",2017-03-23 11:14:12,9.16,9.16,9.24,9.15,9.22,21409454,197206040
"2110",2017-03-23 11:14:15,9.16,9.16,9.24,9.15,9.22,21409454,197206040
"2111",2017-03-23 11:14:18,9.16,9.16,9.24,9.15,9.22,21409454,197206040
"2112",2017-03-23 11:14:27,9.16,9.16,9.24,9.15,9.21,21440454,197491550
"2113",2017-03-23 11:14:30,9.16,9.16,9.24,9.15,9.22,21440854,197495238
"2114",2017-03-23 11:14:33,9.16,9.16,9.24,9.15,9.22,21440854,197495238
"2115",2017-03-23 11:14:36,9.16,9.16,9.24,9.15,9.22,21445754,197540416
"2116",2017-03-23 11:14:39,9.16,9.16,9.24,9.15,9.22,21445754,197540416
"2117",2017-03-23 11:14:42,9.16,9.16,9.24,9.15,9.22,21450654,197585562
"2118",2017-03-23 11:14:45,9.16,9.16,9.24,9.15,9.22,21450654,197585562
"2119",2017-03-23 11:14:48,9.16,9.16,9.24,9.15,9.21,21471354,197776209
"2120",2017-03-23 11:14:54,9.16,9.16,9.24,9.15,9.21,21472954,197790945
"2121",2017-03-23 11:14:57,9.16,9.16,9.24,9.15,9.22,21474554,197805697
"2122",2017-03-23 11:15:00,9.16,9.16,9.24,9.15,9.22,21474754,197807541
"2123",2017-03-23 11:15:03,9.16,9.16,9.24,9.15,9.22,21474754,197807541
"2124",2017-03-23 11:15:06,9.16,9.16,9.24,9.15,9.22,21474754,197807541
"2125",2017-03-23 11:15:09,9.16,9.16,9.24,9.15,9.22,21474854,197808463
"2126",2017-03-23 11:15:12,9.16,9.16,9.24,9.15,9.22,21474854,197808463
"2127",2017-03-23 11:15:15,9.16,9.16,9.24,9.15,9.21,21516854,198195283
"2128",2017-03-23 11:15:18,9.16,9.16,9.24,9.15,9.21,21516854,198195283
"2129",2017-03-23 11:15:21,9.16,9.16,9.24,9.15,9.21,21516854,198195283
"2130",2017-03-23 11:15:24,9.16,9.16,9.24,9.15,9.22,21517254,198198971
"2131",2017-03-23 11:15:27,9.16,9.16,9.24,9.15,9.22,21517254,198198971
"2132",2017-03-23 11:15:30,9.16,9.16,9.24,9.15,9.22,21517254,198198971
"2133",2017-03-23 11:15:33,9.16,9.16,9.24,9.15,9.22,21517254,198198971
"2134",2017-03-23 11:15:39,9.16,9.16,9.24,9.15,9.22,21517254,198198971
"2135",2017-03-23 11:15:42,9.16,9.16,9.24,9.15,9.22,21517254,198198971
"2136",2017-03-23 11:15:45,9.16,9.16,9.24,9.15,9.22,21517254,198198971
"2137",2017-03-23 11:15:48,9.16,9.16,9.24,9.15,9.22,21517254,198198971
"2138",2017-03-23 11:15:51,9.16,9.16,9.24,9.15,9.21,21519454,198219233
"2139",2017-03-23 11:15:54,9.16,9.16,9.24,9.15,9.21,21521054,198233969
"2140",2017-03-23 11:15:57,9.16,9.16,9.24,9.15,9.21,21525254,198272651
"2141",2017-03-23 11:16:00,9.16,9.16,9.24,9.15,9.21,21525254,198272651
"2142",2017-03-23 11:16:03,9.16,9.16,9.24,9.15,9.21,21525254,198272651
"2143",2017-03-23 11:16:06,9.16,9.16,9.24,9.15,9.22,21531544,198330586
"2144",2017-03-23 11:16:09,9.16,9.16,9.24,9.15,9.21,21532844,198342559
"2145",2017-03-23 11:16:12,9.16,9.16,9.24,9.15,9.22,21537844,198388659
"2146",2017-03-23 11:16:15,9.16,9.16,9.24,9.15,9.22,21538644,198396035
"2147",2017-03-23 11:16:18,9.16,9.16,9.24,9.15,9.22,21538644,198396035
"2148",2017-03-23 11:16:21,9.16,9.16,9.24,9.15,9.22,21538644,198396035
"2149",2017-03-23 11:16:24,9.16,9.16,9.24,9.15,9.22,21538644,198396035
"2150",2017-03-23 11:16:27,9.16,9.16,9.24,9.15,9.21,21543644,198442085
"2151",2017-03-23 11:16:30,9.16,9.16,9.24,9.15,9.22,21544144,198446695
"2152",2017-03-23 11:16:36,9.16,9.16,9.24,9.15,9.22,21544144,198446695
"2153",2017-03-23 11:16:39,9.16,9.16,9.24,9.15,9.22,21544144,198446695
"2154",2017-03-23 11:16:42,9.16,9.16,9.24,9.15,9.22,21544144,198446695
"2155",2017-03-23 11:16:45,9.16,9.16,9.24,9.15,9.22,21544144,198446695
"2156",2017-03-23 11:16:48,9.16,9.16,9.24,9.15,9.22,21544144,198446695
"2157",2017-03-23 11:16:51,9.16,9.16,9.24,9.15,9.22,21544144,198446695
"2158",2017-03-23 11:16:54,9.16,9.16,9.24,9.15,9.21,21545744,198461431
"2159",2017-03-23 11:16:57,9.16,9.16,9.24,9.15,9.21,21550044,198501034
"2160",2017-03-23 11:17:00,9.16,9.16,9.24,9.15,9.21,21554069,198538105
"2161",2017-03-23 11:17:06,9.16,9.16,9.24,9.15,9.21,21554669,198543631
"2162",2017-03-23 11:17:09,9.16,9.16,9.24,9.15,9.21,21554669,198543631
"2163",2017-03-23 11:17:12,9.16,9.16,9.24,9.15,9.21,21554669,198543631
"2164",2017-03-23 11:17:15,9.16,9.16,9.24,9.15,9.21,21554669,198543631
"2165",2017-03-23 11:17:18,9.16,9.16,9.24,9.15,9.22,21554869,198545475
"2166",2017-03-23 11:17:21,9.16,9.16,9.24,9.15,9.21,21623509,199177649
"2167",2017-03-23 11:17:24,9.16,9.16,9.24,9.15,9.21,21623509,199177649
"2168",2017-03-23 11:17:27,9.16,9.16,9.24,9.15,9.22,21624509,199186869
"2169",2017-03-23 11:17:30,9.16,9.16,9.24,9.15,9.22,21624509,199186869
"2170",2017-03-23 11:17:33,9.16,9.16,9.24,9.15,9.21,21627209,199211736
"2171",2017-03-23 11:17:36,9.16,9.16,9.24,9.15,9.21,21627409,199213578
"2172",2017-03-23 11:17:39,9.16,9.16,9.24,9.15,9.22,21647709,199400744
"2173",2017-03-23 11:17:48,9.16,9.16,9.24,9.15,9.21,21659809,199512185
"2174",2017-03-23 11:17:51,9.16,9.16,9.24,9.15,9.21,21659809,199512185
"2175",2017-03-23 11:17:54,9.16,9.16,9.24,9.15,9.21,21799909,200802691
"2176",2017-03-23 11:17:57,9.16,9.16,9.24,9.15,9.21,21799909,200802691
"2177",2017-03-23 11:18:00,9.16,9.16,9.24,9.15,9.21,21799909,200802691
"2178",2017-03-23 11:18:03,9.16,9.16,9.24,9.15,9.21,21801909,200821111
"2179",2017-03-23 11:18:06,9.16,9.16,9.24,9.15,9.22,21804809,200847827
"2180",2017-03-23 11:18:09,9.16,9.16,9.24,9.15,9.22,21804809,200847827
"2181",2017-03-23 11:18:12,9.16,9.16,9.24,9.15,9.22,21804809,200847827
"2182",2017-03-23 11:18:15,9.16,9.16,9.24,9.15,9.22,21809209,200888395
"2183",2017-03-23 11:18:18,9.16,9.16,9.24,9.15,9.22,21809209,200888395
"2184",2017-03-23 11:18:21,9.16,9.16,9.24,9.15,9.21,21809709,200893000
"2185",2017-03-23 11:18:24,9.16,9.16,9.24,9.15,9.22,21810009,200895766
"2186",2017-03-23 11:18:27,9.16,9.16,9.24,9.15,9.22,21810009,200895766
"2187",2017-03-23 11:18:30,9.16,9.16,9.24,9.15,9.22,21810109,200896688
"2188",2017-03-23 11:18:33,9.16,9.16,9.24,9.15,9.22,21811109,200905908
"2189",2017-03-23 11:18:36,9.16,9.16,9.24,9.15,9.22,21811109,200905908
"2190",2017-03-23 11:18:39,9.16,9.16,9.24,9.15,9.22,21811109,200905908
"2191",2017-03-23 11:18:42,9.16,9.16,9.24,9.15,9.21,21811509,200909592
"2192",2017-03-23 11:18:45,9.16,9.16,9.24,9.15,9.21,21811509,200909592
"2193",2017-03-23 11:18:48,9.16,9.16,9.24,9.15,9.21,21832809,201105765
"2194",2017-03-23 11:18:51,9.16,9.16,9.24,9.15,9.21,21832809,201105765
"2195",2017-03-23 11:18:54,9.16,9.16,9.24,9.15,9.21,21834909,201125106
"2196",2017-03-23 11:18:57,9.16,9.16,9.24,9.15,9.21,21834909,201125106
"2197",2017-03-23 11:19:00,9.16,9.16,9.24,9.15,9.21,21837209,201146289
"2198",2017-03-23 11:19:03,9.16,9.16,9.24,9.15,9.21,21837209,201146289
"2199",2017-03-23 11:19:06,9.16,9.16,9.24,9.15,9.21,21837209,201146289
"2200",2017-03-23 11:19:09,9.16,9.16,9.24,9.15,9.22,21837409,201148133
"2201",2017-03-23 11:19:12,9.16,9.16,9.24,9.15,9.22,21837409,201148133
"2202",2017-03-23 11:19:15,9.16,9.16,9.24,9.15,9.21,21839609,201168395
"2203",2017-03-23 11:19:21,9.16,9.16,9.24,9.15,9.21,21839609,201168395
"2204",2017-03-23 11:19:24,9.16,9.16,9.24,9.15,9.22,21847309,201239389
"2205",2017-03-23 11:19:27,9.16,9.16,9.24,9.15,9.21,21863809,201391499
"2206",2017-03-23 11:19:30,9.16,9.16,9.24,9.15,9.21,21866009,201411761
"2207",2017-03-23 11:19:33,9.16,9.16,9.24,9.15,9.21,21866009,201411761
"2208",2017-03-23 11:19:36,9.16,9.16,9.24,9.15,9.21,21866009,201411761
"2209",2017-03-23 11:19:42,9.16,9.16,9.24,9.15,9.21,21866009,201411761
"2210",2017-03-23 11:19:45,9.16,9.16,9.24,9.15,9.21,21876909,201512150
"2211",2017-03-23 11:19:48,9.16,9.16,9.24,9.15,9.21,21876909,201512150
"2212",2017-03-23 11:19:51,9.16,9.16,9.24,9.15,9.21,21876909,201512150
"2213",2017-03-23 11:19:54,9.16,9.16,9.24,9.15,9.21,21878509,201526886
"2214",2017-03-23 11:19:57,9.16,9.16,9.24,9.15,9.22,21884609,201583084
"2215",2017-03-23 11:20:00,9.16,9.16,9.24,9.15,9.22,21884609,201583084
"2216",2017-03-23 11:20:06,9.16,9.16,9.24,9.15,9.21,21884809,201584926
"2217",2017-03-23 11:20:09,9.16,9.16,9.24,9.15,9.22,21906009,201780390
"2218",2017-03-23 11:20:12,9.16,9.16,9.24,9.15,9.22,21906009,201780390
"2219",2017-03-23 11:20:15,9.16,9.16,9.24,9.15,9.22,21906009,201780390
"2220",2017-03-23 11:20:18,9.16,9.16,9.24,9.15,9.21,21932097,202020916
"2221",2017-03-23 11:20:21,9.16,9.16,9.24,9.15,9.21,21932197,202021837
"2222",2017-03-23 11:20:24,9.16,9.16,9.24,9.15,9.21,21932197,202021837
"2223",2017-03-23 11:20:27,9.16,9.16,9.24,9.15,9.22,21935497,202052241
"2224",2017-03-23 11:20:30,9.16,9.16,9.24,9.15,9.22,22035497,202974241
"2225",2017-03-23 11:20:33,9.16,9.16,9.24,9.15,9.21,22067197,203266445
"2226",2017-03-23 11:20:36,9.16,9.16,9.24,9.15,9.22,22067297,203267367
"2227",2017-03-23 11:20:39,9.16,9.16,9.24,9.15,9.22,22067297,203267367
"2228",2017-03-23 11:20:42,9.16,9.16,9.24,9.15,9.22,22067297,203267367
"2229",2017-03-23 11:20:45,9.16,9.16,9.24,9.15,9.22,22085297,203433327
"2230",2017-03-23 11:20:48,9.16,9.16,9.24,9.15,9.22,22085297,203433327
"2231",2017-03-23 11:20:51,9.16,9.16,9.24,9.15,9.22,22095297,203525527
"2232",2017-03-23 11:20:54,9.16,9.16,9.24,9.15,9.21,22096897,203540263
"2233",2017-03-23 11:20:57,9.16,9.16,9.24,9.15,9.21,22096897,203540263
"2234",2017-03-23 11:21:03,9.16,9.16,9.24,9.15,9.21,22096897,203540263
"2235",2017-03-23 11:21:06,9.16,9.16,9.24,9.15,9.21,22096897,203540263
"2236",2017-03-23 11:21:09,9.16,9.16,9.24,9.15,9.22,22097897,203549483
"2237",2017-03-23 11:21:12,9.16,9.16,9.24,9.15,9.22,22097897,203549483
"2238",2017-03-23 11:21:15,9.16,9.16,9.24,9.15,9.22,22097897,203549483
"2239",2017-03-23 11:21:18,9.16,9.16,9.24,9.15,9.22,22097897,203549483
"2240",2017-03-23 11:21:21,9.16,9.16,9.24,9.15,9.22,22097897,203549483
"2241",2017-03-23 11:21:24,9.16,9.16,9.24,9.15,9.22,22097897,203549483
"2242",2017-03-23 11:21:27,9.16,9.16,9.24,9.15,9.22,22097897,203549483
"2243",2017-03-23 11:21:30,9.16,9.16,9.24,9.15,9.22,22097897,203549483
"2244",2017-03-23 11:21:33,9.16,9.16,9.24,9.15,9.21,22101497,203582640
"2245",2017-03-23 11:21:36,9.16,9.16,9.24,9.15,9.22,22118497,203739380
"2246",2017-03-23 11:21:39,9.16,9.16,9.24,9.15,9.21,22118997,203743985
"2247",2017-03-23 11:21:45,9.16,9.16,9.24,9.15,9.21,22120997,203762405
"2248",2017-03-23 11:21:48,9.16,9.16,9.24,9.15,9.21,22127797,203825040
"2249",2017-03-23 11:21:51,9.16,9.16,9.24,9.15,9.21,22127797,203825040
"2250",2017-03-23 11:21:54,9.16,9.16,9.24,9.15,9.21,22134197,203883984
"2251",2017-03-23 11:21:57,9.16,9.16,9.24,9.15,9.21,22134497,203886748
"2252",2017-03-23 11:22:00,9.16,9.16,9.24,9.15,9.22,22155297,204078524
"2253",2017-03-23 11:22:03,9.16,9.16,9.24,9.15,9.22,22155297,204078524
"2254",2017-03-23 11:22:12,9.16,9.16,9.24,9.15,9.22,22155297,204078524
"2255",2017-03-23 11:22:15,9.16,9.16,9.24,9.15,9.22,22160297,204124624
"2256",2017-03-23 11:22:18,9.16,9.16,9.24,9.15,9.22,22160297,204124624
"2257",2017-03-23 11:22:21,9.16,9.16,9.24,9.15,9.22,22160497,204126468
"2258",2017-03-23 11:22:24,9.16,9.16,9.24,9.15,9.21,22161597,204136599
"2259",2017-03-23 11:22:27,9.16,9.16,9.24,9.15,9.22,22174697,204257381
"2260",2017-03-23 11:22:30,9.16,9.16,9.24,9.15,9.21,22180497,204310799
"2261",2017-03-23 11:22:33,9.16,9.16,9.24,9.15,9.21,22184205,204344949
"2262",2017-03-23 11:22:36,9.16,9.16,9.24,9.15,9.21,22184205,204344949
"2263",2017-03-23 11:22:39,9.16,9.16,9.24,9.15,9.21,22187205,204372579
"2264",2017-03-23 11:22:42,9.16,9.16,9.24,9.15,9.21,22190605,204403893
"2265",2017-03-23 11:22:45,9.16,9.16,9.24,9.15,9.21,22190605,204403893
"2266",2017-03-23 11:22:48,9.16,9.16,9.24,9.15,9.21,22195605,204449943
"2267",2017-03-23 11:22:54,9.16,9.16,9.24,9.15,9.21,22197205,204464679
"2268",2017-03-23 11:22:57,9.16,9.16,9.24,9.15,9.21,22197205,204464679
"2269",2017-03-23 11:23:00,9.16,9.16,9.24,9.15,9.21,22197205,204464679
"2270",2017-03-23 11:23:03,9.16,9.16,9.24,9.15,9.21,22197205,204464679
"2271",2017-03-23 11:23:06,9.16,9.16,9.24,9.15,9.21,22197205,204464679
"2272",2017-03-23 11:23:09,9.16,9.16,9.24,9.15,9.21,22197205,204464679
"2273",2017-03-23 11:23:12,9.16,9.16,9.24,9.15,9.21,22203205,204519939
"2274",2017-03-23 11:23:15,9.16,9.16,9.24,9.15,9.21,22213705,204616644
"2275",2017-03-23 11:23:18,9.16,9.16,9.24,9.15,9.21,22213705,204616644
"2276",2017-03-23 11:23:21,9.16,9.16,9.24,9.15,9.21,22213705,204616644
"2277",2017-03-23 11:23:27,9.16,9.16,9.24,9.15,9.21,22217005,204647047
"2278",2017-03-23 11:23:30,9.16,9.16,9.24,9.15,9.21,22217005,204647047
"2279",2017-03-23 11:23:33,9.16,9.16,9.24,9.15,9.21,22218105,204657184
"2280",2017-03-23 11:23:36,9.16,9.16,9.24,9.15,9.21,22228605,204753889
"2281",2017-03-23 11:23:39,9.16,9.16,9.24,9.15,9.21,22228605,204753889
"2282",2017-03-23 11:23:42,9.16,9.16,9.24,9.15,9.22,22242405,204881125
"2283",2017-03-23 11:23:45,9.16,9.16,9.24,9.15,9.22,22242405,204881125
"2284",2017-03-23 11:23:48,9.16,9.16,9.24,9.15,9.21,22252405,204973225
"2285",2017-03-23 11:23:51,9.16,9.16,9.24,9.15,9.21,22271105,205145452
"2286",2017-03-23 11:23:54,9.16,9.16,9.24,9.15,9.21,22273205,205164798
"2287",2017-03-23 11:23:57,9.16,9.16,9.24,9.15,9.21,22275405,205185060
"2288",2017-03-23 11:24:00,9.16,9.16,9.24,9.15,9.21,22275405,205185060
"2289",2017-03-23 11:24:03,9.16,9.16,9.24,9.15,9.21,22275405,205185060
"2290",2017-03-23 11:24:06,9.16,9.16,9.24,9.15,9.21,22275405,205185060
"2291",2017-03-23 11:24:09,9.16,9.16,9.24,9.15,9.21,22275505,205185981
"2292",2017-03-23 11:24:12,9.16,9.16,9.24,9.15,9.21,22278005,205209006
"2293",2017-03-23 11:24:15,9.16,9.16,9.24,9.15,9.21,22278005,205209006
"2294",2017-03-23 11:24:18,9.16,9.16,9.24,9.15,9.21,22278005,205209006
"2295",2017-03-23 11:24:21,9.16,9.16,9.24,9.15,9.21,22285405,205277163
"2296",2017-03-23 11:24:24,9.16,9.16,9.24,9.15,9.21,22285405,205277163
"2297",2017-03-23 11:24:27,9.16,9.16,9.24,9.15,9.21,22285405,205277163
"2298",2017-03-23 11:24:30,9.16,9.16,9.24,9.15,9.21,22285405,205277163
"2299",2017-03-23 11:24:33,9.16,9.16,9.24,9.15,9.21,22286705,205289136
"2300",2017-03-23 11:24:36,9.16,9.16,9.24,9.15,9.21,22287234,205294013
"2301",2017-03-23 11:24:39,9.16,9.16,9.24,9.15,9.22,22287334,205294935
"2302",2017-03-23 11:24:42,9.16,9.16,9.24,9.15,9.22,22287334,205294935
"2303",2017-03-23 11:24:45,9.16,9.16,9.24,9.15,9.21,22287634,205297698
"2304",2017-03-23 11:24:48,9.16,9.16,9.24,9.15,9.21,22287634,205297698
"2305",2017-03-23 11:24:51,9.16,9.16,9.24,9.15,9.21,22287634,205297698
"2306",2017-03-23 11:24:54,9.16,9.16,9.24,9.15,9.21,22289234,205312434
"2307",2017-03-23 11:24:57,9.16,9.16,9.24,9.15,9.21,22292034,205338222
"2308",2017-03-23 11:25:00,9.16,9.16,9.24,9.15,9.21,22297534,205388879
"2309",2017-03-23 11:25:03,9.16,9.16,9.24,9.15,9.21,22299834,205410063
"2310",2017-03-23 11:25:06,9.16,9.16,9.24,9.15,9.22,22326434,205655315
"2311",2017-03-23 11:25:09,9.16,9.16,9.24,9.15,9.22,22326434,205655315
"2312",2017-03-23 11:25:12,9.16,9.16,9.24,9.15,9.21,22336434,205747415
"2313",2017-03-23 11:25:15,9.16,9.16,9.24,9.15,9.21,22336434,205747415
"2314",2017-03-23 11:25:18,9.16,9.16,9.24,9.15,9.21,22336434,205747415
"2315",2017-03-23 11:25:21,9.16,9.16,9.24,9.15,9.21,22336434,205747415
"2316",2017-03-23 11:25:24,9.16,9.16,9.24,9.15,9.21,22338534,205766756
"2317",2017-03-23 11:25:27,9.16,9.16,9.24,9.15,9.22,22340734,205787040
"2318",2017-03-23 11:25:39,9.16,9.16,9.24,9.15,9.22,22340734,205787040
"2319",2017-03-23 11:25:42,9.16,9.16,9.24,9.15,9.21,22351034,205882003
"2320",2017-03-23 11:25:48,9.16,9.16,9.24,9.15,9.22,22351634,205887535
"2321",2017-03-23 11:25:51,9.16,9.16,9.24,9.15,9.22,22352134,205892145
"2322",2017-03-23 11:25:54,9.16,9.16,9.24,9.15,9.21,22353834,205907802
"2323",2017-03-23 11:25:57,9.16,9.16,9.24,9.15,9.21,22358834,205953852
"2324",2017-03-23 11:26:00,9.16,9.16,9.24,9.15,9.22,22358934,205954774
"2325",2017-03-23 11:26:09,9.16,9.16,9.24,9.15,9.22,22358934,205954774
"2326",2017-03-23 11:26:12,9.16,9.16,9.24,9.15,9.22,22369934,206056194
"2327",2017-03-23 11:26:15,9.16,9.16,9.24,9.15,9.21,22376434,206116097
"2328",2017-03-23 11:26:18,9.16,9.16,9.24,9.15,9.22,22390534,206246099
"2329",2017-03-23 11:26:21,9.16,9.16,9.24,9.15,9.22,22392534,206264539
"2330",2017-03-23 11:26:24,9.16,9.16,9.24,9.15,9.21,22542534,207646039
"2331",2017-03-23 11:26:27,9.16,9.16,9.24,9.15,9.21,22544034,207659854
"2332",2017-03-23 11:26:30,9.16,9.16,9.24,9.15,9.21,22552434,207737268
"2333",2017-03-23 11:26:33,9.16,9.16,9.24,9.15,9.21,22552934,207741873
"2334",2017-03-23 11:26:36,9.16,9.16,9.24,9.15,9.22,22577534,207968674
"2335",2017-03-23 11:26:39,9.16,9.16,9.24,9.15,9.21,22631605,208466668
"2336",2017-03-23 11:26:42,9.16,9.16,9.24,9.15,9.21,22631605,208466668
"2337",2017-03-23 11:26:45,9.16,9.16,9.24,9.15,9.21,22641705,208559589
"2338",2017-03-23 11:26:48,9.16,9.16,9.24,9.15,9.21,22642505,208566957
"2339",2017-03-23 11:26:51,9.16,9.16,9.24,9.15,9.21,22654305,208675635
"2340",2017-03-23 11:26:54,9.16,9.16,9.24,9.15,9.2,22657905,208708775
"2341",2017-03-23 11:26:57,9.16,9.16,9.24,9.15,9.21,22658105,208710617
"2342",2017-03-23 11:27:00,9.16,9.16,9.24,9.15,9.21,22659105,208719827
"2343",2017-03-23 11:27:03,9.16,9.16,9.24,9.15,9.2,22660105,208729027
"2344",2017-03-23 11:27:06,9.16,9.16,9.24,9.15,9.21,22662305,208749289
"2345",2017-03-23 11:27:09,9.16,9.16,9.24,9.15,9.21,22663305,208758499
"2346",2017-03-23 11:27:12,9.16,9.16,9.24,9.15,9.21,22663305,208758499
"2347",2017-03-23 11:27:15,9.16,9.16,9.24,9.15,9.21,22663305,208758499
"2348",2017-03-23 11:27:18,9.16,9.16,9.24,9.15,9.21,22663305,208758499
"2349",2017-03-23 11:27:21,9.16,9.16,9.24,9.15,9.21,22663305,208758499
"2350",2017-03-23 11:27:24,9.16,9.16,9.24,9.15,9.2,22665505,208778739
"2351",2017-03-23 11:27:27,9.16,9.16,9.24,9.15,9.2,22665505,208778739
"2352",2017-03-23 11:27:30,9.16,9.16,9.24,9.15,9.2,22665505,208778739
"2353",2017-03-23 11:27:33,9.16,9.16,9.24,9.15,9.2,22675505,208870739
"2354",2017-03-23 11:27:36,9.16,9.16,9.24,9.15,9.2,22681663,208927393
"2355",2017-03-23 11:27:39,9.16,9.16,9.24,9.15,9.2,22681663,208927393
"2356",2017-03-23 11:27:42,9.16,9.16,9.24,9.15,9.21,22684363,208952260
"2357",2017-03-23 11:27:45,9.16,9.16,9.24,9.15,9.21,22684363,208952260
"2358",2017-03-23 11:27:48,9.16,9.16,9.24,9.15,9.21,22686363,208970680
"2359",2017-03-23 11:27:51,9.16,9.16,9.24,9.15,9.21,22689363,208998310
"2360",2017-03-23 11:27:54,9.16,9.16,9.24,9.15,9.2,22693963,209040660
"2361",2017-03-23 11:27:57,9.16,9.16,9.24,9.15,9.2,22693963,209040660
"2362",2017-03-23 11:28:06,9.16,9.16,9.24,9.15,9.2,22693963,209040660
"2363",2017-03-23 11:28:09,9.16,9.16,9.24,9.15,9.2,22693963,209040660
"2364",2017-03-23 11:28:12,9.16,9.16,9.24,9.15,9.21,22705463,209146575
"2365",2017-03-23 11:28:15,9.16,9.16,9.24,9.15,9.21,22706463,209155785
"2366",2017-03-23 11:28:18,9.16,9.16,9.24,9.15,9.21,22706463,209155785
"2367",2017-03-23 11:28:21,9.16,9.16,9.24,9.15,9.21,22709463,209183415
"2368",2017-03-23 11:28:24,9.16,9.16,9.24,9.15,9.2,22720363,209283774
"2369",2017-03-23 11:28:27,9.16,9.16,9.24,9.15,9.2,22720363,209283774
"2370",2017-03-23 11:28:30,9.16,9.16,9.24,9.15,9.2,22720363,209283774
"2371",2017-03-23 11:28:33,9.16,9.16,9.24,9.15,9.21,22734863,209417319
"2372",2017-03-23 11:28:36,9.16,9.16,9.24,9.15,9.2,22737063,209437559
"2373",2017-03-23 11:28:39,9.16,9.16,9.24,9.15,9.2,22737063,209437559
"2374",2017-03-23 11:28:42,9.16,9.16,9.24,9.15,9.21,22742663,209489135
"2375",2017-03-23 11:28:45,9.16,9.16,9.24,9.15,9.2,22742721,209489668
"2376",2017-03-23 11:28:48,9.16,9.16,9.24,9.15,9.2,22742721,209489668
"2377",2017-03-23 11:28:51,9.16,9.16,9.24,9.15,9.2,22742721,209489668
"2378",2017-03-23 11:28:54,9.16,9.16,9.24,9.15,9.21,22745221,209512677
"2379",2017-03-23 11:28:57,9.16,9.16,9.24,9.15,9.21,22745221,209512677
"2380",2017-03-23 11:29:00,9.16,9.16,9.24,9.15,9.2,22747721,209535677
"2381",2017-03-23 11:29:03,9.16,9.16,9.24,9.15,9.2,22750021,209556847
"2382",2017-03-23 11:29:06,9.16,9.16,9.24,9.15,9.21,22755321,209605660
"2383",2017-03-23 11:29:09,9.16,9.16,9.24,9.15,9.21,22755321,209605660
"2384",2017-03-23 11:29:12,9.16,9.16,9.24,9.15,9.21,22755321,209605660
"2385",2017-03-23 11:29:15,9.16,9.16,9.24,9.15,9.21,22755321,209605660
"2386",2017-03-23 11:29:18,9.16,9.16,9.24,9.15,9.21,22755321,209605660
"2387",2017-03-23 11:29:21,9.16,9.16,9.24,9.15,9.21,22765621,209700523
"2388",2017-03-23 11:29:24,9.16,9.16,9.24,9.15,9.21,22765621,209700523
"2389",2017-03-23 11:29:27,9.16,9.16,9.24,9.15,9.2,22765655,209700836
"2390",2017-03-23 11:29:30,9.16,9.16,9.24,9.15,9.21,22766055,209704520
"2391",2017-03-23 11:29:33,9.16,9.16,9.24,9.15,9.21,22766055,209704520
"2392",2017-03-23 11:29:36,9.16,9.16,9.24,9.15,9.21,22766855,209711888
"2393",2017-03-23 11:29:39,9.16,9.16,9.24,9.15,9.21,22766855,209711888
"2394",2017-03-23 11:29:42,9.16,9.16,9.24,9.15,9.21,22766855,209711888
"2395",2017-03-23 11:29:45,9.16,9.16,9.24,9.15,9.2,22769055,209732128
"2396",2017-03-23 11:29:48,9.16,9.16,9.24,9.15,9.2,22769055,209732128
"2397",2017-03-23 11:29:51,9.16,9.16,9.24,9.15,9.2,22769055,209732128
"2398",2017-03-23 11:29:54,9.16,9.16,9.24,9.15,9.21,22771655,209756058
"2399",2017-03-23 11:29:57,9.16,9.16,9.24,9.15,9.21,22777055,209805792
"2400",2017-03-23 11:30:00,9.16,9.16,9.24,9.15,9.21,22777055,209805792
"2401",2017-03-23 11:30:00,9.16,9.16,9.24,9.15,9.21,22777055,209805792
"2402",2017-03-23 13:00:00,9.16,9.16,9.24,9.15,9.21,22777055,209805792
"2403",2017-03-23 13:00:00,9.16,9.16,9.24,9.15,9.21,22777055,209805792
"2404",2017-03-23 13:00:03,9.16,9.16,9.24,9.15,9.2,22974095,211620437
"2405",2017-03-23 13:00:06,9.16,9.16,9.24,9.15,9.21,23057995,212393093
"2406",2017-03-23 13:00:09,9.16,9.16,9.24,9.15,9.2,23068895,212493471
"2407",2017-03-23 13:00:12,9.16,9.16,9.24,9.15,9.21,23083595,212628858
"2408",2017-03-23 13:00:15,9.16,9.16,9.24,9.15,9.21,23091995,212706199
"2409",2017-03-23 13:00:18,9.16,9.16,9.24,9.15,9.21,23102895,212806576
"2410",2017-03-23 13:00:21,9.16,9.16,9.24,9.15,9.21,23103895,212815786
"2411",2017-03-23 13:00:24,9.16,9.16,9.24,9.15,9.2,23104195,212818546
"2412",2017-03-23 13:00:27,9.16,9.16,9.24,9.15,9.2,23104395,212820386
"2413",2017-03-23 13:00:30,9.16,9.16,9.24,9.15,9.21,23114395,212912486
"2414",2017-03-23 13:00:33,9.16,9.16,9.24,9.15,9.21,23114395,212912486
"2415",2017-03-23 13:00:36,9.16,9.16,9.24,9.15,9.2,23118295,212948366
"2416",2017-03-23 13:00:39,9.16,9.16,9.24,9.15,9.2,23118295,212948366
"2417",2017-03-23 13:00:42,9.16,9.16,9.24,9.15,9.21,23119595,212960339
"2418",2017-03-23 13:00:45,9.16,9.16,9.24,9.15,9.21,23119595,212960339
"2419",2017-03-23 13:00:51,9.16,9.16,9.24,9.15,9.21,23124995,213010073
"2420",2017-03-23 13:00:54,9.16,9.16,9.24,9.15,9.21,23124995,213010073
"2421",2017-03-23 13:01:00,9.16,9.16,9.24,9.15,9.21,23128695,213044150
"2422",2017-03-23 13:01:03,9.16,9.16,9.24,9.15,9.21,23128695,213044150
"2423",2017-03-23 13:01:06,9.16,9.16,9.24,9.15,9.2,23130295,213058870
"2424",2017-03-23 13:01:09,9.16,9.16,9.24,9.15,9.2,23130495,213060710
"2425",2017-03-23 13:01:12,9.16,9.16,9.24,9.15,9.21,23131495,213069920
"2426",2017-03-23 13:01:15,9.16,9.16,9.24,9.15,9.21,23131495,213069920
"2427",2017-03-23 13:01:18,9.16,9.16,9.24,9.15,9.2,23135095,213103050
"2428",2017-03-23 13:01:21,9.16,9.16,9.24,9.15,9.2,23135095,213103050
"2429",2017-03-23 13:01:24,9.16,9.16,9.24,9.15,9.2,23141095,213158260
"2430",2017-03-23 13:01:27,9.16,9.16,9.24,9.15,9.21,23144095,213185890
"2431",2017-03-23 13:01:30,9.16,9.16,9.24,9.15,9.21,23146095,213204310
"2432",2017-03-23 13:01:39,9.16,9.16,9.24,9.15,9.2,23146335,213206518
"2433",2017-03-23 13:01:42,9.16,9.16,9.24,9.15,9.2,23146335,213206518
"2434",2017-03-23 13:01:51,9.16,9.16,9.24,9.15,9.2,23146335,213206518
"2435",2017-03-23 13:01:54,9.16,9.16,9.24,9.15,9.2,23146335,213206518
"2436",2017-03-23 13:01:57,9.16,9.16,9.24,9.15,9.2,23146335,213206518
"2437",2017-03-23 13:02:00,9.16,9.16,9.24,9.15,9.2,23146335,213206518
"2438",2017-03-23 13:02:06,9.16,9.16,9.24,9.15,9.2,23147935,213221238
"2439",2017-03-23 13:02:09,9.16,9.16,9.24,9.15,9.2,23148235,213223998
"2440",2017-03-23 13:02:12,9.16,9.16,9.24,9.15,9.21,23149335,213234129
"2441",2017-03-23 13:02:15,9.16,9.16,9.24,9.15,9.21,23149335,213234129
"2442",2017-03-23 13:02:18,9.16,9.16,9.24,9.15,9.21,23150235,213242418
"2443",2017-03-23 13:02:21,9.16,9.16,9.24,9.15,9.2,23152035,213258978
"2444",2017-03-23 13:02:24,9.16,9.16,9.24,9.15,9.2,23156135,213296698
"2445",2017-03-23 13:02:27,9.16,9.16,9.24,9.15,9.2,23158335,213316938
"2446",2017-03-23 13:02:30,9.16,9.16,9.24,9.15,9.2,23159535,213327978
"2447",2017-03-23 13:02:33,9.16,9.16,9.24,9.15,9.2,23159535,213327978
"2448",2017-03-23 13:02:36,9.16,9.16,9.24,9.15,9.2,23160535,213337178
"2449",2017-03-23 13:02:39,9.16,9.16,9.24,9.15,9.2,23160535,213337178
"2450",2017-03-23 13:02:42,9.16,9.16,9.24,9.15,9.21,23161535,213346388
"2451",2017-03-23 13:02:45,9.16,9.16,9.24,9.15,9.21,23161535,213346388
"2452",2017-03-23 13:02:48,9.16,9.16,9.24,9.15,9.21,23162035,213350993
"2453",2017-03-23 13:02:51,9.16,9.16,9.24,9.15,9.21,23162035,213350993
"2454",2017-03-23 13:02:54,9.16,9.16,9.24,9.15,9.21,23162035,213350993
"2455",2017-03-23 13:02:57,9.16,9.16,9.24,9.15,9.21,23162035,213350993
"2456",2017-03-23 13:03:00,9.16,9.16,9.24,9.15,9.21,23162035,213350993
"2457",2017-03-23 13:03:03,9.16,9.16,9.24,9.15,9.21,23162135,213351914
"2458",2017-03-23 13:03:06,9.16,9.16,9.24,9.15,9.2,23163935,213368474
"2459",2017-03-23 13:03:09,9.16,9.16,9.24,9.15,9.2,23166135,213388714
"2460",2017-03-23 13:03:15,9.16,9.16,9.24,9.15,9.21,23168535,213410818
"2461",2017-03-23 13:03:18,9.16,9.16,9.24,9.15,9.21,23180335,213519496
"2462",2017-03-23 13:03:21,9.16,9.16,9.24,9.15,9.2,23180835,213524096
"2463",2017-03-23 13:03:24,9.16,9.16,9.24,9.15,9.2,23384835,215400896
"2464",2017-03-23 13:03:27,9.16,9.16,9.24,9.15,9.21,23385835,215410106
"2465",2017-03-23 13:03:30,9.16,9.16,9.24,9.15,9.2,23396235,215505868
"2466",2017-03-23 13:03:33,9.16,9.16,9.24,9.15,9.2,23396235,215505868
"2467",2017-03-23 13:03:36,9.16,9.16,9.24,9.15,9.2,23397535,215517828
"2468",2017-03-23 13:03:39,9.16,9.16,9.24,9.15,9.2,23398035,215522428
"2469",2017-03-23 13:03:42,9.16,9.16,9.24,9.15,9.2,23398035,215522428
"2470",2017-03-23 13:03:48,9.16,9.16,9.24,9.15,9.2,23398035,215522428
"2471",2017-03-23 13:03:51,9.16,9.16,9.24,9.15,9.21,23399835,215539006
"2472",2017-03-23 13:03:54,9.16,9.16,9.24,9.15,9.2,23400235,215542687
"2473",2017-03-23 13:03:57,9.16,9.16,9.24,9.15,9.2,23400235,215542687
"2474",2017-03-23 13:04:00,9.16,9.16,9.24,9.15,9.2,23400235,215542687
"2475",2017-03-23 13:04:03,9.16,9.16,9.24,9.15,9.21,23466735,216154552
"2476",2017-03-23 13:04:06,9.16,9.16,9.24,9.15,9.2,23468335,216169272
"2477",2017-03-23 13:04:09,9.16,9.16,9.24,9.15,9.2,23468335,216169272
"2478",2017-03-23 13:04:12,9.16,9.16,9.24,9.15,9.2,23468335,216169272
"2479",2017-03-23 13:04:15,9.16,9.16,9.24,9.15,9.21,23488335,216353299
"2480",2017-03-23 13:04:18,9.16,9.16,9.24,9.15,9.21,23488335,216353299
"2481",2017-03-23 13:04:21,9.16,9.16,9.24,9.15,9.2,23488835,216357899
"2482",2017-03-23 13:04:24,9.16,9.16,9.24,9.15,9.2,23489935,216368019
"2483",2017-03-23 13:04:30,9.16,9.16,9.24,9.15,9.2,23539935,216828019
"2484",2017-03-23 13:04:33,9.16,9.16,9.24,9.15,9.2,23539935,216828019
"2485",2017-03-23 13:04:36,9.16,9.16,9.24,9.15,9.21,23540535,216833545
"2486",2017-03-23 13:04:39,9.16,9.16,9.24,9.15,9.2,23542735,216853785
"2487",2017-03-23 13:04:42,9.16,9.16,9.24,9.15,9.2,23542735,216853785
"2488",2017-03-23 13:04:45,9.16,9.16,9.24,9.15,9.21,23542935,216855627
"2489",2017-03-23 13:04:48,9.16,9.16,9.24,9.15,9.2,23563435,217044227
"2490",2017-03-23 13:04:54,9.16,9.16,9.24,9.15,9.2,23563735,217046987
"2491",2017-03-23 13:04:57,9.16,9.16,9.24,9.15,9.2,23565635,217064467
"2492",2017-03-23 13:05:00,9.16,9.16,9.24,9.15,9.2,23570735,217111387
"2493",2017-03-23 13:05:06,9.16,9.16,9.24,9.15,9.2,23572335,217126107
"2494",2017-03-23 13:05:09,9.16,9.16,9.24,9.15,9.2,23581935,217214427
"2495",2017-03-23 13:05:12,9.16,9.16,9.24,9.15,9.2,23581935,217214427
"2496",2017-03-23 13:05:18,9.16,9.16,9.24,9.15,9.2,23583235,217226387
"2497",2017-03-23 13:05:21,9.16,9.16,9.24,9.15,9.2,23584735,217240187
"2498",2017-03-23 13:05:24,9.16,9.16,9.24,9.15,9.2,23586935,217260427
"2499",2017-03-23 13:05:27,9.16,9.16,9.24,9.15,9.2,23586935,217260427
"2500",2017-03-23 13:05:30,9.16,9.16,9.24,9.15,9.2,23586935,217260427
"2501",2017-03-23 13:05:33,9.16,9.16,9.24,9.15,9.2,23590235,217290787
"2502",2017-03-23 13:05:36,9.16,9.16,9.24,9.15,9.21,23592135,217308276
"2503",2017-03-23 13:05:39,9.16,9.16,9.24,9.15,9.2,23596135,217345076
"2504",2017-03-23 13:05:42,9.16,9.16,9.24,9.15,9.2,23596135,217345076
"2505",2017-03-23 13:05:45,9.16,9.16,9.24,9.15,9.2,23814135,219350676
"2506",2017-03-23 13:05:48,9.16,9.16,9.24,9.15,9.2,23814135,219350676
"2507",2017-03-23 13:05:51,9.16,9.16,9.24,9.15,9.2,23816735,219374596
"2508",2017-03-23 13:05:54,9.16,9.16,9.24,9.15,9.2,23840235,219590796
"2509",2017-03-23 13:05:57,9.16,9.16,9.24,9.15,9.2,23845135,219635876
"2510",2017-03-23 13:06:00,9.16,9.16,9.24,9.15,9.2,23851835,219697522
"2511",2017-03-23 13:06:03,9.16,9.16,9.24,9.15,9.2,23851835,219697522
"2512",2017-03-23 13:06:06,9.16,9.16,9.24,9.15,9.2,23853435,219712242
"2513",2017-03-23 13:06:09,9.16,9.16,9.24,9.15,9.2,23859435,219767443
"2514",2017-03-23 13:06:12,9.16,9.16,9.24,9.15,9.2,23859635,219769283
"2515",2017-03-23 13:06:15,9.16,9.16,9.24,9.15,9.2,23859635,219769283
"2516",2017-03-23 13:06:18,9.16,9.16,9.24,9.15,9.2,23860735,219779403
"2517",2017-03-23 13:06:21,9.16,9.16,9.24,9.15,9.2,23861235,219784003
"2518",2017-03-23 13:06:24,9.16,9.16,9.24,9.15,9.21,23861435,219785845
"2519",2017-03-23 13:06:27,9.16,9.16,9.24,9.15,9.2,23866935,219836445
"2520",2017-03-23 13:06:30,9.16,9.16,9.24,9.15,9.2,23866935,219836445
"2521",2017-03-23 13:06:33,9.16,9.16,9.24,9.15,9.2,23866935,219836445
"2522",2017-03-23 13:06:36,9.16,9.16,9.24,9.15,9.2,23866935,219836445
"2523",2017-03-23 13:06:39,9.16,9.16,9.24,9.15,9.21,23870535,219869596
"2524",2017-03-23 13:06:42,9.16,9.16,9.24,9.15,9.21,23870535,219869596
"2525",2017-03-23 13:06:45,9.16,9.16,9.24,9.15,9.21,23872735,219889844
"2526",2017-03-23 13:06:48,9.16,9.16,9.24,9.15,9.21,23874735,219908264
"2527",2017-03-23 13:06:51,9.16,9.16,9.24,9.15,9.21,23874735,219908264
"2528",2017-03-23 13:06:54,9.16,9.16,9.24,9.15,9.21,23874835,219909185
"2529",2017-03-23 13:06:57,9.16,9.16,9.24,9.15,9.21,23874835,219909185
"2530",2017-03-23 13:07:00,9.16,9.16,9.24,9.15,9.2,23874935,219910105
"2531",2017-03-23 13:07:03,9.16,9.16,9.24,9.15,9.2,23875435,219914705
"2532",2017-03-23 13:07:06,9.16,9.16,9.24,9.15,9.2,23879235,219949665
"2533",2017-03-23 13:07:09,9.16,9.16,9.24,9.15,9.21,23886535,220016838
"2534",2017-03-23 13:07:18,9.16,9.16,9.24,9.15,9.21,23886535,220016838
"2535",2017-03-23 13:07:21,9.16,9.16,9.24,9.15,9.2,23887935,220029726
"2536",2017-03-23 13:07:24,9.16,9.16,9.24,9.15,9.2,23887935,220029726
"2537",2017-03-23 13:07:27,9.16,9.16,9.24,9.15,9.21,23899635,220137427
"2538",2017-03-23 13:07:30,9.16,9.16,9.24,9.15,9.2,23899835,220139267
"2539",2017-03-23 13:07:36,9.16,9.16,9.24,9.15,9.21,23900635,220146635
"2540",2017-03-23 13:07:39,9.16,9.16,9.24,9.15,9.21,23900635,220146635
"2541",2017-03-23 13:07:42,9.16,9.16,9.24,9.15,9.21,23900635,220146635
"2542",2017-03-23 13:07:45,9.16,9.16,9.24,9.15,9.2,23901635,220155835
"2543",2017-03-23 13:07:48,9.16,9.16,9.24,9.15,9.2,23901735,220156755
"2544",2017-03-23 13:07:51,9.16,9.16,9.24,9.15,9.2,23901835,220157675
"2545",2017-03-23 13:07:57,9.16,9.16,9.24,9.15,9.2,23904115,220178651
"2546",2017-03-23 13:08:00,9.16,9.16,9.24,9.15,9.2,23904215,220179571
"2547",2017-03-23 13:08:03,9.16,9.16,9.24,9.15,9.2,23904215,220179571
"2548",2017-03-23 13:08:06,9.16,9.16,9.24,9.15,9.2,23913815,220267891
"2549",2017-03-23 13:08:09,9.16,9.16,9.24,9.15,9.2,23920815,220332291
"2550",2017-03-23 13:08:12,9.16,9.16,9.24,9.15,9.2,23920815,220332291
"2551",2017-03-23 13:08:15,9.16,9.16,9.24,9.15,9.2,23930415,220420611
"2552",2017-03-23 13:08:18,9.16,9.16,9.24,9.15,9.2,23930415,220420611
"2553",2017-03-23 13:08:21,9.16,9.16,9.24,9.15,9.2,23930915,220425211
"2554",2017-03-23 13:08:24,9.16,9.16,9.24,9.15,9.2,23930915,220425211
"2555",2017-03-23 13:08:27,9.16,9.16,9.24,9.15,9.2,23930915,220425211
"2556",2017-03-23 13:08:30,9.16,9.16,9.24,9.15,9.21,23931615,220431658
"2557",2017-03-23 13:08:33,9.16,9.16,9.24,9.15,9.2,23931715,220432578
"2558",2017-03-23 13:08:36,9.16,9.16,9.24,9.15,9.2,23931715,220432578
"2559",2017-03-23 13:08:39,9.16,9.16,9.24,9.15,9.2,23931715,220432578
"2560",2017-03-23 13:08:42,9.16,9.16,9.24,9.15,9.2,23948815,220589918
"2561",2017-03-23 13:08:45,9.16,9.16,9.24,9.15,9.2,23949015,220591758
"2562",2017-03-23 13:08:48,9.16,9.16,9.24,9.15,9.2,23950115,220601878
"2563",2017-03-23 13:08:51,9.16,9.16,9.24,9.15,9.2,23954615,220643310
"2564",2017-03-23 13:08:54,9.16,9.16,9.24,9.15,9.2,23954615,220643310
"2565",2017-03-23 13:09:00,9.16,9.16,9.24,9.15,9.21,23955715,220653440
"2566",2017-03-23 13:09:03,9.16,9.16,9.24,9.15,9.2,23965115,220739920
"2567",2017-03-23 13:09:06,9.16,9.16,9.24,9.15,9.2,23969415,220779480
"2568",2017-03-23 13:09:09,9.16,9.16,9.24,9.15,9.2,23974315,220824560
"2569",2017-03-23 13:09:12,9.16,9.16,9.24,9.15,9.2,23976515,220844800
"2570",2017-03-23 13:09:15,9.16,9.16,9.24,9.15,9.2,24022515,221268000
"2571",2017-03-23 13:09:18,9.16,9.16,9.24,9.15,9.21,24024315,221284577
"2572",2017-03-23 13:09:21,9.16,9.16,9.24,9.15,9.2,24026515,221304817
"2573",2017-03-23 13:09:24,9.16,9.16,9.24,9.15,9.2,24027715,221315864
"2574",2017-03-23 13:09:27,9.16,9.16,9.24,9.15,9.2,24032915,221363704
"2575",2017-03-23 13:09:30,9.16,9.16,9.24,9.15,9.2,24032915,221363704
"2576",2017-03-23 13:09:33,9.16,9.16,9.24,9.15,9.21,24034415,221377519
"2577",2017-03-23 13:09:36,9.16,9.16,9.24,9.15,9.21,24034415,221377519
"2578",2017-03-23 13:09:42,9.16,9.16,9.24,9.15,9.21,24034515,221378440
"2579",2017-03-23 13:09:45,9.16,9.16,9.24,9.15,9.21,24034515,221378440
"2580",2017-03-23 13:09:48,9.16,9.16,9.24,9.15,9.21,24036015,221392255
"2581",2017-03-23 13:09:51,9.16,9.16,9.24,9.15,9.2,24041015,221438255
"2582",2017-03-23 13:09:54,9.16,9.16,9.24,9.15,9.21,24042015,221447465
"2583",2017-03-23 13:09:57,9.16,9.16,9.24,9.15,9.2,24043315,221459425
"2584",2017-03-23 13:10:00,9.16,9.16,9.24,9.15,9.2,24043415,221460345
"2585",2017-03-23 13:10:03,9.16,9.16,9.24,9.15,9.2,24065915,221667345
"2586",2017-03-23 13:10:06,9.16,9.16,9.24,9.15,9.2,24069515,221700465
"2587",2017-03-23 13:10:09,9.16,9.16,9.24,9.15,9.2,24070315,221707828
"2588",2017-03-23 13:10:12,9.16,9.16,9.24,9.15,9.2,24075115,221751988
"2589",2017-03-23 13:10:18,9.16,9.16,9.24,9.15,9.2,24075115,221751988
"2590",2017-03-23 13:10:24,9.16,9.16,9.24,9.15,9.2,24077015,221769468
"2591",2017-03-23 13:10:27,9.16,9.16,9.24,9.15,9.2,24077015,221769468
"2592",2017-03-23 13:10:30,9.16,9.16,9.24,9.15,9.2,24080115,221797997
"2593",2017-03-23 13:10:33,9.16,9.16,9.24,9.15,9.2,24080515,221801677
"2594",2017-03-23 13:10:36,9.16,9.16,9.24,9.15,9.2,24085315,221845837
"2595",2017-03-23 13:10:39,9.16,9.16,9.24,9.15,9.2,24108415,222058357
"2596",2017-03-23 13:10:42,9.16,9.16,9.24,9.15,9.2,24108415,222058357
"2597",2017-03-23 13:10:45,9.16,9.16,9.24,9.15,9.2,24108415,222058357
"2598",2017-03-23 13:10:48,9.16,9.16,9.24,9.15,9.2,24129215,222249717
"2599",2017-03-23 13:10:51,9.16,9.16,9.24,9.15,9.2,24129215,222249717
"2600",2017-03-23 13:10:54,9.16,9.16,9.24,9.15,9.2,24130315,222259837
"2601",2017-03-23 13:11:00,9.16,9.16,9.24,9.15,9.21,24135623,222308720
"2602",2017-03-23 13:11:03,9.16,9.16,9.24,9.15,9.21,24135623,222308720
"2603",2017-03-23 13:11:06,9.16,9.16,9.24,9.15,9.2,24141723,222364840
"2604",2017-03-23 13:11:09,9.16,9.16,9.24,9.15,9.21,24141923,222366682
"2605",2017-03-23 13:11:12,9.16,9.16,9.24,9.15,9.2,24144123,222386931
"2606",2017-03-23 13:11:15,9.16,9.16,9.24,9.15,9.2,24144123,222386931
"2607",2017-03-23 13:11:18,9.16,9.16,9.24,9.15,9.2,24158723,222521251
"2608",2017-03-23 13:11:21,9.16,9.16,9.24,9.15,9.2,24159223,222525851
"2609",2017-03-23 13:11:24,9.16,9.16,9.24,9.15,9.2,24161423,222546091
"2610",2017-03-23 13:11:27,9.16,9.16,9.24,9.15,9.21,24166623,222593983
"2611",2017-03-23 13:11:30,9.16,9.16,9.24,9.15,9.21,24377623,224535252
"2612",2017-03-23 13:11:33,9.16,9.16,9.24,9.15,9.2,24377723,224536172
"2613",2017-03-23 13:11:36,9.16,9.16,9.24,9.15,9.21,24397823,224721192
"2614",2017-03-23 13:11:39,9.16,9.16,9.24,9.15,9.2,24398323,224725792
"2615",2017-03-23 13:11:42,9.16,9.16,9.24,9.15,9.2,24407923,224814112
"2616",2017-03-23 13:11:45,9.16,9.16,9.24,9.15,9.2,24407923,224814112
"2617",2017-03-23 13:11:48,9.16,9.16,9.24,9.15,9.2,24407923,224814112
"2618",2017-03-23 13:11:51,9.16,9.16,9.24,9.15,9.2,24450723,225207872
"2619",2017-03-23 13:11:54,9.16,9.16,9.24,9.15,9.2,24453783,225236029
"2620",2017-03-23 13:11:57,9.16,9.16,9.24,9.15,9.2,24463683,225327109
"2621",2017-03-23 13:12:00,9.16,9.16,9.24,9.15,9.2,24474083,225422785
"2622",2017-03-23 13:12:03,9.16,9.16,9.24,9.15,9.2,24474083,225422785
"2623",2017-03-23 13:12:06,9.16,9.16,9.24,9.15,9.19,24483783,225512009
"2624",2017-03-23 13:12:09,9.16,9.16,9.24,9.15,9.19,24488583,225556121
"2625",2017-03-23 13:12:12,9.16,9.16,9.24,9.15,9.2,24491683,225584641
"2626",2017-03-23 13:12:15,9.16,9.16,9.24,9.15,9.2,24494683,225612241
"2627",2017-03-23 13:12:18,9.16,9.16,9.24,9.15,9.19,24506383,225719782
"2628",2017-03-23 13:12:21,9.16,9.16,9.24,9.15,9.2,24507883,225733577
"2629",2017-03-23 13:12:27,9.16,9.16,9.24,9.15,9.2,24507883,225733577
"2630",2017-03-23 13:12:30,9.16,9.16,9.24,9.15,9.2,24507883,225733577
"2631",2017-03-23 13:12:33,9.16,9.16,9.24,9.15,9.2,24507883,225733577
"2632",2017-03-23 13:12:36,9.16,9.16,9.24,9.15,9.19,24511983,225771256
"2633",2017-03-23 13:12:39,9.16,9.16,9.24,9.15,9.19,24511983,225771256
"2634",2017-03-23 13:12:42,9.16,9.16,9.24,9.15,9.19,24512283,225774013
"2635",2017-03-23 13:12:45,9.16,9.16,9.24,9.15,9.19,24514483,225794231
"2636",2017-03-23 13:12:48,9.16,9.16,9.24,9.15,9.19,24518683,225832869
"2637",2017-03-23 13:12:51,9.16,9.16,9.24,9.15,9.2,24519683,225842069
"2638",2017-03-23 13:12:54,9.16,9.16,9.24,9.15,9.2,24519683,225842069
"2639",2017-03-23 13:12:57,9.16,9.16,9.24,9.15,9.2,24519683,225842069
"2640",2017-03-23 13:13:00,9.16,9.16,9.24,9.15,9.19,24519783,225842988
"2641",2017-03-23 13:13:03,9.16,9.16,9.24,9.15,9.2,24529683,225934067
"2642",2017-03-23 13:13:06,9.16,9.16,9.24,9.15,9.19,24531783,225953371
"2643",2017-03-23 13:13:09,9.16,9.16,9.24,9.15,9.19,24546583,226089385
"2644",2017-03-23 13:13:12,9.16,9.16,9.24,9.15,9.19,24546583,226089385
"2645",2017-03-23 13:13:15,9.16,9.16,9.24,9.15,9.19,24546583,226089385
"2646",2017-03-23 13:13:18,9.16,9.16,9.24,9.15,9.19,24546583,226089385
"2647",2017-03-23 13:13:21,9.16,9.16,9.24,9.15,9.19,24547143,226094531
"2648",2017-03-23 13:13:24,9.16,9.16,9.24,9.15,9.19,24547143,226094531
"2649",2017-03-23 13:13:27,9.16,9.16,9.24,9.15,9.19,24551143,226131291
"2650",2017-03-23 13:13:30,9.16,9.16,9.24,9.15,9.19,24551143,226131291
"2651",2017-03-23 13:13:33,9.16,9.16,9.24,9.15,9.2,24565643,226264691
"2652",2017-03-23 13:13:36,9.16,9.16,9.24,9.15,9.2,24565643,226264691
"2653",2017-03-23 13:13:39,9.16,9.16,9.24,9.15,9.2,24570643,226310691
"2654",2017-03-23 13:13:42,9.16,9.16,9.24,9.15,9.19,24571243,226316205
"2655",2017-03-23 13:13:45,9.16,9.16,9.24,9.15,9.19,24581743,226412700
"2656",2017-03-23 13:13:48,9.16,9.16,9.24,9.15,9.19,24581843,226413619
"2657",2017-03-23 13:13:51,9.16,9.16,9.24,9.15,9.19,24581843,226413619
"2658",2017-03-23 13:13:54,9.16,9.16,9.24,9.15,9.19,24581843,226413619
"2659",2017-03-23 13:13:57,9.16,9.16,9.24,9.15,9.19,24581843,226413619
"2660",2017-03-23 13:14:00,9.16,9.16,9.24,9.15,9.19,24585543,226447622
"2661",2017-03-23 13:14:03,9.16,9.16,9.24,9.15,9.2,24587643,226466942
"2662",2017-03-23 13:14:06,9.16,9.16,9.24,9.15,9.19,24589243,226481646
"2663",2017-03-23 13:14:09,9.16,9.16,9.24,9.15,9.19,24594843,226533117
"2664",2017-03-23 13:14:12,9.16,9.16,9.24,9.15,9.19,24595043,226534955
"2665",2017-03-23 13:14:15,9.16,9.16,9.24,9.15,9.19,24595343,226537712
"2666",2017-03-23 13:14:18,9.16,9.16,9.24,9.15,9.19,24625643,226816169
"2667",2017-03-23 13:14:21,9.16,9.16,9.24,9.15,9.19,24625643,226816169
"2668",2017-03-23 13:14:24,9.16,9.16,9.24,9.15,9.19,24838043,228768125
"2669",2017-03-23 13:14:27,9.16,9.16,9.24,9.15,9.19,24838043,228768125
"2670",2017-03-23 13:14:33,9.16,9.16,9.24,9.15,9.19,24838143,228769044
"2671",2017-03-23 13:14:36,9.16,9.16,9.24,9.15,9.19,24838143,228769044
"2672",2017-03-23 13:14:39,9.16,9.16,9.24,9.15,9.19,24838143,228769044
"2673",2017-03-23 13:14:42,9.16,9.16,9.24,9.15,9.19,24838243,228769963
"2674",2017-03-23 13:14:45,9.16,9.16,9.24,9.15,9.19,25207843,232166587
"2675",2017-03-23 13:14:48,9.16,9.16,9.24,9.15,9.2,25208343,232171187
"2676",2017-03-23 13:14:51,9.16,9.16,9.24,9.15,9.19,25209143,232178539
"2677",2017-03-23 13:14:54,9.16,9.16,9.24,9.15,9.2,25211143,232196939
"2678",2017-03-23 13:14:57,9.16,9.16,9.24,9.15,9.2,25211143,232196939
"2679",2017-03-23 13:15:00,9.16,9.16,9.24,9.15,9.19,25223743,232312733
"2680",2017-03-23 13:15:03,9.16,9.16,9.24,9.15,9.19,25226243,232335711
"2681",2017-03-23 13:15:06,9.16,9.16,9.24,9.15,9.19,25227843,232350415
"2682",2017-03-23 13:15:09,9.16,9.16,9.24,9.15,9.2,25228343,232355015
"2683",2017-03-23 13:15:12,9.16,9.16,9.24,9.15,9.19,25233943,232406479
"2684",2017-03-23 13:15:15,9.16,9.16,9.24,9.15,9.19,25234443,232411074
"2685",2017-03-23 13:15:18,9.16,9.16,9.24,9.15,9.19,25240743,232469033
"2686",2017-03-23 13:15:21,9.16,9.16,9.24,9.15,9.19,25240743,232469033
"2687",2017-03-23 13:15:24,9.16,9.16,9.24,9.15,9.19,25241943,232480066
"2688",2017-03-23 13:15:27,9.16,9.16,9.24,9.15,9.19,25366943,233628816
"2689",2017-03-23 13:15:30,9.16,9.16,9.24,9.15,9.19,25367243,233631573
"2690",2017-03-23 13:15:33,9.16,9.16,9.24,9.15,9.19,25367443,233633411
"2691",2017-03-23 13:15:36,9.16,9.16,9.24,9.15,9.19,25375443,233706931
"2692",2017-03-23 13:15:39,9.16,9.16,9.24,9.15,9.19,25391843,233857647
"2693",2017-03-23 13:15:42,9.16,9.16,9.24,9.15,9.19,25392843,233866837
"2694",2017-03-23 13:15:45,9.16,9.16,9.24,9.15,9.19,25393843,233876027
"2695",2017-03-23 13:15:48,9.16,9.16,9.24,9.15,9.19,25458843,234473377
"2696",2017-03-23 13:15:51,9.16,9.16,9.24,9.15,9.19,25458843,234473377
"2697",2017-03-23 13:15:54,9.16,9.16,9.24,9.15,9.19,25472143,234595604
"2698",2017-03-23 13:15:57,9.16,9.16,9.24,9.15,9.19,25473143,234604794
"2699",2017-03-23 13:16:00,9.16,9.16,9.24,9.15,9.19,25473243,234605713
"2700",2017-03-23 13:16:03,9.16,9.16,9.24,9.15,9.19,25473443,234607551
"2701",2017-03-23 13:16:06,9.16,9.16,9.24,9.15,9.19,25476543,234636040
"2702",2017-03-23 13:16:09,9.16,9.16,9.24,9.15,9.19,25482143,234687515
"2703",2017-03-23 13:16:12,9.16,9.16,9.24,9.15,9.19,25489143,234751845
"2704",2017-03-23 13:16:15,9.16,9.16,9.24,9.15,9.19,25491343,234772063
"2705",2017-03-23 13:16:18,9.16,9.16,9.24,9.15,9.2,25491843,234776663
"2706",2017-03-23 13:16:21,9.16,9.16,9.24,9.15,9.19,25492443,234782178
"2707",2017-03-23 13:16:27,9.16,9.16,9.24,9.15,9.2,25499043,234842847
"2708",2017-03-23 13:16:30,9.16,9.16,9.24,9.15,9.2,25499043,234842847
"2709",2017-03-23 13:16:33,9.16,9.16,9.24,9.15,9.2,25499043,234842847
"2710",2017-03-23 13:16:36,9.16,9.16,9.24,9.15,9.19,25505643,234903501
"2711",2017-03-23 13:16:39,9.16,9.16,9.24,9.15,9.19,25505643,234903501
"2712",2017-03-23 13:16:42,9.16,9.16,9.24,9.15,9.19,25505643,234903501
"2713",2017-03-23 13:16:45,9.16,9.16,9.24,9.15,9.19,25505643,234903501
"2714",2017-03-23 13:16:48,9.16,9.16,9.24,9.15,9.19,25524923,235080734
"2715",2017-03-23 13:16:51,9.16,9.16,9.24,9.15,9.19,25525423,235085329
"2716",2017-03-23 13:16:54,9.16,9.16,9.24,9.15,9.19,25525623,235087167
"2717",2017-03-23 13:16:57,9.16,9.16,9.24,9.15,9.19,25526723,235097276
"2718",2017-03-23 13:17:00,9.16,9.16,9.24,9.15,9.19,25530823,235134955
"2719",2017-03-23 13:17:03,9.16,9.16,9.24,9.15,9.2,25533423,235158875
"2720",2017-03-23 13:17:06,9.16,9.16,9.24,9.15,9.19,25535023,235173579
"2721",2017-03-23 13:17:09,9.16,9.16,9.24,9.15,9.18,25541783,235235691
"2722",2017-03-23 13:17:12,9.16,9.16,9.24,9.15,9.18,25541783,235235691
"2723",2017-03-23 13:17:15,9.16,9.16,9.24,9.15,9.18,25541783,235235691
"2724",2017-03-23 13:17:18,9.16,9.16,9.24,9.15,9.19,25543783,235254071
"2725",2017-03-23 13:17:21,9.16,9.16,9.24,9.15,9.19,25565283,235451651
"2726",2017-03-23 13:17:24,9.16,9.16,9.24,9.15,9.18,25570483,235499417
"2727",2017-03-23 13:17:27,9.16,9.16,9.24,9.15,9.18,25570483,235499417
"2728",2017-03-23 13:17:30,9.16,9.16,9.24,9.15,9.18,25570483,235499417
"2729",2017-03-23 13:17:33,9.16,9.16,9.24,9.15,9.18,25571683,235510444
"2730",2017-03-23 13:17:36,9.16,9.16,9.24,9.15,9.18,25571683,235510444
"2731",2017-03-23 13:17:39,9.16,9.16,9.24,9.15,9.18,25571683,235510444
"2732",2017-03-23 13:17:42,9.16,9.16,9.24,9.15,9.19,25572683,235519634
"2733",2017-03-23 13:17:45,9.16,9.16,9.24,9.15,9.19,25578483,235572936
"2734",2017-03-23 13:17:48,9.16,9.16,9.24,9.15,9.19,25578483,235572936
"2735",2017-03-23 13:17:51,9.16,9.16,9.24,9.15,9.19,25578583,235573855
"2736",2017-03-23 13:17:54,9.16,9.16,9.24,9.15,9.19,25579683,235583958
"2737",2017-03-23 13:17:57,9.16,9.16,9.24,9.15,9.19,25603323,235801209
"2738",2017-03-23 13:18:00,9.16,9.16,9.24,9.15,9.19,25603323,235801209
"2739",2017-03-23 13:18:03,9.16,9.16,9.24,9.15,9.19,25603323,235801209
"2740",2017-03-23 13:18:06,9.16,9.16,9.24,9.15,9.19,25604923,235815913
"2741",2017-03-23 13:18:09,9.16,9.16,9.24,9.15,9.19,25619323,235948249
"2742",2017-03-23 13:18:12,9.16,9.16,9.24,9.15,9.19,25619323,235948249
"2743",2017-03-23 13:18:15,9.16,9.16,9.24,9.15,9.19,25619323,235948249
"2744",2017-03-23 13:18:18,9.16,9.16,9.24,9.15,9.19,25619423,235949168
"2745",2017-03-23 13:18:21,9.16,9.16,9.24,9.15,9.19,25620123,235955601
"2746",2017-03-23 13:18:24,9.16,9.16,9.24,9.15,9.19,25620123,235955601
"2747",2017-03-23 13:18:27,9.16,9.16,9.24,9.15,9.19,25620123,235955601
"2748",2017-03-23 13:18:30,9.16,9.16,9.24,9.15,9.2,25620923,235962961
"2749",2017-03-23 13:18:33,9.16,9.16,9.24,9.15,9.2,25621323,235966641
"2750",2017-03-23 13:18:36,9.16,9.16,9.24,9.15,9.19,25623523,235986859
"2751",2017-03-23 13:18:39,9.16,9.16,9.24,9.15,9.19,25623523,235986859
"2752",2017-03-23 13:18:42,9.16,9.16,9.24,9.15,9.19,25623523,235986859
"2753",2017-03-23 13:18:45,9.16,9.16,9.24,9.15,9.19,25623523,235986859
"2754",2017-03-23 13:18:48,9.16,9.16,9.24,9.15,9.19,25627923,236027299
"2755",2017-03-23 13:18:51,9.16,9.16,9.24,9.15,9.19,25627923,236027299
"2756",2017-03-23 13:18:54,9.16,9.16,9.24,9.15,9.2,25632823,236072338
"2757",2017-03-23 13:18:57,9.16,9.16,9.24,9.15,9.2,25632823,236072338
"2758",2017-03-23 13:19:00,9.16,9.16,9.24,9.15,9.2,25633823,236081538
"2759",2017-03-23 13:19:03,9.16,9.16,9.24,9.15,9.19,25635623,236098080
"2760",2017-03-23 13:19:06,9.16,9.16,9.24,9.15,9.19,25637223,236112784
"2761",2017-03-23 13:19:09,9.16,9.16,9.24,9.15,9.19,25641723,236154139
"2762",2017-03-23 13:19:12,9.16,9.16,9.24,9.15,9.2,25645023,236184499
"2763",2017-03-23 13:19:15,9.16,9.16,9.24,9.15,9.2,25647123,236203801
"2764",2017-03-23 13:19:18,9.16,9.16,9.24,9.15,9.19,25653223,236259860
"2765",2017-03-23 13:19:21,9.16,9.16,9.24,9.15,9.2,25653723,236264460
"2766",2017-03-23 13:19:24,9.16,9.16,9.24,9.15,9.19,25655123,236277326
"2767",2017-03-23 13:19:27,9.16,9.16,9.24,9.15,9.19,25763723,237275360
"2768",2017-03-23 13:19:30,9.16,9.16,9.24,9.15,9.2,25768723,237321360
"2769",2017-03-23 13:19:33,9.16,9.16,9.24,9.15,9.19,25770723,237339740
"2770",2017-03-23 13:19:36,9.16,9.16,9.24,9.15,9.19,25770723,237339740
"2771",2017-03-23 13:19:39,9.16,9.16,9.24,9.15,9.19,25770723,237339740
"2772",2017-03-23 13:19:42,9.16,9.16,9.24,9.15,9.19,25772923,237359958
"2773",2017-03-23 13:19:45,9.16,9.16,9.24,9.15,9.19,25773123,237361796
"2774",2017-03-23 13:19:48,9.16,9.16,9.24,9.15,9.19,25796123,237573192
"2775",2017-03-23 13:19:51,9.16,9.16,9.24,9.15,9.19,25796123,237573192
"2776",2017-03-23 13:19:54,9.16,9.16,9.24,9.15,9.19,25796123,237573192
"2777",2017-03-23 13:19:57,9.16,9.16,9.24,9.15,9.19,25796123,237573192
"2778",2017-03-23 13:20:00,9.16,9.16,9.24,9.15,9.19,25796123,237573192
"2779",2017-03-23 13:20:03,9.16,9.16,9.24,9.15,9.19,25796123,237573192
"2780",2017-03-23 13:20:06,9.16,9.16,9.24,9.15,9.19,25805623,237660576
"2781",2017-03-23 13:20:09,9.16,9.16,9.24,9.15,9.19,25812223,237721230
"2782",2017-03-23 13:20:12,9.16,9.16,9.24,9.15,9.19,25812223,237721230
"2783",2017-03-23 13:20:15,9.16,9.16,9.24,9.15,9.19,25812223,237721230
"2784",2017-03-23 13:20:18,9.16,9.16,9.24,9.15,9.19,25812223,237721230
"2785",2017-03-23 13:20:21,9.16,9.16,9.24,9.15,9.19,25823523,237825077
"2786",2017-03-23 13:20:24,9.16,9.16,9.24,9.15,9.19,25826523,237852647
"2787",2017-03-23 13:20:27,9.16,9.16,9.24,9.15,9.19,25826523,237852647
"2788",2017-03-23 13:20:30,9.16,9.16,9.24,9.15,9.19,25827523,237861837
"2789",2017-03-23 13:20:33,9.16,9.16,9.24,9.15,9.19,25827623,237862756
"2790",2017-03-23 13:20:36,9.16,9.16,9.24,9.15,9.19,25827823,237864594
"2791",2017-03-23 13:20:39,9.16,9.16,9.24,9.15,9.19,25828523,237871027
"2792",2017-03-23 13:20:42,9.16,9.16,9.24,9.15,9.19,25828523,237871027
"2793",2017-03-23 13:20:45,9.16,9.16,9.24,9.15,9.19,25828523,237871027
"2794",2017-03-23 13:20:48,9.16,9.16,9.24,9.15,9.19,25830723,237891245
"2795",2017-03-23 13:20:51,9.16,9.16,9.24,9.15,9.19,25832923,237911463
"2796",2017-03-23 13:20:54,9.16,9.16,9.24,9.15,9.19,25835123,237931681
"2797",2017-03-23 13:20:57,9.16,9.16,9.24,9.15,9.19,25841523,237990497
"2798",2017-03-23 13:21:00,9.16,9.16,9.24,9.15,9.19,25841523,237990497
"2799",2017-03-23 13:21:03,9.16,9.16,9.24,9.15,9.19,25841923,237994173
"2800",2017-03-23 13:21:06,9.16,9.16,9.24,9.15,9.19,25846423,238035548
"2801",2017-03-23 13:21:09,9.16,9.16,9.24,9.15,9.19,25851723,238084255
"2802",2017-03-23 13:21:12,9.16,9.16,9.24,9.15,9.19,25861723,238176155
"2803",2017-03-23 13:21:15,9.16,9.16,9.24,9.15,9.2,25872123,238271732
"2804",2017-03-23 13:21:18,9.16,9.16,9.24,9.15,9.19,25900583,238533280
"2805",2017-03-23 13:21:21,9.16,9.16,9.24,9.15,9.19,25900683,238534199
"2806",2017-03-23 13:21:24,9.16,9.16,9.24,9.15,9.19,25902383,238549822
"2807",2017-03-23 13:21:27,9.16,9.16,9.24,9.15,9.18,25906283,238585624
"2808",2017-03-23 13:21:30,9.16,9.16,9.24,9.15,9.19,25907283,238594814
"2809",2017-03-23 13:21:33,9.16,9.16,9.24,9.15,9.19,25918423,238697184
"2810",2017-03-23 13:21:36,9.16,9.16,9.24,9.15,9.19,25918423,238697184
"2811",2017-03-23 13:21:39,9.16,9.16,9.24,9.15,9.19,25919123,238703617
"2812",2017-03-23 13:21:45,9.16,9.16,9.24,9.15,9.19,25919123,238703617
"2813",2017-03-23 13:21:48,9.16,9.16,9.24,9.15,9.19,25930123,238804707
"2814",2017-03-23 13:21:51,9.16,9.16,9.24,9.15,9.19,25930623,238809304
"2815",2017-03-23 13:21:54,9.16,9.16,9.24,9.15,9.19,25930623,238809304
"2816",2017-03-23 13:21:57,9.16,9.16,9.24,9.15,9.19,25933623,238836874
"2817",2017-03-23 13:22:00,9.16,9.16,9.24,9.15,9.19,25936623,238864449
"2818",2017-03-23 13:22:03,9.16,9.16,9.24,9.15,9.19,25941723,238911318
"2819",2017-03-23 13:22:06,9.16,9.16,9.24,9.15,9.19,25945323,238944402
"2820",2017-03-23 13:22:09,9.16,9.16,9.24,9.15,9.19,25958883,239069019
"2821",2017-03-23 13:22:12,9.16,9.16,9.24,9.15,9.19,25960983,239088318
"2822",2017-03-23 13:22:15,9.16,9.16,9.24,9.15,9.19,25961983,239097508
"2823",2017-03-23 13:22:18,9.16,9.16,9.24,9.15,9.19,25961983,239097508
"2824",2017-03-23 13:22:21,9.16,9.16,9.24,9.15,9.19,25962283,239100263
"2825",2017-03-23 13:22:24,9.16,9.16,9.24,9.15,9.19,25965283,239127833
"2826",2017-03-23 13:22:27,9.16,9.16,9.24,9.15,9.18,25971383,239183831
"2827",2017-03-23 13:22:30,9.16,9.16,9.24,9.15,9.18,25971383,239183831
"2828",2017-03-23 13:22:33,9.16,9.16,9.24,9.15,9.18,25971383,239183831
"2829",2017-03-23 13:22:36,9.16,9.16,9.24,9.15,9.19,25974983,239216915
"2830",2017-03-23 13:22:39,9.16,9.16,9.24,9.15,9.19,25974983,239216915
"2831",2017-03-23 13:22:42,9.16,9.16,9.24,9.15,9.18,25987183,239328911
"2832",2017-03-23 13:22:45,9.16,9.16,9.24,9.15,9.18,25987183,239328911
"2833",2017-03-23 13:22:48,9.16,9.16,9.24,9.15,9.18,25988883,239344523
"2834",2017-03-23 13:22:51,9.16,9.16,9.24,9.15,9.18,25991383,239367473
"2835",2017-03-23 13:22:54,9.16,9.16,9.24,9.15,9.18,25991383,239367473
"2836",2017-03-23 13:22:57,9.16,9.16,9.24,9.15,9.18,25995983,239409716
"2837",2017-03-23 13:23:00,9.16,9.16,9.24,9.15,9.18,25995983,239409716
"2838",2017-03-23 13:23:03,9.16,9.16,9.24,9.15,9.19,26000483,239451049
"2839",2017-03-23 13:23:06,9.16,9.16,9.24,9.15,9.18,26005183,239494204
"2840",2017-03-23 13:23:09,9.16,9.16,9.24,9.15,9.18,26010183,239540104
"2841",2017-03-23 13:23:12,9.16,9.16,9.24,9.15,9.18,26020183,239631904
"2842",2017-03-23 13:23:15,9.16,9.16,9.24,9.15,9.18,26020183,239631904
"2843",2017-03-23 13:23:18,9.16,9.16,9.24,9.15,9.19,26028983,239712776
"2844",2017-03-23 13:23:21,9.16,9.16,9.24,9.15,9.18,26030983,239731136
"2845",2017-03-23 13:23:24,9.16,9.16,9.24,9.15,9.19,26033483,239754111
"2846",2017-03-23 13:23:27,9.16,9.16,9.24,9.15,9.18,26036483,239781651
"2847",2017-03-23 13:23:30,9.16,9.16,9.24,9.15,9.19,26036583,239782570
"2848",2017-03-23 13:23:33,9.16,9.16,9.24,9.15,9.18,26046383,239872534
"2849",2017-03-23 13:23:36,9.16,9.16,9.24,9.15,9.18,26046683,239875288
"2850",2017-03-23 13:23:39,9.16,9.16,9.24,9.15,9.18,26046683,239875288
"2851",2017-03-23 13:23:42,9.16,9.16,9.24,9.15,9.18,26046683,239875288
"2852",2017-03-23 13:23:45,9.16,9.16,9.24,9.15,9.18,26050683,239912008
"2853",2017-03-23 13:23:48,9.16,9.16,9.24,9.15,9.18,26050683,239912008
"2854",2017-03-23 13:23:51,9.16,9.16,9.24,9.15,9.19,26050783,239912927
"2855",2017-03-23 13:23:54,9.16,9.16,9.24,9.15,9.18,26053583,239938632
"2856",2017-03-23 13:23:57,9.16,9.16,9.24,9.15,9.18,26107383,240432516
"2857",2017-03-23 13:24:00,9.16,9.16,9.24,9.15,9.18,26107783,240436188
"2858",2017-03-23 13:24:03,9.16,9.16,9.24,9.15,9.18,26107783,240436188
"2859",2017-03-23 13:24:06,9.16,9.16,9.24,9.15,9.18,26114983,240502284
"2860",2017-03-23 13:24:09,9.16,9.16,9.24,9.15,9.18,26115783,240509628
"2861",2017-03-23 13:24:12,9.16,9.16,9.24,9.15,9.19,26120283,240550963
"2862",2017-03-23 13:24:15,9.16,9.16,9.24,9.15,9.19,26122683,240572997
"2863",2017-03-23 13:24:18,9.16,9.16,9.24,9.15,9.18,26123283,240578510
"2864",2017-03-23 13:24:21,9.16,9.16,9.24,9.15,9.18,26127083,240613430
"2865",2017-03-23 13:24:24,9.16,9.16,9.24,9.15,9.18,26127083,240613430
"2866",2017-03-23 13:24:27,9.16,9.16,9.24,9.15,9.19,26129583,240636400
"2867",2017-03-23 13:24:30,9.16,9.16,9.24,9.15,9.19,26129583,240636400
"2868",2017-03-23 13:24:33,9.16,9.16,9.24,9.15,9.19,26130783,240647428
"2869",2017-03-23 13:24:36,9.16,9.16,9.24,9.15,9.19,26130783,240647428
"2870",2017-03-23 13:24:39,9.16,9.16,9.24,9.15,9.19,26134583,240682350
"2871",2017-03-23 13:24:42,9.16,9.16,9.24,9.15,9.18,26143683,240765888
"2872",2017-03-23 13:24:45,9.16,9.16,9.24,9.15,9.19,26144783,240775997
"2873",2017-03-23 13:24:48,9.16,9.16,9.24,9.15,9.19,26144783,240775997
"2874",2017-03-23 13:24:51,9.16,9.16,9.24,9.15,9.19,26144783,240775997
"2875",2017-03-23 13:24:54,9.16,9.16,9.24,9.15,9.18,26334483,242517443
"2876",2017-03-23 13:24:57,9.16,9.16,9.24,9.15,9.19,26334583,242518362
"2877",2017-03-23 13:25:00,9.16,9.16,9.24,9.15,9.18,26342683,242592731
"2878",2017-03-23 13:25:03,9.16,9.16,9.24,9.15,9.18,26542583,244427813
"2879",2017-03-23 13:25:06,9.16,9.16,9.24,9.15,9.18,26549283,244489324
"2880",2017-03-23 13:25:09,9.16,9.16,9.24,9.15,9.18,26549583,244492078
"2881",2017-03-23 13:25:12,9.16,9.16,9.24,9.15,9.18,26556583,244556338
"2882",2017-03-23 13:25:15,9.16,9.16,9.24,9.15,9.18,26561083,244597648
"2883",2017-03-23 13:25:18,9.16,9.16,9.24,9.15,9.18,26561083,244597648
"2884",2017-03-23 13:25:21,9.16,9.16,9.24,9.15,9.18,26561083,244597648
"2885",2017-03-23 13:25:24,9.16,9.16,9.24,9.15,9.18,26563283,244617844
"2886",2017-03-23 13:25:27,9.16,9.16,9.24,9.15,9.18,26586083,244827148
"2887",2017-03-23 13:25:30,9.16,9.16,9.24,9.15,9.18,26901083,247718848
"2888",2017-03-23 13:25:33,9.16,9.16,9.24,9.15,9.18,26906083,247764748
"2889",2017-03-23 13:25:36,9.16,9.16,9.24,9.15,9.18,26936643,248045289
"2890",2017-03-23 13:25:39,9.16,9.16,9.24,9.15,9.18,26936643,248045289
"2891",2017-03-23 13:25:42,9.16,9.16,9.24,9.15,9.18,26936643,248045289
"2892",2017-03-23 13:25:45,9.16,9.16,9.24,9.15,9.18,26936743,248046207
"2893",2017-03-23 13:25:48,9.16,9.16,9.24,9.15,9.18,26940343,248079255
"2894",2017-03-23 13:25:51,9.16,9.16,9.24,9.15,9.18,26944843,248120575
"2895",2017-03-23 13:25:54,9.16,9.16,9.24,9.15,9.19,26952043,248186682
"2896",2017-03-23 13:25:57,9.16,9.16,9.24,9.15,9.18,27154043,250041042
"2897",2017-03-23 13:26:00,9.16,9.16,9.24,9.15,9.18,27154043,250041042
"2898",2017-03-23 13:26:03,9.16,9.16,9.24,9.15,9.18,27176543,250247592
"2899",2017-03-23 13:26:06,9.16,9.16,9.24,9.15,9.18,27178043,250261362
"2900",2017-03-23 13:26:09,9.16,9.16,9.24,9.15,9.18,27196343,250429356
"2901",2017-03-23 13:26:12,9.16,9.16,9.24,9.15,9.18,27196543,250431192
"2902",2017-03-23 13:26:15,9.16,9.16,9.24,9.15,9.19,27197943,250444056
"2903",2017-03-23 13:26:18,9.16,9.16,9.24,9.15,9.18,27199043,250454154
"2904",2017-03-23 13:26:21,9.16,9.16,9.24,9.15,9.18,27211943,250572576
"2905",2017-03-23 13:26:24,9.16,9.16,9.24,9.15,9.18,27214943,250600116
"2906",2017-03-23 13:26:27,9.16,9.16,9.24,9.15,9.18,27226043,250702014
"2907",2017-03-23 13:26:30,9.16,9.16,9.24,9.15,9.18,27226043,250702014
"2908",2017-03-23 13:26:33,9.16,9.16,9.24,9.15,9.18,27231143,250748832
"2909",2017-03-23 13:26:36,9.16,9.16,9.24,9.15,9.18,27234955,250783831
"2910",2017-03-23 13:26:39,9.16,9.16,9.24,9.15,9.18,27361255,251943273
"2911",2017-03-23 13:26:42,9.16,9.16,9.24,9.15,9.19,27370255,252025963
"2912",2017-03-23 13:26:45,9.16,9.16,9.24,9.15,9.18,27375255,252071863
"2913",2017-03-23 13:26:48,9.16,9.16,9.24,9.15,9.18,27385855,252169225
"2914",2017-03-23 13:26:51,9.16,9.16,9.24,9.15,9.19,27416655,252452177
"2915",2017-03-23 13:26:54,9.16,9.16,9.24,9.15,9.18,27591155,254055592
"2916",2017-03-23 13:26:57,9.16,9.16,9.24,9.15,9.18,27592655,254069362
"2917",2017-03-23 13:27:00,9.16,9.16,9.24,9.15,9.18,27593655,254078542
"2918",2017-03-23 13:27:03,9.16,9.16,9.24,9.15,9.18,27594455,254085886
"2919",2017-03-23 13:27:06,9.16,9.16,9.24,9.15,9.18,27596055,254100574
"2920",2017-03-23 13:27:09,9.16,9.16,9.24,9.15,9.19,27600855,254144639
"2921",2017-03-23 13:27:12,9.16,9.16,9.24,9.15,9.19,27600855,254144639
"2922",2017-03-23 13:27:15,9.16,9.16,9.24,9.15,9.18,27610855,254236439
"2923",2017-03-23 13:27:18,9.16,9.16,9.24,9.15,9.18,27665955,254742757
"2924",2017-03-23 13:27:21,9.16,9.16,9.24,9.15,9.18,27669955,254779477
"2925",2017-03-23 13:27:24,9.16,9.16,9.24,9.15,9.19,27722455,255261927
"2926",2017-03-23 13:27:27,9.16,9.16,9.24,9.15,9.19,27722555,255262846
"2927",2017-03-23 13:27:30,9.16,9.16,9.24,9.15,9.19,27722555,255262846
"2928",2017-03-23 13:27:33,9.16,9.16,9.24,9.15,9.19,27723355,255270198
"2929",2017-03-23 13:27:36,9.16,9.16,9.24,9.15,9.19,27723355,255270198
"2930",2017-03-23 13:27:39,9.16,9.16,9.24,9.15,9.19,27723355,255270198
"2931",2017-03-23 13:27:42,9.16,9.16,9.24,9.15,9.18,27726655,255300503
"2932",2017-03-23 13:27:45,9.16,9.16,9.24,9.15,9.18,27726655,255300503
"2933",2017-03-23 13:27:48,9.16,9.16,9.24,9.15,9.19,27727455,255307855
"2934",2017-03-23 13:27:51,9.16,9.16,9.24,9.15,9.19,27727455,255307855
"2935",2017-03-23 13:27:54,9.16,9.16,9.24,9.15,9.19,27853655,256467425
"2936",2017-03-23 13:27:57,9.16,9.16,9.24,9.15,9.18,27858655,256513325
"2937",2017-03-23 13:28:00,9.16,9.16,9.24,9.15,9.18,27859855,256524341
"2938",2017-03-23 13:28:03,9.16,9.16,9.24,9.15,9.18,27859955,256525259
"2939",2017-03-23 13:28:06,9.16,9.16,9.24,9.15,9.19,27862955,256552829
"2940",2017-03-23 13:28:09,9.16,9.16,9.24,9.15,9.19,27874555,256659370
"2941",2017-03-23 13:28:12,9.16,9.16,9.24,9.15,9.19,27875555,256668560
"2942",2017-03-23 13:28:15,9.16,9.16,9.24,9.15,9.18,28075855,258509281
"2943",2017-03-23 13:28:18,9.16,9.16,9.24,9.15,9.19,28078855,258536851
"2944",2017-03-23 13:28:21,9.16,9.16,9.24,9.15,9.19,28108655,258810616
"2945",2017-03-23 13:28:24,9.16,9.16,9.24,9.15,9.19,28109455,258817968
"2946",2017-03-23 13:28:27,9.16,9.16,9.24,9.15,9.19,28109455,258817968
"2947",2017-03-23 13:28:30,9.16,9.16,9.24,9.15,9.18,28213655,259775549
"2948",2017-03-23 13:28:33,9.16,9.16,9.24,9.15,9.18,28213655,259775549
"2949",2017-03-23 13:28:36,9.16,9.16,9.24,9.15,9.18,28220055,259834330
"2950",2017-03-23 13:28:39,9.16,9.16,9.24,9.15,9.18,28220055,259834330
"2951",2017-03-23 13:28:42,9.16,9.16,9.24,9.15,9.19,28220855,259841682
"2952",2017-03-23 13:28:45,9.16,9.16,9.24,9.15,9.19,28221355,259846277
"2953",2017-03-23 13:28:48,9.16,9.16,9.24,9.15,9.19,28339015,260927572
"2954",2017-03-23 13:28:51,9.16,9.16,9.24,9.15,9.2,28341515,260950572
"2955",2017-03-23 13:28:54,9.16,9.16,9.24,9.15,9.19,28351015,261037877
"2956",2017-03-23 13:28:57,9.16,9.16,9.24,9.15,9.19,28405015,261534137
"2957",2017-03-23 13:29:00,9.16,9.16,9.24,9.15,9.19,28405015,261534137
"2958",2017-03-23 13:29:03,9.16,9.16,9.24,9.15,9.19,28405015,261534137
"2959",2017-03-23 13:29:06,9.16,9.16,9.24,9.15,9.19,28406615,261548841
"2960",2017-03-23 13:29:09,9.16,9.16,9.24,9.15,9.2,28416615,261640792
"2961",2017-03-23 13:29:12,9.16,9.16,9.24,9.15,9.19,28416915,261643549
"2962",2017-03-23 13:29:15,9.16,9.16,9.24,9.15,9.19,28418415,261657334
"2963",2017-03-23 13:29:18,9.16,9.16,9.24,9.15,9.19,28418715,261660091
"2964",2017-03-23 13:29:21,9.16,9.16,9.24,9.15,9.2,28419815,261670211
"2965",2017-03-23 13:29:24,9.16,9.16,9.24,9.15,9.19,28420815,261679401
"2966",2017-03-23 13:29:27,9.16,9.16,9.24,9.15,9.19,28420815,261679401
"2967",2017-03-23 13:29:30,9.16,9.16,9.24,9.15,9.19,28428915,261753851
"2968",2017-03-23 13:29:33,9.16,9.16,9.24,9.15,9.19,28429015,261754770
"2969",2017-03-23 13:29:36,9.16,9.16,9.24,9.15,9.2,28429815,261762130
"2970",2017-03-23 13:29:39,9.16,9.16,9.24,9.15,9.19,28430515,261768563
"2971",2017-03-23 13:29:42,9.16,9.16,9.24,9.15,9.19,28431915,261781429
"2972",2017-03-23 13:29:45,9.16,9.16,9.24,9.15,9.19,28431915,261781429
"2973",2017-03-23 13:29:48,9.16,9.16,9.24,9.15,9.19,28441915,261873369
"2974",2017-03-23 13:29:51,9.16,9.16,9.24,9.15,9.2,28446215,261912926
"2975",2017-03-23 13:29:54,9.16,9.16,9.24,9.15,9.19,28460915,262048064
"2976",2017-03-23 13:29:57,9.16,9.16,9.24,9.15,9.19,28460915,262048064
"2977",2017-03-23 13:30:00,9.16,9.16,9.24,9.15,9.19,28475215,262179491
"2978",2017-03-23 13:30:03,9.16,9.16,9.24,9.15,9.2,28486615,262284369
"2979",2017-03-23 13:30:06,9.16,9.16,9.24,9.15,9.2,28486615,262284369
"2980",2017-03-23 13:30:09,9.16,9.16,9.24,9.15,9.19,28500915,262415786
"2981",2017-03-23 13:30:12,9.16,9.16,9.24,9.15,9.19,28505615,262458979
"2982",2017-03-23 13:30:15,9.16,9.16,9.24,9.15,9.19,28505715,262459898
"2983",2017-03-23 13:30:18,9.16,9.16,9.24,9.15,9.19,28507815,262479205
"2984",2017-03-23 13:30:21,9.16,9.16,9.24,9.15,9.19,28512015,262517833
"2985",2017-03-23 13:30:24,9.16,9.16,9.24,9.15,9.2,28513815,262534393
"2986",2017-03-23 13:30:27,9.16,9.16,9.24,9.15,9.2,28513815,262534393
"2987",2017-03-23 13:30:30,9.16,9.16,9.24,9.15,9.19,28526115,262647451
"2988",2017-03-23 13:30:33,9.16,9.16,9.24,9.15,9.19,28543815,262810114
"2989",2017-03-23 13:30:36,9.16,9.16,9.24,9.15,9.2,28555015,262913154
"2990",2017-03-23 13:30:39,9.16,9.16,9.24,9.15,9.19,28555715,262919587
"2991",2017-03-23 13:30:42,9.16,9.16,9.24,9.15,9.19,28571915,263068465
"2992",2017-03-23 13:30:45,9.16,9.16,9.24,9.15,9.19,28572115,263070303
"2993",2017-03-23 13:30:48,9.16,9.16,9.24,9.15,9.19,28572115,263070303
"2994",2017-03-23 13:30:51,9.16,9.16,9.24,9.15,9.19,28572115,263070303
"2995",2017-03-23 13:30:54,9.16,9.16,9.24,9.15,9.19,28580115,263143823
"2996",2017-03-23 13:30:57,9.16,9.16,9.24,9.15,9.19,28604015,263363464
"2997",2017-03-23 13:31:00,9.16,9.16,9.24,9.15,9.19,28604215,263365302
"2998",2017-03-23 13:31:03,9.16,9.16,9.24,9.15,9.19,28605615,263378168
"2999",2017-03-23 13:31:06,9.16,9.16,9.24,9.15,9.19,28626415,263569320
"3000",2017-03-23 13:31:09,9.16,9.16,9.24,9.15,9.2,28636415,263661304
"3001",2017-03-23 13:31:12,9.16,9.16,9.24,9.15,9.2,28645415,263744033
"3002",2017-03-23 13:31:15,9.16,9.16,9.24,9.15,9.2,28645415,263744033
"3003",2017-03-23 13:31:18,9.16,9.16,9.24,9.15,9.2,28645415,263744033
"3004",2017-03-23 13:31:21,9.16,9.16,9.24,9.15,9.2,28646815,263756913
"3005",2017-03-23 13:31:24,9.16,9.16,9.24,9.15,9.2,28647615,263764273
"3006",2017-03-23 13:31:27,9.16,9.16,9.24,9.15,9.2,28647715,263765193
"3007",2017-03-23 13:31:30,9.16,9.16,9.24,9.15,9.19,28647815,263766112
"3008",2017-03-23 13:31:33,9.16,9.16,9.24,9.15,9.2,28650115,263787272
"3009",2017-03-23 13:31:36,9.16,9.16,9.24,9.15,9.19,28665815,263931697
"3010",2017-03-23 13:31:39,9.16,9.16,9.24,9.15,9.19,28668515,263956515
"3011",2017-03-23 13:31:42,9.16,9.16,9.24,9.15,9.2,28668915,263960195
"3012",2017-03-23 13:31:45,9.16,9.16,9.24,9.15,9.2,28668915,263960195
"3013",2017-03-23 13:31:48,9.16,9.16,9.24,9.15,9.19,28669015,263961114
"3014",2017-03-23 13:31:51,9.16,9.16,9.24,9.15,9.19,28669215,263962952
"3015",2017-03-23 13:31:54,9.16,9.16,9.24,9.15,9.2,28671815,263986872
"3016",2017-03-23 13:31:57,9.16,9.16,9.24,9.15,9.19,28672115,263989629
"3017",2017-03-23 13:32:00,9.16,9.16,9.24,9.15,9.19,28674115,264008009
"3018",2017-03-23 13:32:03,9.16,9.16,9.24,9.15,9.2,28675315,264019047
"3019",2017-03-23 13:32:06,9.16,9.16,9.24,9.15,9.19,28686715,264123823
"3020",2017-03-23 13:32:09,9.16,9.16,9.24,9.15,9.19,28693115,264182639
"3021",2017-03-23 13:32:12,9.16,9.16,9.24,9.15,9.2,28704215,264284759
"3022",2017-03-23 13:32:15,9.16,9.16,9.24,9.15,9.2,28705015,264292119
"3023",2017-03-23 13:32:18,9.16,9.16,9.24,9.15,9.2,28705815,264299479
"3024",2017-03-23 13:32:21,9.16,9.16,9.24,9.15,9.19,28808015,265238697
"3025",2017-03-23 13:32:24,9.16,9.16,9.24,9.15,9.19,28808015,265238697
"3026",2017-03-23 13:32:27,9.16,9.16,9.24,9.15,9.19,28808015,265238697
"3027",2017-03-23 13:32:30,9.16,9.16,9.24,9.15,9.19,28810115,265258016
"3028",2017-03-23 13:32:33,9.16,9.16,9.24,9.15,9.19,28821415,265361975
"3029",2017-03-23 13:32:36,9.16,9.16,9.24,9.15,9.19,28833215,265470456
"3030",2017-03-23 13:32:39,9.16,9.16,9.24,9.15,9.19,28838615,265520116
"3031",2017-03-23 13:32:42,9.16,9.16,9.24,9.15,9.2,28842415,265555076
"3032",2017-03-23 13:32:45,9.16,9.16,9.24,9.15,9.2,28842715,265557836
"3033",2017-03-23 13:32:48,9.16,9.16,9.24,9.15,9.2,28842715,265557836
"3034",2017-03-23 13:32:51,9.16,9.16,9.24,9.15,9.19,28855415,265674579
"3035",2017-03-23 13:32:54,9.16,9.16,9.24,9.15,9.19,28855615,265676417
"3036",2017-03-23 13:32:57,9.16,9.16,9.24,9.15,9.19,28857415,265692959
"3037",2017-03-23 13:33:03,9.16,9.16,9.24,9.15,9.2,28861615,265731597
"3038",2017-03-23 13:33:06,9.16,9.16,9.24,9.15,9.19,28863615,265749977
"3039",2017-03-23 13:33:09,9.16,9.16,9.24,9.15,9.19,28878515,265886942
"3040",2017-03-23 13:33:12,9.16,9.16,9.24,9.15,9.19,28878515,265886942
"3041",2017-03-23 13:33:15,9.16,9.16,9.24,9.15,9.2,28879315,265894302
"3042",2017-03-23 13:33:18,9.16,9.16,9.24,9.15,9.2,28880315,265903501
"3043",2017-03-23 13:33:21,9.16,9.16,9.24,9.15,9.2,28885415,265950381
"3044",2017-03-23 13:33:24,9.16,9.16,9.24,9.15,9.19,28886415,265959571
"3045",2017-03-23 13:33:27,9.16,9.16,9.24,9.15,9.19,28886415,265959571
"3046",2017-03-23 13:33:30,9.16,9.16,9.24,9.15,9.19,28916815,266238951
"3047",2017-03-23 13:33:33,9.16,9.16,9.24,9.15,9.2,28928115,266342910
"3048",2017-03-23 13:33:36,9.16,9.16,9.24,9.15,9.2,28928115,266342910
"3049",2017-03-23 13:33:39,9.16,9.16,9.24,9.15,9.19,28928815,266349343
"3050",2017-03-23 13:33:42,9.16,9.16,9.24,9.15,9.19,28928815,266349343
"3051",2017-03-23 13:33:45,9.16,9.16,9.24,9.15,9.19,28944815,266496421
"3052",2017-03-23 13:33:48,9.16,9.16,9.24,9.15,9.19,28951115,266554318
"3053",2017-03-23 13:33:51,9.16,9.16,9.24,9.15,9.2,28968915,266717926
"3054",2017-03-23 13:33:54,9.16,9.16,9.24,9.15,9.19,28983415,266851181
"3055",2017-03-23 13:33:57,9.16,9.16,9.24,9.15,9.2,28984215,266858541
"3056",2017-03-23 13:34:00,9.16,9.16,9.24,9.15,9.19,28995015,266957793
"3057",2017-03-23 13:34:03,9.16,9.16,9.24,9.15,9.2,28997315,266978938
"3058",2017-03-23 13:34:06,9.16,9.16,9.24,9.15,9.2,28997315,266978938
"3059",2017-03-23 13:34:09,9.16,9.16,9.24,9.15,9.19,29003515,267035916
"3060",2017-03-23 13:34:12,9.16,9.16,9.24,9.15,9.19,29004815,267047871
"3061",2017-03-23 13:34:15,9.16,9.16,9.24,9.15,9.2,29007115,267069011
"3062",2017-03-23 13:34:18,9.16,9.16,9.24,9.15,9.19,29011115,267105801
"3063",2017-03-23 13:34:21,9.16,9.16,9.24,9.15,9.19,29011115,267105801
"3064",2017-03-23 13:34:24,9.16,9.16,9.24,9.15,9.19,29011115,267105801
"3065",2017-03-23 13:34:27,9.16,9.16,9.24,9.15,9.2,29012615,267119601
"3066",2017-03-23 13:34:30,9.16,9.16,9.24,9.15,9.19,29114215,268053305
"3067",2017-03-23 13:34:33,9.16,9.16,9.24,9.15,9.19,29226215,269082704
"3068",2017-03-23 13:34:36,9.16,9.16,9.24,9.15,9.19,29236215,269174604
"3069",2017-03-23 13:34:39,9.16,9.16,9.24,9.15,9.19,29248215,269284887
"3070",2017-03-23 13:34:42,9.16,9.16,9.24,9.15,9.19,29253815,269336351
"3071",2017-03-23 13:34:45,9.16,9.16,9.24,9.15,9.19,29253815,269336351
"3072",2017-03-23 13:34:48,9.16,9.16,9.24,9.15,9.19,29253815,269336351
"3073",2017-03-23 13:34:51,9.16,9.16,9.24,9.15,9.19,29255915,269355659
"3074",2017-03-23 13:34:54,9.16,9.16,9.24,9.15,9.19,29267415,269461347
"3075",2017-03-23 13:34:57,9.16,9.16,9.24,9.15,9.19,29342615,270152444
"3076",2017-03-23 13:35:00,9.16,9.16,9.24,9.15,9.19,29352815,270246182
"3077",2017-03-23 13:35:03,9.16,9.16,9.24,9.15,9.2,29353015,270248022
"3078",2017-03-23 13:35:06,9.16,9.16,9.24,9.15,9.2,29353815,270255382
"3079",2017-03-23 13:35:09,9.16,9.16,9.24,9.15,9.19,29360015,270312360
"3080",2017-03-23 13:35:12,9.16,9.16,9.24,9.15,9.19,29360515,270316955
"3081",2017-03-23 13:35:15,9.16,9.16,9.24,9.15,9.19,29364515,270353715
"3082",2017-03-23 13:35:18,9.16,9.16,9.24,9.15,9.19,29364515,270353715
"3083",2017-03-23 13:35:21,9.16,9.16,9.24,9.15,9.19,29365815,270365662
"3084",2017-03-23 13:35:24,9.16,9.16,9.24,9.15,9.19,29369015,270395070
"3085",2017-03-23 13:35:27,9.16,9.16,9.24,9.15,9.19,29369015,270395070
"3086",2017-03-23 13:35:30,9.16,9.16,9.24,9.15,9.19,29395215,270635959
"3087",2017-03-23 13:35:33,9.16,9.16,9.24,9.15,9.2,29396515,270647909
"3088",2017-03-23 13:35:36,9.16,9.16,9.24,9.15,9.19,29397515,270657099
"3089",2017-03-23 13:35:39,9.16,9.16,9.24,9.15,9.19,29398215,270663532
"3090",2017-03-23 13:35:42,9.16,9.16,9.24,9.15,9.19,29398215,270663532
"3091",2017-03-23 13:35:45,9.16,9.16,9.24,9.15,9.2,29410915,270780273
"3092",2017-03-23 13:35:48,9.16,9.16,9.24,9.15,9.19,29415156,270819248
"3093",2017-03-23 13:35:51,9.16,9.16,9.24,9.15,9.2,29415256,270820168
"3094",2017-03-23 13:35:54,9.16,9.16,9.24,9.15,9.2,29416056,270827528
"3095",2017-03-23 13:35:57,9.16,9.16,9.24,9.15,9.2,29416056,270827528
"3096",2017-03-23 13:36:00,9.16,9.16,9.24,9.15,9.19,29416956,270835807
"3097",2017-03-23 13:36:03,9.16,9.16,9.24,9.15,9.19,29416956,270835807
"3098",2017-03-23 13:36:06,9.16,9.16,9.24,9.15,9.19,29416956,270835807
"3099",2017-03-23 13:36:09,9.16,9.16,9.24,9.15,9.19,29430556,270960837
"3100",2017-03-23 13:36:12,9.16,9.16,9.24,9.15,9.19,29435356,271004949
"3101",2017-03-23 13:36:15,9.16,9.16,9.24,9.15,9.19,29436356,271014139
"3102",2017-03-23 13:36:18,9.16,9.16,9.24,9.15,9.19,29438356,271032519
"3103",2017-03-23 13:36:21,9.16,9.16,9.24,9.15,9.19,29438356,271032519
"3104",2017-03-23 13:36:24,9.16,9.16,9.24,9.15,9.19,29439056,271038957
"3105",2017-03-23 13:36:27,9.16,9.16,9.24,9.15,9.19,29444156,271085826
"3106",2017-03-23 13:36:30,9.16,9.16,9.24,9.15,9.19,29455756,271192541
"3107",2017-03-23 13:36:33,9.16,9.16,9.24,9.15,9.19,29455756,271192541
"3108",2017-03-23 13:36:36,9.16,9.16,9.24,9.15,9.19,29459756,271229301
"3109",2017-03-23 13:36:39,9.16,9.16,9.24,9.15,9.19,29461556,271245843
"3110",2017-03-23 13:36:42,9.16,9.16,9.24,9.15,9.19,29595956,272480987
"3111",2017-03-23 13:36:45,9.16,9.16,9.24,9.15,9.19,29595956,272480987
"3112",2017-03-23 13:36:48,9.16,9.16,9.24,9.15,9.19,29607909,272590896
"3113",2017-03-23 13:36:54,9.16,9.16,9.24,9.15,9.2,29608709,272598256
"3114",2017-03-23 13:36:57,9.16,9.16,9.24,9.15,9.19,29614109,272647882
"3115",2017-03-23 13:37:00,9.16,9.16,9.24,9.15,9.19,29616409,272669019
"3116",2017-03-23 13:37:03,9.16,9.16,9.24,9.15,9.2,29616909,272673619
"3117",2017-03-23 13:37:06,9.16,9.16,9.24,9.15,9.19,29645309,272934615
"3118",2017-03-23 13:37:09,9.16,9.16,9.24,9.15,9.19,29647109,272951157
"3119",2017-03-23 13:37:12,9.16,9.16,9.24,9.15,9.19,29649909,272976889
"3120",2017-03-23 13:37:15,9.16,9.16,9.24,9.15,9.19,29649909,272976889
"3121",2017-03-23 13:37:18,9.16,9.16,9.24,9.15,9.19,29649909,272976889
"3122",2017-03-23 13:37:21,9.16,9.16,9.24,9.15,9.19,29659209,273062356
"3123",2017-03-23 13:37:24,9.16,9.16,9.24,9.15,9.19,29663209,273099116
"3124",2017-03-23 13:37:27,9.16,9.16,9.24,9.15,9.19,29663209,273099116
"3125",2017-03-23 13:37:30,9.16,9.16,9.24,9.15,9.2,29681709,273269316
"3126",2017-03-23 13:37:33,9.16,9.16,9.24,9.15,9.19,29683309,273284020
"3127",2017-03-23 13:37:36,9.16,9.16,9.24,9.15,9.2,29684109,273291380
"3128",2017-03-23 13:37:39,9.16,9.16,9.24,9.15,9.2,29684109,273291380
"3129",2017-03-23 13:37:42,9.16,9.16,9.24,9.15,9.2,29705309,273486300
"3130",2017-03-23 13:37:45,9.16,9.16,9.24,9.15,9.19,29709809,273527663
"3131",2017-03-23 13:37:48,9.16,9.16,9.24,9.15,9.19,29709809,273527663
"3132",2017-03-23 13:37:51,9.16,9.16,9.24,9.15,9.19,29711609,273544213
"3133",2017-03-23 13:37:54,9.16,9.16,9.24,9.15,9.19,29711609,273544213
"3134",2017-03-23 13:37:57,9.16,9.16,9.24,9.15,9.19,29714609,273571783
"3135",2017-03-23 13:38:00,9.16,9.16,9.24,9.15,9.19,29714809,273573621
"3136",2017-03-23 13:38:03,9.16,9.16,9.24,9.15,9.19,29715409,273579136
"3137",2017-03-23 13:38:06,9.16,9.16,9.24,9.15,9.19,29737609,273783154
"3138",2017-03-23 13:38:09,9.16,9.16,9.24,9.15,9.19,29739209,273797858
"3139",2017-03-23 13:38:12,9.16,9.16,9.24,9.15,9.19,29740209,273807048
"3140",2017-03-23 13:38:15,9.16,9.16,9.24,9.15,9.19,29743209,273834618
"3141",2017-03-23 13:38:18,9.16,9.16,9.24,9.15,9.19,29744909,273850241
"3142",2017-03-23 13:38:21,9.16,9.16,9.24,9.15,9.19,29752409,273919166
"3143",2017-03-23 13:38:24,9.16,9.16,9.24,9.15,9.19,29752409,273919166
"3144",2017-03-23 13:38:27,9.16,9.16,9.24,9.15,9.2,29763509,274021286
"3145",2017-03-23 13:38:30,9.16,9.16,9.24,9.15,9.19,29770309,274083778
"3146",2017-03-23 13:38:33,9.16,9.16,9.24,9.15,9.19,29826609,274601183
"3147",2017-03-23 13:38:36,9.16,9.16,9.24,9.15,9.19,29849609,274812553
"3148",2017-03-23 13:38:39,9.16,9.16,9.24,9.15,9.19,29951709,275750860
"3149",2017-03-23 13:38:42,9.16,9.16,9.24,9.15,9.19,29951709,275750860
"3150",2017-03-23 13:38:45,9.16,9.16,9.24,9.15,9.2,29969409,275913531
"3151",2017-03-23 13:38:48,9.16,9.16,9.24,9.15,9.19,29981409,276023811
"3152",2017-03-23 13:38:51,9.16,9.16,9.24,9.15,9.19,30026509,276438280
"3153",2017-03-23 13:38:54,9.16,9.16,9.24,9.15,9.19,30031109,276480554
"3154",2017-03-23 13:38:57,9.16,9.16,9.24,9.15,9.19,30341409,279335211
"3155",2017-03-23 13:39:00,9.16,9.16,9.24,9.15,9.19,30341709,279337968
"3156",2017-03-23 13:39:03,9.16,9.16,9.24,9.15,9.19,30381009,279699135
"3157",2017-03-23 13:39:06,9.16,9.16,9.24,9.15,9.19,30384009,279726705
"3158",2017-03-23 13:39:09,9.16,9.16,9.24,9.15,9.19,30387609,279759789
"3159",2017-03-23 13:39:12,9.16,9.16,9.24,9.15,9.19,30393609,279814929
"3160",2017-03-23 13:39:15,9.16,9.16,9.24,9.15,9.19,30396409,279840661
"3161",2017-03-23 13:39:18,9.16,9.16,9.24,9.15,9.19,30430009,280149445
"3162",2017-03-23 13:39:21,9.16,9.16,9.24,9.15,9.19,30430009,280149445
"3163",2017-03-23 13:39:24,9.16,9.16,9.24,9.15,9.2,30440409,280245029
"3164",2017-03-23 13:39:27,9.16,9.16,9.24,9.15,9.2,30460309,280428077
"3165",2017-03-23 13:39:30,9.16,9.16,9.24,9.15,9.19,30473709,280551223
"3166",2017-03-23 13:39:33,9.16,9.16,9.24,9.15,9.19,30477909,280589829
"3167",2017-03-23 13:39:36,9.16,9.16,9.24,9.15,9.19,30480709,280615561
"3168",2017-03-23 13:39:39,9.16,9.16,9.24,9.15,9.2,30481309,280621081
"3169",2017-03-23 13:39:42,9.16,9.16,9.24,9.15,9.19,30524309,281016259
"3170",2017-03-23 13:39:45,9.16,9.16,9.24,9.15,9.19,30533009,281096212
"3171",2017-03-23 13:39:48,9.16,9.16,9.24,9.15,9.19,30629509,281983097
"3172",2017-03-23 13:39:51,9.16,9.16,9.24,9.15,9.19,30636155,282044174
"3173",2017-03-23 13:39:54,9.16,9.16,9.24,9.15,9.19,30636155,282044174
"3174",2017-03-23 13:39:57,9.16,9.16,9.24,9.15,9.19,30642155,282099314
"3175",2017-03-23 13:40:00,9.16,9.16,9.24,9.15,9.18,30642455,282102068
"3176",2017-03-23 13:40:03,9.16,9.16,9.24,9.15,9.19,30701567,282645304
"3177",2017-03-23 13:40:06,9.16,9.16,9.24,9.15,9.19,30714067,282760179
"3178",2017-03-23 13:40:09,9.16,9.16,9.24,9.15,9.19,30740267,283000957
"3179",2017-03-23 13:40:12,9.16,9.16,9.24,9.15,9.19,30741967,283016580
"3180",2017-03-23 13:40:15,9.16,9.16,9.24,9.15,9.19,30752755,283115722
"3181",2017-03-23 13:40:18,9.16,9.16,9.24,9.15,9.19,30752755,283115722
"3182",2017-03-23 13:40:21,9.16,9.16,9.24,9.15,9.19,30757355,283157996
"3183",2017-03-23 13:40:24,9.16,9.16,9.24,9.15,9.18,30766855,283245206
"3184",2017-03-23 13:40:27,9.16,9.16,9.24,9.15,9.18,30779455,283360985
"3185",2017-03-23 13:40:30,9.16,9.16,9.24,9.15,9.19,30780455,283370173
"3186",2017-03-23 13:40:33,9.16,9.16,9.24,9.15,9.18,30816455,283700653
"3187",2017-03-23 13:40:36,9.16,9.16,9.24,9.15,9.18,30819955,283732791
"3188",2017-03-23 13:40:39,9.16,9.16,9.24,9.15,9.19,30820055,283733710
"3189",2017-03-23 13:40:42,9.16,9.16,9.24,9.15,9.19,30820055,283733710
"3190",2017-03-23 13:40:45,9.16,9.16,9.24,9.15,9.19,30820555,283738305
"3191",2017-03-23 13:40:48,9.16,9.16,9.24,9.15,9.18,30821755,283749321
"3192",2017-03-23 13:40:51,9.16,9.16,9.24,9.15,9.18,30829055,283816335
"3193",2017-03-23 13:40:54,9.16,9.16,9.24,9.15,9.18,30838955,283907227
"3194",2017-03-23 13:40:57,9.16,9.16,9.24,9.15,9.18,30860955,284109187
"3195",2017-03-23 13:41:00,9.16,9.16,9.24,9.15,9.18,30878755,284272591
"3196",2017-03-23 13:41:03,9.16,9.16,9.24,9.15,9.18,30889755,284373571
"3197",2017-03-23 13:41:06,9.16,9.16,9.24,9.15,9.18,30891455,284389177
"3198",2017-03-23 13:41:09,9.16,9.16,9.24,9.15,9.18,30898555,284454355
"3199",2017-03-23 13:41:12,9.16,9.16,9.24,9.15,9.18,31324755,288370871
"3200",2017-03-23 13:41:15,9.16,9.16,9.24,9.15,9.18,31336655,288480121
"3201",2017-03-23 13:41:18,9.16,9.16,9.24,9.15,9.18,31347255,288577430
"3202",2017-03-23 13:41:21,9.16,9.16,9.24,9.15,9.18,31352055,288621494
"3203",2017-03-23 13:41:24,9.16,9.16,9.24,9.15,9.18,31370655,288792352
"3204",2017-03-23 13:41:27,9.16,9.16,9.24,9.15,9.18,31373555,288818983
"3205",2017-03-23 13:41:30,9.16,9.16,9.24,9.15,9.19,31374555,288828173
"3206",2017-03-23 13:41:33,9.16,9.16,9.24,9.15,9.19,31376655,288847459
"3207",2017-03-23 13:41:36,9.16,9.16,9.24,9.15,9.18,31389951,288969516
"3208",2017-03-23 13:41:39,9.16,9.16,9.24,9.15,9.18,31394251,289009020
"3209",2017-03-23 13:41:42,9.16,9.16,9.24,9.15,9.18,31394751,289013610
"3210",2017-03-23 13:41:45,9.16,9.16,9.24,9.15,9.18,31400451,289065937
"3211",2017-03-23 13:41:48,9.16,9.16,9.24,9.15,9.18,31400451,289065937
"3212",2017-03-23 13:41:51,9.16,9.16,9.24,9.15,9.18,31459451,289607557
"3213",2017-03-23 13:41:54,9.16,9.16,9.24,9.15,9.18,31459451,289607557
"3214",2017-03-23 13:41:57,9.16,9.16,9.24,9.15,9.18,31462451,289635107
"3215",2017-03-23 13:42:00,9.16,9.16,9.24,9.15,9.18,31518451,290149197
"3216",2017-03-23 13:42:03,9.16,9.16,9.24,9.15,9.18,31519451,290158377
"3217",2017-03-23 13:42:06,9.16,9.16,9.24,9.15,9.18,31531551,290269486
"3218",2017-03-23 13:42:09,9.16,9.16,9.24,9.15,9.18,31535751,290308042
"3219",2017-03-23 13:42:12,9.16,9.16,9.24,9.15,9.18,31540951,290355778
"3220",2017-03-23 13:42:15,9.16,9.16,9.24,9.15,9.18,31555911,290493120
"3221",2017-03-23 13:42:18,9.16,9.16,9.24,9.15,9.18,31576611,290683154
"3222",2017-03-23 13:42:21,9.16,9.16,9.24,9.15,9.18,31576611,290683154
"3223",2017-03-23 13:42:24,9.16,9.16,9.24,9.15,9.19,31592271,290827031
"3224",2017-03-23 13:42:27,9.16,9.16,9.24,9.15,9.18,31598271,290882111
"3225",2017-03-23 13:42:30,9.16,9.16,9.24,9.15,9.18,31602771,290923421
"3226",2017-03-23 13:42:33,9.16,9.16,9.24,9.15,9.18,31609671,290986763
"3227",2017-03-23 13:42:36,9.16,9.16,9.24,9.15,9.19,31611671,291005133
"3228",2017-03-23 13:42:39,9.16,9.16,9.24,9.15,9.19,31615971,291044645
"3229",2017-03-23 13:42:42,9.16,9.16,9.24,9.15,9.18,31625631,291133324
"3230",2017-03-23 13:42:45,9.16,9.16,9.24,9.15,9.18,31627731,291152602
"3231",2017-03-23 13:42:48,9.16,9.16,9.24,9.15,9.18,31633591,291206396
"3232",2017-03-23 13:42:51,9.16,9.16,9.24,9.15,9.18,31638691,291253214
"3233",2017-03-23 13:42:54,9.16,9.16,9.24,9.15,9.18,31647391,291333100
"3234",2017-03-23 13:42:57,9.16,9.16,9.24,9.15,9.18,31665291,291497441
"3235",2017-03-23 13:43:00,9.16,9.16,9.24,9.15,9.18,31688191,291707665
"3236",2017-03-23 13:43:03,9.16,9.16,9.24,9.15,9.19,31691091,291734296
"3237",2017-03-23 13:43:06,9.16,9.16,9.24,9.15,9.18,31693891,291760000
"3238",2017-03-23 13:43:09,9.16,9.16,9.24,9.15,9.18,31695991,291779278
"3239",2017-03-23 13:43:12,9.16,9.16,9.24,9.15,9.18,31705891,291870160
"3240",2017-03-23 13:43:15,9.16,9.16,9.24,9.15,9.19,31720791,292006953
"3241",2017-03-23 13:43:18,9.16,9.16,9.24,9.15,9.18,31729791,292089573
"3242",2017-03-23 13:43:21,9.16,9.16,9.24,9.15,9.19,31768991,292449572
"3243",2017-03-23 13:43:24,9.16,9.16,9.24,9.15,9.19,31773491,292490910
"3244",2017-03-23 13:43:27,9.16,9.16,9.24,9.15,9.18,31782791,292576320
"3245",2017-03-23 13:43:30,9.16,9.16,9.24,9.15,9.19,31836591,293070232
"3246",2017-03-23 13:43:33,9.16,9.16,9.24,9.15,9.19,31861191,293296261
"3247",2017-03-23 13:43:36,9.16,9.16,9.24,9.15,9.18,31868491,293363308
"3248",2017-03-23 13:43:39,9.16,9.16,9.24,9.15,9.19,31883191,293498347
"3249",2017-03-23 13:43:42,9.16,9.16,9.24,9.15,9.18,31898291,293636993
"3250",2017-03-23 13:43:45,9.16,9.16,9.24,9.15,9.18,31921391,293849107
"3251",2017-03-23 13:43:48,9.16,9.16,9.24,9.15,9.19,31925291,293884948
"3252",2017-03-23 13:43:51,9.16,9.16,9.24,9.15,9.19,31927791,293907923
"3253",2017-03-23 13:43:54,9.16,9.16,9.24,9.15,9.18,31930991,293937299
"3254",2017-03-23 13:43:57,9.16,9.16,9.24,9.15,9.18,31930991,293937299
"3255",2017-03-23 13:44:00,9.16,9.16,9.24,9.15,9.18,31934391,293968536
"3256",2017-03-23 13:44:03,9.16,9.16,9.24,9.15,9.18,31935491,293978642
"3257",2017-03-23 13:44:06,9.16,9.16,9.24,9.15,9.18,31956291,294169586
"3258",2017-03-23 13:44:09,9.16,9.16,9.24,9.15,9.18,31967091,294268806
"3259",2017-03-23 13:44:12,9.16,9.16,9.24,9.15,9.19,31967891,294276158
"3260",2017-03-23 13:44:15,9.16,9.16,9.24,9.15,9.18,31970991,294304616
"3261",2017-03-23 13:44:18,9.16,9.16,9.24,9.15,9.19,31982891,294413977
"3262",2017-03-23 13:44:21,9.16,9.16,9.24,9.15,9.19,31987191,294453494
"3263",2017-03-23 13:44:24,9.16,9.16,9.24,9.15,9.19,31995491,294529708
"3264",2017-03-23 13:44:27,9.16,9.16,9.24,9.15,9.19,32001891,294588485
"3265",2017-03-23 13:44:30,9.16,9.16,9.24,9.15,9.18,32005491,294621566
"3266",2017-03-23 13:44:33,9.16,9.16,9.24,9.15,9.18,32005611,294622668
"3267",2017-03-23 13:44:36,9.16,9.16,9.24,9.15,9.18,32016311,294720894
"3268",2017-03-23 13:44:39,9.16,9.16,9.24,9.15,9.19,32021711,294770498
"3269",2017-03-23 13:44:42,9.16,9.16,9.24,9.15,9.19,32025311,294803582
"3270",2017-03-23 13:44:45,9.16,9.16,9.24,9.15,9.18,32032711,294871514
"3271",2017-03-23 13:44:48,9.16,9.16,9.24,9.15,9.18,32037811,294918332
"3272",2017-03-23 13:44:51,9.16,9.16,9.24,9.15,9.18,32044711,294981713
"3273",2017-03-23 13:44:54,9.16,9.16,9.24,9.15,9.18,32046711,295000073
"3274",2017-03-23 13:44:57,9.16,9.16,9.24,9.15,9.19,32052011,295048735
"3275",2017-03-23 13:45:00,9.16,9.16,9.24,9.15,9.19,32054611,295072629
"3276",2017-03-23 13:45:03,9.16,9.16,9.24,9.15,9.19,32055111,295077221
"3277",2017-03-23 13:45:06,9.16,9.16,9.24,9.15,9.18,32059311,295115785
"3278",2017-03-23 13:45:09,9.16,9.16,9.24,9.15,9.18,32086511,295365481
"3279",2017-03-23 13:45:12,9.16,9.16,9.24,9.15,9.18,32099611,295485817
"3280",2017-03-23 13:45:15,9.16,9.16,9.24,9.15,9.18,32099611,295485817
"3281",2017-03-23 13:45:18,9.16,9.16,9.24,9.15,9.18,32127211,295739295
"3282",2017-03-23 13:45:21,9.16,9.16,9.24,9.15,9.18,32135111,295811891
"3283",2017-03-23 13:45:24,9.16,9.16,9.24,9.15,9.18,32135111,295811891
"3284",2017-03-23 13:45:27,9.16,9.16,9.24,9.15,9.18,32135911,295819235
"3285",2017-03-23 13:45:30,9.16,9.16,9.24,9.15,9.19,32147911,295929515
"3286",2017-03-23 13:45:33,9.16,9.16,9.24,9.15,9.18,32157411,296016754
"3287",2017-03-23 13:45:36,9.16,9.16,9.24,9.15,9.18,32183011,296251762
"3288",2017-03-23 13:45:39,9.16,9.16,9.24,9.15,9.19,32193711,296350058
"3289",2017-03-23 13:45:42,9.16,9.16,9.24,9.15,9.19,32194211,296354653
"3290",2017-03-23 13:45:45,9.16,9.16,9.24,9.15,9.19,32194211,296354653
"3291",2017-03-23 13:45:48,9.16,9.16,9.24,9.15,9.19,32194211,296354653
"3292",2017-03-23 13:45:51,9.16,9.16,9.24,9.15,9.19,32194211,296354653
"3293",2017-03-23 13:45:54,9.16,9.16,9.24,9.15,9.19,32195011,296362005
"3294",2017-03-23 13:45:57,9.16,9.16,9.24,9.15,9.19,32195411,296365681
"3295",2017-03-23 13:46:00,9.16,9.16,9.24,9.15,9.19,32196211,296373033
"3296",2017-03-23 13:46:03,9.16,9.16,9.24,9.15,9.19,32197651,296386260
"3297",2017-03-23 13:46:06,9.16,9.16,9.24,9.15,9.19,32197651,296386260
"3298",2017-03-23 13:46:09,9.16,9.16,9.24,9.15,9.18,32199251,296400948
"3299",2017-03-23 13:46:12,9.16,9.16,9.24,9.15,9.19,32200251,296410138
"3300",2017-03-23 13:46:15,9.16,9.16,9.24,9.15,9.18,32216851,296562656
"3301",2017-03-23 13:46:18,9.16,9.16,9.24,9.15,9.19,32222751,296616877
"3302",2017-03-23 13:46:24,9.16,9.16,9.24,9.15,9.19,32228751,296671963
"3303",2017-03-23 13:46:27,9.16,9.16,9.24,9.15,9.18,32231551,296697688
"3304",2017-03-23 13:46:30,9.16,9.16,9.24,9.15,9.19,32231651,296698607
"3305",2017-03-23 13:46:33,9.16,9.16,9.24,9.15,9.18,32236451,296742702
"3306",2017-03-23 13:46:36,9.16,9.16,9.24,9.15,9.19,32242451,296797840
"3307",2017-03-23 13:46:39,9.16,9.16,9.24,9.15,9.19,32246851,296838276
"3308",2017-03-23 13:46:42,9.16,9.16,9.24,9.15,9.18,32253151,296896110
"3309",2017-03-23 13:46:45,9.16,9.16,9.24,9.15,9.18,32254151,296905290
"3310",2017-03-23 13:46:48,9.16,9.16,9.24,9.15,9.19,32254951,296912642
"3311",2017-03-23 13:46:51,9.16,9.16,9.24,9.15,9.19,32254951,296912642
"3312",2017-03-23 13:46:54,9.16,9.16,9.24,9.15,9.19,32255751,296919994
"3313",2017-03-23 13:46:57,9.16,9.16,9.24,9.15,9.18,32257051,296931928
"3314",2017-03-23 13:47:00,9.16,9.16,9.24,9.15,9.18,32263451,296990741
"3315",2017-03-23 13:47:03,9.16,9.16,9.24,9.15,9.19,32269351,297044962
"3316",2017-03-23 13:47:06,9.16,9.16,9.24,9.15,9.19,32277351,297118482
"3317",2017-03-23 13:47:09,9.16,9.16,9.24,9.15,9.18,32285951,297197450
"3318",2017-03-23 13:47:12,9.16,9.16,9.24,9.15,9.19,32291551,297248914
"3319",2017-03-23 13:47:15,9.16,9.16,9.24,9.15,9.19,32302551,297350004
"3320",2017-03-23 13:47:18,9.16,9.16,9.24,9.15,9.19,32305551,297377574
"3321",2017-03-23 13:47:21,9.16,9.16,9.24,9.15,9.19,32306451,297385845
"3322",2017-03-23 13:47:24,9.16,9.16,9.24,9.15,9.19,32306451,297385845
"3323",2017-03-23 13:47:27,9.16,9.16,9.24,9.15,9.19,32306451,297385845
"3324",2017-03-23 13:47:30,9.16,9.16,9.24,9.15,9.19,32306651,297387683
"3325",2017-03-23 13:47:33,9.16,9.16,9.24,9.15,9.19,32307251,297393193
"3326",2017-03-23 13:47:36,9.16,9.16,9.24,9.15,9.19,32307251,297393193
"3327",2017-03-23 13:47:39,9.16,9.16,9.24,9.15,9.19,32309051,297409735
"3328",2017-03-23 13:47:42,9.16,9.16,9.24,9.15,9.18,32309551,297414325
"3329",2017-03-23 13:47:45,9.16,9.16,9.24,9.15,9.18,32309551,297414325
"3330",2017-03-23 13:47:48,9.16,9.16,9.24,9.15,9.19,32311851,297435453
"3331",2017-03-23 13:47:51,9.16,9.16,9.24,9.15,9.18,32313951,297454731
"3332",2017-03-23 13:47:54,9.16,9.16,9.24,9.15,9.18,32320251,297512565
"3333",2017-03-23 13:47:57,9.16,9.16,9.24,9.15,9.19,32325551,297561271
"3334",2017-03-23 13:48:00,9.16,9.16,9.24,9.15,9.19,32325551,297561271
"3335",2017-03-23 13:48:03,9.16,9.16,9.24,9.15,9.18,32325851,297564025
"3336",2017-03-23 13:48:06,9.16,9.16,9.24,9.15,9.19,32326251,297567701
"3337",2017-03-23 13:48:09,9.16,9.16,9.24,9.15,9.18,32327851,297582389
"3338",2017-03-23 13:48:12,9.16,9.16,9.24,9.15,9.19,32338851,297683479
"3339",2017-03-23 13:48:15,9.16,9.16,9.24,9.15,9.19,32344151,297732166
"3340",2017-03-23 13:48:18,9.16,9.16,9.24,9.15,9.18,32344851,297738592
"3341",2017-03-23 13:48:21,9.16,9.16,9.24,9.15,9.18,32363151,297906586
"3342",2017-03-23 13:48:24,9.16,9.16,9.24,9.15,9.19,32367751,297948860
"3343",2017-03-23 13:48:27,9.16,9.16,9.24,9.15,9.19,32367751,297948860
"3344",2017-03-23 13:48:30,9.16,9.16,9.24,9.15,9.19,32367851,297949779
"3345",2017-03-23 13:48:33,9.16,9.16,9.24,9.15,9.18,32368051,297951615
"3346",2017-03-23 13:48:36,9.16,9.16,9.24,9.15,9.19,32368851,297958967
"3347",2017-03-23 13:48:39,9.16,9.16,9.24,9.15,9.18,32378851,298050767
"3348",2017-03-23 13:48:42,9.16,9.16,9.24,9.15,9.19,32384151,298099474
"3349",2017-03-23 13:48:45,9.16,9.16,9.24,9.15,9.19,32384151,298099474
"3350",2017-03-23 13:48:48,9.16,9.16,9.24,9.15,9.19,32385451,298111421
"3351",2017-03-23 13:48:51,9.16,9.16,9.24,9.15,9.18,32388751,298141735
"3352",2017-03-23 13:48:54,9.16,9.16,9.24,9.15,9.18,32388751,298141735
"3353",2017-03-23 13:48:57,9.16,9.16,9.24,9.15,9.19,32389051,298144490
"3354",2017-03-23 13:49:00,9.16,9.16,9.24,9.15,9.18,32389251,298146326
"3355",2017-03-23 13:49:03,9.16,9.16,9.24,9.15,9.18,32395851,298206914
"3356",2017-03-23 13:49:06,9.16,9.16,9.24,9.15,9.18,32395851,298206914
"3357",2017-03-23 13:49:09,9.16,9.16,9.24,9.15,9.19,32400651,298251010
"3358",2017-03-23 13:49:12,9.16,9.16,9.24,9.15,9.18,32423751,298463178
"3359",2017-03-23 13:49:15,9.16,9.16,9.24,9.15,9.19,32441251,298623942
"3360",2017-03-23 13:49:18,9.16,9.16,9.24,9.15,9.19,32453851,298739736
"3361",2017-03-23 13:49:21,9.16,9.16,9.24,9.15,9.19,32453851,298739736
"3362",2017-03-23 13:49:24,9.16,9.16,9.24,9.15,9.19,32457051,298769144
"3363",2017-03-23 13:49:27,9.16,9.16,9.24,9.15,9.19,32467651,298866553
"3364",2017-03-23 13:49:30,9.16,9.16,9.24,9.15,9.18,32469651,298884913
"3365",2017-03-23 13:49:33,9.16,9.16,9.24,9.15,9.19,32574451,299848001
"3366",2017-03-23 13:49:36,9.16,9.16,9.24,9.15,9.18,32605051,300129161
"3367",2017-03-23 13:49:39,9.16,9.16,9.24,9.15,9.19,32605951,300137432
"3368",2017-03-23 13:49:42,9.16,9.16,9.24,9.15,9.19,32606251,300140189
"3369",2017-03-23 13:49:45,9.16,9.16,9.24,9.15,9.18,32610609,300180208
"3370",2017-03-23 13:49:48,9.16,9.16,9.24,9.15,9.19,32614209,300213292
"3371",2017-03-23 13:49:51,9.16,9.16,9.24,9.15,9.19,32618409,300251890
"3372",2017-03-23 13:49:54,9.16,9.16,9.24,9.15,9.18,32619209,300259234
"3373",2017-03-23 13:49:57,9.16,9.16,9.24,9.15,9.18,32620509,300271168
"3374",2017-03-23 13:50:00,9.16,9.16,9.24,9.15,9.18,32640809,300457522
"3375",2017-03-23 13:50:03,9.16,9.16,9.24,9.15,9.19,32647909,300522771
"3376",2017-03-23 13:50:06,9.16,9.16,9.24,9.15,9.19,32647909,300522771
"3377",2017-03-23 13:50:09,9.16,9.16,9.24,9.15,9.19,32660509,300638549
"3378",2017-03-23 13:50:12,9.16,9.16,9.24,9.15,9.18,32664009,300670711
"3379",2017-03-23 13:50:15,9.16,9.16,9.24,9.15,9.18,32664009,300670711
"3380",2017-03-23 13:50:18,9.16,9.16,9.24,9.15,9.18,32673309,300756085
"3381",2017-03-23 13:50:21,9.16,9.16,9.24,9.15,9.18,32673309,300756085
"3382",2017-03-23 13:50:24,9.16,9.16,9.24,9.15,9.19,32674109,300763437
"3383",2017-03-23 13:50:27,9.16,9.16,9.24,9.15,9.18,32674309,300765273
"3384",2017-03-23 13:50:30,9.16,9.16,9.24,9.15,9.19,32675709,300778139
"3385",2017-03-23 13:50:33,9.16,9.16,9.24,9.15,9.19,32678809,300806628
"3386",2017-03-23 13:50:36,9.16,9.16,9.24,9.15,9.19,32681609,300832360
"3387",2017-03-23 13:50:39,9.16,9.16,9.24,9.15,9.18,32682509,300840622
"3388",2017-03-23 13:50:42,9.16,9.16,9.24,9.15,9.19,32738909,301358938
"3389",2017-03-23 13:50:45,9.16,9.16,9.24,9.15,9.19,32753809,301495869
"3390",2017-03-23 13:50:48,9.16,9.16,9.24,9.15,9.18,32757109,301526178
"3391",2017-03-23 13:50:51,9.16,9.16,9.24,9.15,9.19,32760609,301558343
"3392",2017-03-23 13:50:54,9.16,9.16,9.24,9.15,9.19,32760609,301558343
"3393",2017-03-23 13:50:57,9.16,9.16,9.24,9.15,9.18,32761389,301565505
"3394",2017-03-23 13:51:00,9.16,9.16,9.24,9.15,9.19,32761989,301571019
"3395",2017-03-23 13:51:03,9.16,9.16,9.24,9.15,9.19,32762389,301574695
"3396",2017-03-23 13:51:06,9.16,9.16,9.24,9.15,9.19,32773389,301675785
"3397",2017-03-23 13:51:09,9.16,9.16,9.24,9.15,9.19,32779689,301733666
"3398",2017-03-23 13:51:12,9.16,9.16,9.24,9.15,9.19,32779689,301733666
"3399",2017-03-23 13:51:15,9.16,9.16,9.24,9.15,9.19,32781789,301752965
"3400",2017-03-23 13:51:18,9.16,9.16,9.24,9.15,9.18,32798689,301908256
"3401",2017-03-23 13:51:21,9.16,9.16,9.24,9.15,9.19,32799489,301915608
"3402",2017-03-23 13:51:24,9.16,9.16,9.24,9.15,9.18,32804489,301961555
"3403",2017-03-23 13:51:27,9.16,9.16,9.24,9.15,9.18,32819789,302102049
"3404",2017-03-23 13:51:30,9.16,9.16,9.24,9.15,9.19,32828189,302179245
"3405",2017-03-23 13:51:33,9.16,9.16,9.24,9.15,9.19,32828189,302179245
"3406",2017-03-23 13:51:36,9.16,9.16,9.24,9.15,9.18,32829989,302195777
"3407",2017-03-23 13:51:39,9.16,9.16,9.24,9.15,9.18,32837789,302267381
"3408",2017-03-23 13:51:42,9.16,9.16,9.24,9.15,9.19,32845789,302340901
"3409",2017-03-23 13:51:45,9.16,9.16,9.24,9.15,9.19,32849189,302372147
"3410",2017-03-23 13:51:48,9.16,9.16,9.24,9.15,9.19,32860589,302476903
"3411",2017-03-23 13:51:51,9.16,9.16,9.24,9.15,9.18,32869289,302556852
"3412",2017-03-23 13:51:54,9.16,9.16,9.24,9.15,9.18,32871789,302579802
"3413",2017-03-23 13:51:57,9.16,9.16,9.24,9.15,9.18,32871989,302581638
"3414",2017-03-23 13:52:00,9.16,9.16,9.24,9.15,9.18,32872089,302582556
"3415",2017-03-23 13:52:03,9.16,9.16,9.24,9.15,9.18,32975489,303531778
"3416",2017-03-23 13:52:06,9.16,9.16,9.24,9.15,9.19,33012989,303876364
"3417",2017-03-23 13:52:09,9.16,9.16,9.24,9.15,9.18,33018589,303927811
"3418",2017-03-23 13:52:12,9.16,9.16,9.24,9.15,9.18,33018589,303927811
"3419",2017-03-23 13:52:15,9.16,9.16,9.24,9.15,9.19,33020989,303949867
"3420",2017-03-23 13:52:18,9.16,9.16,9.24,9.15,9.18,33022289,303961801
"3421",2017-03-23 13:52:21,9.16,9.16,9.24,9.15,9.18,33022289,303961801
"3422",2017-03-23 13:52:24,9.16,9.16,9.24,9.15,9.19,33024989,303986614
"3423",2017-03-23 13:52:27,9.16,9.16,9.24,9.15,9.18,33025989,303995802
"3424",2017-03-23 13:52:30,9.16,9.16,9.24,9.15,9.18,33027489,304009572
"3425",2017-03-23 13:52:33,9.16,9.16,9.24,9.15,9.19,33028289,304016924
"3426",2017-03-23 13:52:36,9.16,9.16,9.24,9.15,9.19,33028289,304016924
"3427",2017-03-23 13:52:39,9.16,9.16,9.24,9.15,9.19,33028289,304016924
"3428",2017-03-23 13:52:42,9.16,9.16,9.24,9.15,9.19,33030989,304041723
"3429",2017-03-23 13:52:45,9.16,9.16,9.24,9.15,9.18,33031489,304046313
"3430",2017-03-23 13:52:48,9.16,9.16,9.24,9.15,9.18,33035989,304087653
"3431",2017-03-23 13:52:51,9.16,9.16,9.24,9.15,9.19,33037989,304106033
"3432",2017-03-23 13:52:54,9.16,9.16,9.24,9.15,9.18,33039289,304117967
"3433",2017-03-23 13:52:57,9.16,9.16,9.24,9.15,9.18,33113929,304803162
"3434",2017-03-23 13:53:00,9.16,9.16,9.24,9.15,9.19,33123529,304891385
"3435",2017-03-23 13:53:03,9.16,9.16,9.24,9.15,9.18,33146629,305103650
"3436",2017-03-23 13:53:06,9.16,9.16,9.24,9.15,9.18,33148129,305117432
"3437",2017-03-23 13:53:09,9.16,9.16,9.24,9.15,9.18,33156329,305192772
"3438",2017-03-23 13:53:12,9.16,9.16,9.24,9.15,9.18,33156329,305192772
"3439",2017-03-23 13:53:15,9.16,9.16,9.24,9.15,9.18,33156329,305192772
"3440",2017-03-23 13:53:18,9.16,9.16,9.24,9.15,9.19,33161329,305238722
"3441",2017-03-23 13:53:21,9.16,9.16,9.24,9.15,9.19,33162129,305246074
"3442",2017-03-23 13:53:24,9.16,9.16,9.24,9.15,9.18,33163829,305261688
"3443",2017-03-23 13:53:27,9.16,9.16,9.24,9.15,9.18,33164029,305263524
"3444",2017-03-23 13:53:30,9.16,9.16,9.24,9.15,9.18,33164529,305268114
"3445",2017-03-23 13:53:33,9.16,9.16,9.24,9.15,9.18,33166529,305286474
"3446",2017-03-23 13:53:36,9.16,9.16,9.24,9.15,9.18,33167529,305295654
"3447",2017-03-23 13:53:39,9.16,9.16,9.24,9.15,9.18,33167529,305295654
"3448",2017-03-23 13:53:42,9.16,9.16,9.24,9.15,9.19,33169529,305314034
"3449",2017-03-23 13:53:45,9.16,9.16,9.24,9.15,9.19,33169529,305314034
"3450",2017-03-23 13:53:48,9.16,9.16,9.24,9.15,9.19,33170329,305321386
"3451",2017-03-23 13:53:51,9.16,9.16,9.24,9.15,9.19,33170329,305321386
"3452",2017-03-23 13:53:54,9.16,9.16,9.24,9.15,9.19,33173829,305353551
"3453",2017-03-23 13:53:57,9.16,9.16,9.24,9.15,9.19,33173829,305353551
"3454",2017-03-23 13:54:00,9.16,9.16,9.24,9.15,9.19,33173829,305353551
"3455",2017-03-23 13:54:03,9.16,9.16,9.24,9.15,9.18,33185129,305457395
"3456",2017-03-23 13:54:06,9.16,9.16,9.24,9.15,9.18,33185329,305459231
"3457",2017-03-23 13:54:09,9.16,9.16,9.24,9.15,9.18,33189129,305494123
"3458",2017-03-23 13:54:12,9.16,9.16,9.24,9.15,9.18,33196529,305562055
"3459",2017-03-23 13:54:15,9.16,9.16,9.24,9.15,9.19,33197329,305569407
"3460",2017-03-23 13:54:18,9.16,9.16,9.24,9.15,9.19,33198329,305578597
"3461",2017-03-23 13:54:21,9.16,9.16,9.24,9.15,9.19,33199129,305585949
"3462",2017-03-23 13:54:24,9.16,9.16,9.24,9.15,9.19,33199229,305586868
"3463",2017-03-23 13:54:27,9.16,9.16,9.24,9.15,9.19,33199729,305591463
"3464",2017-03-23 13:54:30,9.16,9.16,9.24,9.15,9.19,33208829,305675007
"3465",2017-03-23 13:54:33,9.16,9.16,9.24,9.15,9.18,33217829,305757627
"3466",2017-03-23 13:54:36,9.16,9.16,9.24,9.15,9.19,33217929,305758546
"3467",2017-03-23 13:54:39,9.16,9.16,9.24,9.15,9.18,33218229,305761300
"3468",2017-03-23 13:54:42,9.16,9.16,9.24,9.15,9.19,33220229,305779680
"3469",2017-03-23 13:54:45,9.16,9.16,9.24,9.15,9.18,33220729,305784270
"3470",2017-03-23 13:54:48,9.16,9.16,9.24,9.15,9.18,33220729,305784270
"3471",2017-03-23 13:54:51,9.16,9.16,9.24,9.15,9.18,33220729,305784270
"3472",2017-03-23 13:54:54,9.16,9.16,9.24,9.15,9.19,33220829,305785189
"3473",2017-03-23 13:54:57,9.16,9.16,9.24,9.15,9.19,33220829,305785189
"3474",2017-03-23 13:55:00,9.16,9.16,9.24,9.15,9.18,33237229,305935852
"3475",2017-03-23 13:55:03,9.16,9.16,9.24,9.15,9.18,33239629,305957906
"3476",2017-03-23 13:55:06,9.16,9.16,9.24,9.15,9.18,33240029,305961578
"3477",2017-03-23 13:55:09,9.16,9.16,9.24,9.15,9.18,33241629,305976266
"3478",2017-03-23 13:55:12,9.16,9.16,9.24,9.15,9.19,33243529,305993726
"3479",2017-03-23 13:55:15,9.16,9.16,9.24,9.15,9.19,33245029,306007511
"3480",2017-03-23 13:55:18,9.16,9.16,9.24,9.15,9.19,33245829,306014863
"3481",2017-03-23 13:55:21,9.16,9.16,9.24,9.15,9.19,33247329,306028648
"3482",2017-03-23 13:55:24,9.16,9.16,9.24,9.15,9.19,33247429,306029567
"3483",2017-03-23 13:55:27,9.16,9.16,9.24,9.15,9.19,33247429,306029567
"3484",2017-03-23 13:55:30,9.16,9.16,9.24,9.15,9.19,33247429,306029567
"3485",2017-03-23 13:55:33,9.16,9.16,9.24,9.15,9.18,33250429,306057112
"3486",2017-03-23 13:55:36,9.16,9.16,9.24,9.15,9.19,33251229,306064462
"3487",2017-03-23 13:55:39,9.16,9.16,9.24,9.15,9.19,33251629,306068138
"3488",2017-03-23 13:55:42,9.16,9.16,9.24,9.15,9.19,33251929,306070895
"3489",2017-03-23 13:55:45,9.16,9.16,9.24,9.15,9.19,33252129,306072733
"3490",2017-03-23 13:55:51,9.16,9.16,9.24,9.15,9.18,33252429,306075487
"3491",2017-03-23 13:55:54,9.16,9.16,9.24,9.15,9.19,33255429,306103032
"3492",2017-03-23 13:55:57,9.16,9.16,9.24,9.15,9.18,33269229,306229834
"3493",2017-03-23 13:56:00,9.16,9.16,9.24,9.15,9.18,33269529,306232588
"3494",2017-03-23 13:56:03,9.16,9.16,9.24,9.15,9.19,33270029,306237183
"3495",2017-03-23 13:56:06,9.16,9.16,9.24,9.15,9.18,33271229,306248207
"3496",2017-03-23 13:56:09,9.16,9.16,9.24,9.15,9.19,33275629,306288627
"3497",2017-03-23 13:56:12,9.16,9.16,9.24,9.15,9.18,33280829,306336413
"3498",2017-03-23 13:56:15,9.16,9.16,9.24,9.15,9.19,33281129,306339170
"3499",2017-03-23 13:56:18,9.16,9.16,9.24,9.15,9.19,33281129,306339170
"3500",2017-03-23 13:56:21,9.16,9.16,9.24,9.15,9.19,33281129,306339170
"3501",2017-03-23 13:56:27,9.16,9.16,9.24,9.15,9.19,33292429,306443017
"3502",2017-03-23 13:56:30,9.16,9.16,9.24,9.15,9.18,33293729,306454951
"3503",2017-03-23 13:56:33,9.16,9.16,9.24,9.15,9.19,33301729,306528471
"3504",2017-03-23 13:56:36,9.16,9.16,9.24,9.15,9.19,33303629,306545932
"3505",2017-03-23 13:56:39,9.16,9.16,9.24,9.15,9.18,33303829,306547768
"3506",2017-03-23 13:56:42,9.16,9.16,9.24,9.15,9.19,33304829,306556958
"3507",2017-03-23 13:56:45,9.16,9.16,9.24,9.15,9.18,33307329,306579908
"3508",2017-03-23 13:56:48,9.16,9.16,9.24,9.15,9.19,33310329,306607468
"3509",2017-03-23 13:56:51,9.16,9.16,9.24,9.15,9.19,33310929,306612982
"3510",2017-03-23 13:56:54,9.16,9.16,9.24,9.15,9.19,33311729,306620334
"3511",2017-03-23 13:56:57,9.16,9.16,9.24,9.15,9.19,33322729,306721424
"3512",2017-03-23 13:57:00,9.16,9.16,9.24,9.15,9.18,33323929,306732449
"3513",2017-03-23 13:57:03,9.16,9.16,9.24,9.15,9.18,33323929,306732449
"3514",2017-03-23 13:57:06,9.16,9.16,9.24,9.15,9.19,33325029,306742555
"3515",2017-03-23 13:57:09,9.16,9.16,9.24,9.15,9.19,33329629,306784813
"3516",2017-03-23 13:57:12,9.16,9.16,9.24,9.15,9.18,33329929,306787567
"3517",2017-03-23 13:57:15,9.16,9.16,9.24,9.15,9.18,33329929,306787567
"3518",2017-03-23 13:57:18,9.16,9.16,9.24,9.15,9.18,33329929,306787567
"3519",2017-03-23 13:57:21,9.16,9.16,9.24,9.15,9.18,33329929,306787567
"3520",2017-03-23 13:57:24,9.16,9.16,9.24,9.15,9.18,33335929,306842647
"3521",2017-03-23 13:57:27,9.16,9.16,9.24,9.15,9.18,33340029,306880285
"3522",2017-03-23 13:57:30,9.16,9.16,9.24,9.15,9.19,33341029,306889475
"3523",2017-03-23 13:57:33,9.16,9.16,9.24,9.15,9.18,33343029,306907835
"3524",2017-03-23 13:57:36,9.16,9.16,9.24,9.15,9.18,33343229,306909672
"3525",2017-03-23 13:57:39,9.16,9.16,9.24,9.15,9.19,33349129,306963836
"3526",2017-03-23 13:57:42,9.16,9.16,9.24,9.15,9.19,33349129,306963836
"3527",2017-03-23 13:57:45,9.16,9.16,9.24,9.15,9.19,33349929,306971188
"3528",2017-03-23 13:57:48,9.16,9.16,9.24,9.15,9.18,33352729,306996892
"3529",2017-03-23 13:57:51,9.16,9.16,9.24,9.15,9.18,33374929,307200688
"3530",2017-03-23 13:57:54,9.16,9.16,9.24,9.15,9.19,33386729,307309130
"3531",2017-03-23 13:57:57,9.16,9.16,9.24,9.15,9.19,33386729,307309130
"3532",2017-03-23 13:58:00,9.16,9.16,9.24,9.15,9.18,33389729,307336679
"3533",2017-03-23 13:58:03,9.16,9.16,9.24,9.15,9.18,33390029,307339433
"3534",2017-03-23 13:58:06,9.16,9.16,9.24,9.15,9.18,33390329,307342187
"3535",2017-03-23 13:58:09,9.16,9.16,9.24,9.15,9.19,33392029,307357794
"3536",2017-03-23 13:58:12,9.16,9.16,9.24,9.15,9.19,33392029,307357794
"3537",2017-03-23 13:58:15,9.16,9.16,9.24,9.15,9.19,33397029,307403744
"3538",2017-03-23 13:58:18,9.16,9.16,9.24,9.15,9.19,33397029,307403744
"3539",2017-03-23 13:58:21,9.16,9.16,9.24,9.15,9.18,33407609,307500874
"3540",2017-03-23 13:58:24,9.16,9.16,9.24,9.15,9.19,33415209,307570652
"3541",2017-03-23 13:58:27,9.16,9.16,9.24,9.15,9.18,33421309,307626661
"3542",2017-03-23 13:58:30,9.16,9.16,9.24,9.15,9.18,33425309,307663381
"3543",2017-03-23 13:58:33,9.16,9.16,9.24,9.15,9.19,33425409,307664300
"3544",2017-03-23 13:58:36,9.16,9.16,9.24,9.15,9.19,33546109,308772333
"3545",2017-03-23 13:58:39,9.16,9.16,9.24,9.15,9.19,33551909,308825585
"3546",2017-03-23 13:58:42,9.16,9.16,9.24,9.15,9.19,33552609,308832018
"3547",2017-03-23 13:58:45,9.16,9.16,9.24,9.15,9.19,33552709,308832937
"3548",2017-03-23 13:58:48,9.16,9.16,9.24,9.15,9.19,33553509,308840289
"3549",2017-03-23 13:58:51,9.16,9.16,9.24,9.15,9.19,33564509,308941379
"3550",2017-03-23 13:58:54,9.16,9.16,9.24,9.15,9.19,33566509,308959757
"3551",2017-03-23 13:58:57,9.16,9.16,9.24,9.15,9.19,33566509,308959757
"3552",2017-03-23 13:59:00,9.16,9.16,9.24,9.15,9.19,33567809,308971704
"3553",2017-03-23 13:59:03,9.16,9.16,9.24,9.15,9.18,33567909,308972622
"3554",2017-03-23 13:59:06,9.16,9.16,9.24,9.15,9.18,33877409,311818054
"3555",2017-03-23 13:59:09,9.16,9.16,9.24,9.15,9.18,33879009,311832742
"3556",2017-03-23 13:59:12,9.16,9.16,9.24,9.15,9.18,33879109,311833660
"3557",2017-03-23 13:59:15,9.16,9.16,9.24,9.15,9.18,33883109,311870380
"3558",2017-03-23 13:59:18,9.16,9.16,9.24,9.15,9.19,33888809,311922743
"3559",2017-03-23 13:59:21,9.16,9.16,9.24,9.15,9.19,33888909,311923662
"3560",2017-03-23 13:59:24,9.16,9.16,9.24,9.15,9.19,33889309,311927338
"3561",2017-03-23 13:59:27,9.16,9.16,9.24,9.15,9.19,33889309,311927338
"3562",2017-03-23 13:59:30,9.16,9.16,9.24,9.15,9.18,33896709,311995281
"3563",2017-03-23 13:59:33,9.16,9.16,9.24,9.15,9.19,33902553,312048987
"3564",2017-03-23 13:59:36,9.16,9.16,9.24,9.15,9.18,33907553,312094923
"3565",2017-03-23 13:59:39,9.16,9.16,9.24,9.15,9.18,33907673,312096025
"3566",2017-03-23 13:59:42,9.16,9.16,9.24,9.15,9.18,33918373,312194251
"3567",2017-03-23 13:59:45,9.16,9.16,9.24,9.15,9.19,33919173,312201603
"3568",2017-03-23 13:59:48,9.16,9.16,9.24,9.15,9.19,33919173,312201603
"3569",2017-03-23 13:59:51,9.16,9.16,9.24,9.15,9.19,33931173,312311883
"3570",2017-03-23 13:59:54,9.16,9.16,9.24,9.15,9.18,33941473,312406447
"3571",2017-03-23 13:59:57,9.16,9.16,9.24,9.15,9.18,33945473,312443167
"3572",2017-03-23 14:00:00,9.16,9.16,9.24,9.15,9.19,33945673,312445005
"3573",2017-03-23 14:00:03,9.16,9.16,9.24,9.15,9.19,33965673,312628905
"3574",2017-03-23 14:00:06,9.16,9.16,9.24,9.15,9.19,33970073,312669341
"3575",2017-03-23 14:00:09,9.16,9.16,9.24,9.15,9.19,33971773,312684964
"3576",2017-03-23 14:00:12,9.16,9.16,9.24,9.15,9.19,33971773,312684964
"3577",2017-03-23 14:00:15,9.16,9.16,9.24,9.15,9.19,33971773,312684964
"3578",2017-03-23 14:00:18,9.16,9.16,9.24,9.15,9.19,33971873,312685883
"3579",2017-03-23 14:00:21,9.16,9.16,9.24,9.15,9.19,33971873,312685883
"3580",2017-03-23 14:00:24,9.16,9.16,9.24,9.15,9.19,33972373,312690478
"3581",2017-03-23 14:00:27,9.16,9.16,9.24,9.15,9.19,33973373,312699668
"3582",2017-03-23 14:00:30,9.16,9.16,9.24,9.15,9.19,33982373,312782378
"3583",2017-03-23 14:00:33,9.16,9.16,9.24,9.15,9.19,33982373,312782378
"3584",2017-03-23 14:00:36,9.16,9.16,9.24,9.15,9.19,33982473,312783297
"3585",2017-03-23 14:00:39,9.16,9.16,9.24,9.15,9.19,33989573,312848483
"3586",2017-03-23 14:00:42,9.16,9.16,9.24,9.15,9.19,33989773,312850321
"3587",2017-03-23 14:00:45,9.16,9.16,9.24,9.15,9.19,33990873,312860430
"3588",2017-03-23 14:00:48,9.16,9.16,9.24,9.15,9.18,34003173,312973462
"3589",2017-03-23 14:00:51,9.16,9.16,9.24,9.15,9.18,34003173,312973462
"3590",2017-03-23 14:00:54,9.16,9.16,9.24,9.15,9.19,34007273,313011104
"3591",2017-03-23 14:00:57,9.16,9.16,9.24,9.15,9.19,34009373,313030393
"3592",2017-03-23 14:01:00,9.16,9.16,9.24,9.15,9.18,34009573,313032229
"3593",2017-03-23 14:01:03,9.16,9.16,9.24,9.15,9.18,34011473,313049672
"3594",2017-03-23 14:01:06,9.16,9.16,9.24,9.15,9.18,34016073,313091940
"3595",2017-03-23 14:01:09,9.16,9.16,9.24,9.15,9.18,34017773,313107546
"3596",2017-03-23 14:01:12,9.16,9.16,9.24,9.15,9.18,34017873,313108464
"3597",2017-03-23 14:01:15,9.16,9.16,9.24,9.15,9.18,34019373,313122234
"3598",2017-03-23 14:01:18,9.16,9.16,9.24,9.15,9.19,34020373,313131424
"3599",2017-03-23 14:01:21,9.16,9.16,9.24,9.15,9.18,34024373,313168176
"3600",2017-03-23 14:01:24,9.16,9.16,9.24,9.15,9.18,34026373,313186536
"3601",2017-03-23 14:01:27,9.16,9.16,9.24,9.15,9.18,34027673,313198478
"3602",2017-03-23 14:01:30,9.16,9.16,9.24,9.15,9.18,34043473,313343643
"3603",2017-03-23 14:01:33,9.16,9.16,9.24,9.15,9.19,34045473,313362023
"3604",2017-03-23 14:01:36,9.16,9.16,9.24,9.15,9.19,34045473,313362023
"3605",2017-03-23 14:01:39,9.16,9.16,9.24,9.15,9.19,34046273,313369375
"3606",2017-03-23 14:01:42,9.16,9.16,9.24,9.15,9.19,34047073,313376727
"3607",2017-03-23 14:01:45,9.16,9.16,9.24,9.15,9.19,34047073,313376727
"3608",2017-03-23 14:01:48,9.16,9.16,9.24,9.15,9.19,34059373,313489754
"3609",2017-03-23 14:01:51,9.16,9.16,9.24,9.15,9.18,34059673,313492508
"3610",2017-03-23 14:01:54,9.16,9.16,9.24,9.15,9.18,34159673,314410508
"3611",2017-03-23 14:01:57,9.16,9.16,9.24,9.15,9.18,34169673,314502308
"3612",2017-03-23 14:02:00,9.16,9.16,9.24,9.15,9.18,34172173,314525269
"3613",2017-03-23 14:02:03,9.16,9.16,9.24,9.15,9.19,34173473,314537214
"3614",2017-03-23 14:02:06,9.16,9.16,9.24,9.15,9.18,34173673,314539050
"3615",2017-03-23 14:02:09,9.16,9.16,9.24,9.15,9.18,34182473,314619844
"3616",2017-03-23 14:02:12,9.16,9.16,9.24,9.15,9.18,34378473,316419124
"3617",2017-03-23 14:02:15,9.16,9.16,9.24,9.15,9.18,34378473,316419124
"3618",2017-03-23 14:02:18,9.16,9.16,9.24,9.15,9.19,34379573,316429233
"3619",2017-03-23 14:02:21,9.16,9.16,9.24,9.15,9.19,34384573,316475183
"3620",2017-03-23 14:02:24,9.16,9.16,9.24,9.15,9.19,34385373,316482535
"3621",2017-03-23 14:02:27,9.16,9.16,9.24,9.15,9.18,34388973,316515583
"3622",2017-03-23 14:02:30,9.16,9.16,9.24,9.15,9.18,34401773,316633095
"3623",2017-03-23 14:02:33,9.16,9.16,9.24,9.15,9.18,34402773,316642275
"3624",2017-03-23 14:02:36,9.16,9.16,9.24,9.15,9.19,34403573,316649627
"3625",2017-03-23 14:02:39,9.16,9.16,9.24,9.15,9.18,34712973,319493012
"3626",2017-03-23 14:02:42,9.16,9.16,9.24,9.15,9.18,34715073,319512291
"3627",2017-03-23 14:02:45,9.16,9.16,9.24,9.15,9.19,34726173,319614300
"3628",2017-03-23 14:02:48,9.16,9.16,9.24,9.15,9.18,34726573,319617972
"3629",2017-03-23 14:02:51,9.16,9.16,9.24,9.15,9.18,34730273,319651938
"3630",2017-03-23 14:02:54,9.16,9.16,9.24,9.15,9.18,34730273,319651938
"3631",2017-03-23 14:02:57,9.16,9.16,9.24,9.15,9.18,34730273,319651938
"3632",2017-03-23 14:03:03,9.16,9.16,9.24,9.15,9.18,34730673,319655610
"3633",2017-03-23 14:03:06,9.16,9.16,9.24,9.15,9.18,34734373,319689576
"3634",2017-03-23 14:03:09,9.16,9.16,9.24,9.15,9.18,34737393,319717300
"3635",2017-03-23 14:03:12,9.16,9.16,9.24,9.15,9.18,34737993,319722808
"3636",2017-03-23 14:03:15,9.16,9.16,9.24,9.15,9.18,34741093,319751279
"3637",2017-03-23 14:03:18,9.16,9.16,9.24,9.15,9.19,34741693,319756793
"3638",2017-03-23 14:03:21,9.16,9.16,9.24,9.15,9.19,34743993,319777930
"3639",2017-03-23 14:03:24,9.16,9.16,9.24,9.15,9.19,34743993,319777930
"3640",2017-03-23 14:03:27,9.16,9.16,9.24,9.15,9.19,34744793,319785282
"3641",2017-03-23 14:03:30,9.16,9.16,9.24,9.15,9.19,34745593,319792634
"3642",2017-03-23 14:03:33,9.16,9.16,9.24,9.15,9.19,34745593,319792634
"3643",2017-03-23 14:03:36,9.16,9.16,9.24,9.15,9.19,34745993,319796310
"3644",2017-03-23 14:03:39,9.16,9.16,9.24,9.15,9.19,34745993,319796310
"3645",2017-03-23 14:03:42,9.16,9.16,9.24,9.15,9.18,34752933,319860019
"3646",2017-03-23 14:03:45,9.16,9.16,9.24,9.15,9.19,34763933,319961109
"3647",2017-03-23 14:03:48,9.16,9.16,9.24,9.15,9.19,34765033,319971218
"3648",2017-03-23 14:03:51,9.16,9.16,9.24,9.15,9.19,34766033,319980408
"3649",2017-03-23 14:03:54,9.16,9.16,9.24,9.15,9.19,34766333,319983165
"3650",2017-03-23 14:03:57,9.16,9.16,9.24,9.15,9.19,34767233,319991436
"3651",2017-03-23 14:04:00,9.16,9.16,9.24,9.15,9.19,34769233,320009806
"3652",2017-03-23 14:04:03,9.16,9.16,9.24,9.15,9.18,34769833,320015314
"3653",2017-03-23 14:04:06,9.16,9.16,9.24,9.15,9.18,34770033,320017150
"3654",2017-03-23 14:04:09,9.16,9.16,9.24,9.15,9.18,34777833,320088814
"3655",2017-03-23 14:04:12,9.16,9.16,9.24,9.15,9.18,34777833,320088814
"3656",2017-03-23 14:04:15,9.16,9.16,9.24,9.15,9.19,34783633,320142116
"3657",2017-03-23 14:04:18,9.16,9.16,9.24,9.15,9.19,34783633,320142116
"3658",2017-03-23 14:04:21,9.16,9.16,9.24,9.15,9.19,34789833,320199045
"3659",2017-03-23 14:04:24,9.16,9.16,9.24,9.15,9.19,34789833,320199045
"3660",2017-03-23 14:04:27,9.16,9.16,9.24,9.15,9.19,34790933,320209154
"3661",2017-03-23 14:04:30,9.16,9.16,9.24,9.15,9.19,34791733,320216506
"3662",2017-03-23 14:04:33,9.16,9.16,9.24,9.15,9.19,34801833,320309325
"3663",2017-03-23 14:04:36,9.16,9.16,9.24,9.15,9.19,34801833,320309325
"3664",2017-03-23 14:04:39,9.16,9.16,9.24,9.15,9.19,34804573,320334479
"3665",2017-03-23 14:04:42,9.16,9.16,9.24,9.15,9.19,34815573,320435569
"3666",2017-03-23 14:04:45,9.16,9.16,9.24,9.15,9.19,34816573,320444759
"3667",2017-03-23 14:04:48,9.16,9.16,9.24,9.15,9.19,34820373,320479644
"3668",2017-03-23 14:04:51,9.16,9.16,9.24,9.15,9.19,34820373,320479644
"3669",2017-03-23 14:04:54,9.16,9.16,9.24,9.15,9.19,34830473,320572463
"3670",2017-03-23 14:04:57,9.16,9.16,9.24,9.15,9.19,34833573,320600951
"3671",2017-03-23 14:05:00,9.16,9.16,9.24,9.15,9.19,34833773,320602789
"3672",2017-03-23 14:05:03,9.16,9.16,9.24,9.15,9.19,34838073,320642268
"3673",2017-03-23 14:05:06,9.16,9.16,9.24,9.15,9.18,34839073,320651456
"3674",2017-03-23 14:05:09,9.16,9.16,9.24,9.15,9.19,34848573,320738744
"3675",2017-03-23 14:05:12,9.16,9.16,9.24,9.15,9.19,34848573,320738744
"3676",2017-03-23 14:05:15,9.16,9.16,9.24,9.15,9.19,34849473,320747015
"3677",2017-03-23 14:05:18,9.16,9.16,9.24,9.15,9.19,34849473,320747015
"3678",2017-03-23 14:05:21,9.16,9.16,9.24,9.15,9.19,34850273,320754367
"3679",2017-03-23 14:05:24,9.16,9.16,9.24,9.15,9.18,34853373,320782825
"3680",2017-03-23 14:05:27,9.16,9.16,9.24,9.15,9.18,34853573,320784661
"3681",2017-03-23 14:05:30,9.16,9.16,9.24,9.15,9.18,34853573,320784661
"3682",2017-03-23 14:05:33,9.16,9.16,9.24,9.15,9.18,34853573,320784661
"3683",2017-03-23 14:05:36,9.16,9.16,9.24,9.15,9.18,34856213,320808896
"3684",2017-03-23 14:05:39,9.16,9.16,9.24,9.15,9.19,34867213,320909986
"3685",2017-03-23 14:05:42,9.16,9.16,9.24,9.15,9.19,34867213,320909986
"3686",2017-03-23 14:05:45,9.16,9.16,9.24,9.15,9.19,34867213,320909986
"3687",2017-03-23 14:05:48,9.16,9.16,9.24,9.15,9.19,34867213,320909986
"3688",2017-03-23 14:05:51,9.16,9.16,9.24,9.15,9.19,34868913,320925609
"3689",2017-03-23 14:05:54,9.16,9.16,9.24,9.15,9.18,34875013,320981609
"3690",2017-03-23 14:05:57,9.16,9.16,9.24,9.15,9.18,34875013,320981609
"3691",2017-03-23 14:06:00,9.16,9.16,9.24,9.15,9.19,34876013,320990798
"3692",2017-03-23 14:06:03,9.16,9.16,9.24,9.15,9.18,34876513,320995388
"3693",2017-03-23 14:06:06,9.16,9.16,9.24,9.15,9.18,34876713,320997224
"3694",2017-03-23 14:06:09,9.16,9.16,9.24,9.15,9.18,34879413,321022018
"3695",2017-03-23 14:06:12,9.16,9.16,9.24,9.15,9.18,34879613,321023854
"3696",2017-03-23 14:06:15,9.16,9.16,9.24,9.15,9.18,34886513,321087262
"3697",2017-03-23 14:06:18,9.16,9.16,9.24,9.15,9.18,34886513,321087262
"3698",2017-03-23 14:06:21,9.16,9.16,9.24,9.15,9.18,34886513,321087262
"3699",2017-03-23 14:06:24,9.16,9.16,9.24,9.15,9.18,34886513,321087262
"3700",2017-03-23 14:06:27,9.16,9.16,9.24,9.15,9.18,34886613,321088180
"3701",2017-03-23 14:06:30,9.16,9.16,9.24,9.15,9.19,34892813,321145158
"3702",2017-03-23 14:06:33,9.16,9.16,9.24,9.15,9.19,34962413,321784782
"3703",2017-03-23 14:06:36,9.16,9.16,9.24,9.15,9.19,34975913,321908847
"3704",2017-03-23 14:06:39,9.16,9.16,9.24,9.15,9.19,34989553,322034172
"3705",2017-03-23 14:06:42,9.16,9.16,9.24,9.15,9.19,35065970,322736445
"3706",2017-03-23 14:06:45,9.16,9.16,9.24,9.15,9.19,35065970,322736445
"3707",2017-03-23 14:06:48,9.16,9.16,9.24,9.15,9.19,35077270,322840292
"3708",2017-03-23 14:06:51,9.16,9.16,9.24,9.15,9.19,35078270,322849482
"3709",2017-03-23 14:06:54,9.16,9.16,9.24,9.15,9.19,35079470,322860510
"3710",2017-03-23 14:06:57,9.16,9.16,9.24,9.15,9.2,35080370,322868790
"3711",2017-03-23 14:07:00,9.16,9.16,9.24,9.15,9.2,35080370,322868790
"3712",2017-03-23 14:07:03,9.16,9.16,9.24,9.15,9.19,35083270,322895449
"3713",2017-03-23 14:07:06,9.16,9.16,9.24,9.15,9.19,35146370,323475838
"3714",2017-03-23 14:07:09,9.16,9.16,9.24,9.15,9.19,35148070,323491461
"3715",2017-03-23 14:07:12,9.16,9.16,9.24,9.15,9.19,35155970,323564120
"3716",2017-03-23 14:07:15,9.16,9.16,9.24,9.15,9.19,35167470,323669805
"3717",2017-03-23 14:07:18,9.16,9.16,9.24,9.15,9.19,35167470,323669805
"3718",2017-03-23 14:07:21,9.16,9.16,9.24,9.15,9.19,35167470,323669805
"3719",2017-03-23 14:07:24,9.16,9.16,9.24,9.15,9.19,35168470,323678995
"3720",2017-03-23 14:07:27,9.16,9.16,9.24,9.15,9.19,35168870,323682673
"3721",2017-03-23 14:07:30,9.16,9.16,9.24,9.15,9.2,35178470,323770915
"3722",2017-03-23 14:07:33,9.16,9.16,9.24,9.15,9.2,35178470,323770915
"3723",2017-03-23 14:07:36,9.16,9.16,9.24,9.15,9.19,35201070,323978744
"3724",2017-03-23 14:07:39,9.16,9.16,9.24,9.15,9.19,35205710,324021385
"3725",2017-03-23 14:07:42,9.16,9.16,9.24,9.15,9.19,35208510,324047117
"3726",2017-03-23 14:07:45,9.16,9.16,9.24,9.15,9.19,35212010,324079282
"3727",2017-03-23 14:07:48,9.16,9.16,9.24,9.15,9.19,35212010,324079282
"3728",2017-03-23 14:07:51,9.16,9.16,9.24,9.15,9.19,35212110,324080201
"3729",2017-03-23 14:07:54,9.16,9.16,9.24,9.15,9.2,35212910,324087561
"3730",2017-03-23 14:07:57,9.16,9.16,9.24,9.15,9.19,35213110,324089399
"3731",2017-03-23 14:08:00,9.16,9.16,9.24,9.15,9.19,35229310,324238285
"3732",2017-03-23 14:08:03,9.16,9.16,9.24,9.15,9.19,35229410,324239204
"3733",2017-03-23 14:08:06,9.16,9.16,9.24,9.15,9.2,35230310,324247483
"3734",2017-03-23 14:08:09,9.16,9.16,9.24,9.15,9.19,35234710,324287919
"3735",2017-03-23 14:08:12,9.16,9.16,9.24,9.15,9.2,35239110,324328399
"3736",2017-03-23 14:08:15,9.16,9.16,9.24,9.15,9.2,35239110,324328399
"3737",2017-03-23 14:08:18,9.16,9.16,9.24,9.15,9.2,35239110,324328399
"3738",2017-03-23 14:08:21,9.16,9.16,9.24,9.15,9.19,35240810,324344022
"3739",2017-03-23 14:08:24,9.16,9.16,9.24,9.15,9.19,35245310,324385377
"3740",2017-03-23 14:08:27,9.16,9.16,9.24,9.15,9.2,35247110,324401937
"3741",2017-03-23 14:08:30,9.16,9.16,9.24,9.15,9.2,35247110,324401937
"3742",2017-03-23 14:08:33,9.16,9.16,9.24,9.15,9.19,35261610,324535192
"3743",2017-03-23 14:08:36,9.16,9.16,9.24,9.15,9.2,35272610,324636392
"3744",2017-03-23 14:08:39,9.16,9.16,9.24,9.15,9.19,35272810,324638230
"3745",2017-03-23 14:08:45,9.16,9.16,9.24,9.15,9.19,35272810,324638230
"3746",2017-03-23 14:08:48,9.16,9.16,9.24,9.15,9.19,35275810,324665800
"3747",2017-03-23 14:08:51,9.16,9.16,9.24,9.15,9.19,35282610,324728300
"3748",2017-03-23 14:08:54,9.16,9.16,9.24,9.15,9.19,35286310,324762303
"3749",2017-03-23 14:08:57,9.16,9.16,9.24,9.15,9.2,35287110,324769663
"3750",2017-03-23 14:09:00,9.16,9.16,9.24,9.15,9.19,35289910,324795403
"3751",2017-03-23 14:09:03,9.16,9.16,9.24,9.15,9.19,35289910,324795403
"3752",2017-03-23 14:09:06,9.16,9.16,9.24,9.15,9.19,35290010,324796322
"3753",2017-03-23 14:09:09,9.16,9.16,9.24,9.15,9.19,35292210,324816543
"3754",2017-03-23 14:09:12,9.16,9.16,9.24,9.15,9.19,35294010,324833085
"3755",2017-03-23 14:09:15,9.16,9.16,9.24,9.15,9.2,35294110,324834005
"3756",2017-03-23 14:09:18,9.16,9.16,9.24,9.15,9.19,35294890,324841173
"3757",2017-03-23 14:09:21,9.16,9.16,9.24,9.15,9.19,35294890,324841173
"3758",2017-03-23 14:09:24,9.16,9.16,9.24,9.15,9.19,35294890,324841173
"3759",2017-03-23 14:09:27,9.16,9.16,9.24,9.15,9.19,35294890,324841173
"3760",2017-03-23 14:09:30,9.16,9.16,9.24,9.15,9.19,35294890,324841173
"3761",2017-03-23 14:09:33,9.16,9.16,9.24,9.15,9.19,35294890,324841173
"3762",2017-03-23 14:09:36,9.16,9.16,9.24,9.15,9.19,35306190,324945130
"3763",2017-03-23 14:09:39,9.16,9.16,9.24,9.15,9.19,35306190,324945130
"3764",2017-03-23 14:09:42,9.16,9.16,9.24,9.15,9.2,35306990,324952490
"3765",2017-03-23 14:09:45,9.16,9.16,9.24,9.15,9.2,35306990,324952490
"3766",2017-03-23 14:09:48,9.16,9.16,9.24,9.15,9.2,35309390,324974569
"3767",2017-03-23 14:09:51,9.16,9.16,9.24,9.15,9.19,35312690,325004896
"3768",2017-03-23 14:09:54,9.16,9.16,9.24,9.15,9.19,35314690,325023276
"3769",2017-03-23 14:09:57,9.16,9.16,9.24,9.15,9.2,35315690,325032476
"3770",2017-03-23 14:10:00,9.16,9.16,9.24,9.15,9.19,35316090,325036153
"3771",2017-03-23 14:10:03,9.16,9.16,9.24,9.15,9.19,35320090,325072913
"3772",2017-03-23 14:10:06,9.16,9.16,9.24,9.15,9.2,35322190,325092224
"3773",2017-03-23 14:10:09,9.16,9.16,9.24,9.15,9.19,35324290,325111525
"3774",2017-03-23 14:10:12,9.16,9.16,9.24,9.15,9.19,35324290,325111525
"3775",2017-03-23 14:10:15,9.16,9.16,9.24,9.15,9.19,35324290,325111525
"3776",2017-03-23 14:10:18,9.16,9.16,9.24,9.15,9.19,35324290,325111525
"3777",2017-03-23 14:10:21,9.16,9.16,9.24,9.15,9.2,35324390,325112445
"3778",2017-03-23 14:10:24,9.16,9.16,9.24,9.15,9.19,35325490,325122560
"3779",2017-03-23 14:10:27,9.16,9.16,9.24,9.15,9.2,35330990,325173155
"3780",2017-03-23 14:10:30,9.16,9.16,9.24,9.15,9.2,35346790,325318515
"3781",2017-03-23 14:10:33,9.16,9.16,9.24,9.15,9.2,35346790,325318515
"3782",2017-03-23 14:10:36,9.16,9.16,9.24,9.15,9.2,35347590,325325875
"3783",2017-03-23 14:10:39,9.16,9.16,9.24,9.15,9.2,35347590,325325875
"3784",2017-03-23 14:10:42,9.16,9.16,9.24,9.15,9.19,35349690,325345174
"3785",2017-03-23 14:10:45,9.16,9.16,9.24,9.15,9.2,35353490,325380114
"3786",2017-03-23 14:10:48,9.16,9.16,9.24,9.15,9.19,35353590,325381033
"3787",2017-03-23 14:10:51,9.16,9.16,9.24,9.15,9.19,35358790,325428853
"3788",2017-03-23 14:10:54,9.16,9.16,9.24,9.15,9.19,35358790,325428853
"3789",2017-03-23 14:10:57,9.16,9.16,9.24,9.15,9.19,35358790,325428853
"3790",2017-03-23 14:11:00,9.16,9.16,9.24,9.15,9.19,35359090,325431610
"3791",2017-03-23 14:11:03,9.16,9.16,9.24,9.15,9.19,35359490,325435286
"3792",2017-03-23 14:11:06,9.16,9.16,9.24,9.15,9.19,35362290,325461044
"3793",2017-03-23 14:11:09,9.16,9.16,9.24,9.15,9.19,35364090,325477586
"3794",2017-03-23 14:11:12,9.16,9.16,9.24,9.15,9.19,35364290,325479424
"3795",2017-03-23 14:11:15,9.16,9.16,9.24,9.15,9.19,35364290,325479424
"3796",2017-03-23 14:11:18,9.16,9.16,9.24,9.15,9.19,35364390,325480343
"3797",2017-03-23 14:11:21,9.16,9.16,9.24,9.15,9.2,35365390,325489543
"3798",2017-03-23 14:11:24,9.16,9.16,9.24,9.15,9.2,35365390,325489543
"3799",2017-03-23 14:11:27,9.16,9.16,9.24,9.15,9.2,35376190,325588903
"3800",2017-03-23 14:11:30,9.16,9.16,9.24,9.15,9.2,35376190,325588903
"3801",2017-03-23 14:11:33,9.16,9.16,9.24,9.15,9.2,35377290,325599020
"3802",2017-03-23 14:11:36,9.16,9.16,9.24,9.15,9.2,35377290,325599020
"3803",2017-03-23 14:11:39,9.16,9.16,9.24,9.15,9.2,35377290,325599020
"3804",2017-03-23 14:11:42,9.16,9.16,9.24,9.15,9.2,35378090,325606380
"3805",2017-03-23 14:11:45,9.16,9.16,9.24,9.15,9.2,35391890,325733340
"3806",2017-03-23 14:11:48,9.16,9.16,9.24,9.15,9.2,35391890,325733340
"3807",2017-03-23 14:11:51,9.16,9.16,9.24,9.15,9.2,35391890,325733340
"3808",2017-03-23 14:11:54,9.16,9.16,9.24,9.15,9.2,35391890,325733340
"3809",2017-03-23 14:11:57,9.16,9.16,9.24,9.15,9.2,35391890,325733340
"3810",2017-03-23 14:12:00,9.16,9.16,9.24,9.15,9.19,35393790,325750817
"3811",2017-03-23 14:12:03,9.16,9.16,9.24,9.15,9.19,35395390,325765521
"3812",2017-03-23 14:12:06,9.16,9.16,9.24,9.15,9.19,35396590,325776549
"3813",2017-03-23 14:12:09,9.16,9.16,9.24,9.15,9.19,35398390,325793091
"3814",2017-03-23 14:12:12,9.16,9.16,9.24,9.15,9.19,35398390,325793091
"3815",2017-03-23 14:12:15,9.16,9.16,9.24,9.15,9.19,35398390,325793091
"3816",2017-03-23 14:12:18,9.16,9.16,9.24,9.15,9.2,35398490,325794011
"3817",2017-03-23 14:12:21,9.16,9.16,9.24,9.15,9.19,35399390,325802282
"3818",2017-03-23 14:12:24,9.16,9.16,9.24,9.15,9.2,35410190,325901642
"3819",2017-03-23 14:12:27,9.16,9.16,9.24,9.15,9.2,35410990,325909002
"3820",2017-03-23 14:12:30,9.16,9.16,9.24,9.15,9.19,35416190,325956840
"3821",2017-03-23 14:12:33,9.16,9.16,9.24,9.15,9.2,35416390,325958680
"3822",2017-03-23 14:12:36,9.16,9.16,9.24,9.15,9.2,35421290,326003760
"3823",2017-03-23 14:12:39,9.16,9.16,9.24,9.15,9.2,35427490,326060800
"3824",2017-03-23 14:12:42,9.16,9.16,9.24,9.15,9.2,35434990,326129800
"3825",2017-03-23 14:12:45,9.16,9.16,9.24,9.15,9.2,35440190,326177640
"3826",2017-03-23 14:12:48,9.16,9.16,9.24,9.15,9.2,35440190,326177640
"3827",2017-03-23 14:12:51,9.16,9.16,9.24,9.15,9.2,35446390,326234680
"3828",2017-03-23 14:12:54,9.16,9.16,9.24,9.15,9.19,35451490,326281595
"3829",2017-03-23 14:12:57,9.16,9.16,9.24,9.15,9.2,35459990,326359795
"3830",2017-03-23 14:13:00,9.16,9.16,9.24,9.15,9.19,35469990,326451759
"3831",2017-03-23 14:13:03,9.16,9.16,9.24,9.15,9.19,35475090,326498628
"3832",2017-03-23 14:13:06,9.16,9.16,9.24,9.15,9.19,35486190,326600716
"3833",2017-03-23 14:13:09,9.16,9.16,9.24,9.15,9.19,35533990,327040458
"3834",2017-03-23 14:13:12,9.16,9.16,9.24,9.15,9.2,35541590,327110378
"3835",2017-03-23 14:13:15,9.16,9.16,9.24,9.15,9.2,35546990,327160058
"3836",2017-03-23 14:13:18,9.16,9.16,9.24,9.15,9.19,35547590,327165572
"3837",2017-03-23 14:13:21,9.16,9.16,9.24,9.15,9.2,35566890,327343132
"3838",2017-03-23 14:13:24,9.16,9.16,9.24,9.15,9.2,35575690,327424092
"3839",2017-03-23 14:13:27,9.16,9.16,9.24,9.15,9.19,35584490,327505043
"3840",2017-03-23 14:13:30,9.16,9.16,9.24,9.15,9.2,35591890,327573123
"3841",2017-03-23 14:13:33,9.16,9.16,9.24,9.15,9.19,35600590,327653162
"3842",2017-03-23 14:13:36,9.16,9.16,9.24,9.15,9.2,35601390,327660522
"3843",2017-03-23 14:13:39,9.16,9.16,9.24,9.15,9.2,35601390,327660522
"3844",2017-03-23 14:13:42,9.16,9.16,9.24,9.15,9.19,35610990,327748830
"3845",2017-03-23 14:13:45,9.16,9.16,9.24,9.15,9.2,35615590,327791150
"3846",2017-03-23 14:13:48,9.16,9.16,9.24,9.15,9.2,35625990,327886812
"3847",2017-03-23 14:13:51,9.16,9.16,9.24,9.15,9.2,35635890,327977892
"3848",2017-03-23 14:13:54,9.16,9.16,9.24,9.15,9.2,35653790,328142472
"3849",2017-03-23 14:13:57,9.16,9.16,9.24,9.15,9.2,35661190,328210544
"3850",2017-03-23 14:14:00,9.16,9.16,9.24,9.15,9.2,35670090,328292424
"3851",2017-03-23 14:14:03,9.16,9.16,9.24,9.15,9.19,35689790,328473659
"3852",2017-03-23 14:14:06,9.16,9.16,9.24,9.15,9.2,35698390,328552778
"3853",2017-03-23 14:14:09,9.16,9.16,9.24,9.15,9.2,35707390,328635562
"3854",2017-03-23 14:14:12,9.16,9.16,9.24,9.15,9.2,35718890,328741362
"3855",2017-03-23 14:14:15,9.16,9.16,9.24,9.15,9.2,35728590,328830589
"3856",2017-03-23 14:14:18,9.16,9.16,9.24,9.15,9.2,35747790,329007229
"3857",2017-03-23 14:14:21,9.16,9.16,9.24,9.15,9.2,35748290,329011829
"3858",2017-03-23 14:14:24,9.16,9.16,9.24,9.15,9.2,35757090,329092789
"3859",2017-03-23 14:14:27,9.16,9.16,9.24,9.15,9.2,35773690,329245509
"3860",2017-03-23 14:14:30,9.16,9.16,9.24,9.15,9.2,35774790,329255629
"3861",2017-03-23 14:14:33,9.16,9.16,9.24,9.15,9.2,35792690,329420309
"3862",2017-03-23 14:14:36,9.16,9.16,9.24,9.15,9.2,35801390,329500346
"3863",2017-03-23 14:14:39,9.16,9.16,9.24,9.15,9.2,35842790,329881226
"3864",2017-03-23 14:14:42,9.16,9.16,9.24,9.15,9.2,35842790,329881226
"3865",2017-03-23 14:14:45,9.16,9.16,9.24,9.15,9.2,35891890,330332946
"3866",2017-03-23 14:14:48,9.16,9.16,9.24,9.15,9.2,35891890,330332946
"3867",2017-03-23 14:14:51,9.16,9.16,9.24,9.15,9.2,35918390,330576746
"3868",2017-03-23 14:14:54,9.16,9.16,9.24,9.15,9.2,35927490,330660466
"3869",2017-03-23 14:14:57,9.16,9.16,9.24,9.15,9.2,35992690,331260306
"3870",2017-03-23 14:15:00,9.16,9.16,9.24,9.15,9.2,36066990,331943866
"3871",2017-03-23 14:15:03,9.16,9.16,9.24,9.15,9.2,36081984,332081811
"3872",2017-03-23 14:15:06,9.16,9.16,9.24,9.15,9.2,36082484,332086411
"3873",2017-03-23 14:15:09,9.16,9.16,9.24,9.15,9.21,36085184,332111262
"3874",2017-03-23 14:15:12,9.16,9.16,9.24,9.15,9.2,36086984,332127830
"3875",2017-03-23 14:15:15,9.16,9.16,9.24,9.15,9.21,36097784,332227298
"3876",2017-03-23 14:15:18,9.16,9.16,9.24,9.15,9.21,36102584,332271466
"3877",2017-03-23 14:15:21,9.16,9.16,9.24,9.15,9.21,36111384,332352502
"3878",2017-03-23 14:15:24,9.16,9.16,9.24,9.15,9.21,36111384,332352502
"3879",2017-03-23 14:15:27,9.16,9.16,9.24,9.15,9.2,36115284,332388382
"3880",2017-03-23 14:15:30,9.16,9.16,9.24,9.15,9.2,36116684,332401266
"3881",2017-03-23 14:15:33,9.16,9.16,9.24,9.15,9.2,36116684,332401266
"3882",2017-03-23 14:15:36,9.16,9.16,9.24,9.15,9.2,36116684,332401266
"3883",2017-03-23 14:15:39,9.16,9.16,9.24,9.15,9.2,36116684,332401266
"3884",2017-03-23 14:15:42,9.16,9.16,9.24,9.15,9.2,36119684,332428866
"3885",2017-03-23 14:15:45,9.16,9.16,9.24,9.15,9.21,36128684,332511696
"3886",2017-03-23 14:15:48,9.16,9.16,9.24,9.15,9.2,36141384,332628536
"3887",2017-03-23 14:15:51,9.16,9.16,9.24,9.15,9.2,36142284,332636816
"3888",2017-03-23 14:15:54,9.16,9.16,9.24,9.15,9.21,36240837,333543510
"3889",2017-03-23 14:15:57,9.16,9.16,9.24,9.15,9.2,36249837,333626310
"3890",2017-03-23 14:16:00,9.16,9.16,9.24,9.15,9.2,36249837,333626310
"3891",2017-03-23 14:16:03,9.16,9.16,9.24,9.15,9.2,36249837,333626310
"3892",2017-03-23 14:16:06,9.16,9.16,9.24,9.15,9.2,36251237,333639198
"3893",2017-03-23 14:16:09,9.16,9.16,9.24,9.15,9.2,36254237,333666798
"3894",2017-03-23 14:16:12,9.16,9.16,9.24,9.15,9.2,36275237,333860198
"3895",2017-03-23 14:16:15,9.16,9.16,9.24,9.15,9.2,36275237,333860198
"3896",2017-03-23 14:16:18,9.16,9.16,9.24,9.15,9.21,36276037,333867566
"3897",2017-03-23 14:16:21,9.16,9.16,9.24,9.15,9.2,36277737,333883206
"3898",2017-03-23 14:16:27,9.16,9.16,9.24,9.15,9.2,36294137,334034196
"3899",2017-03-23 14:16:30,9.16,9.16,9.24,9.15,9.2,36294337,334036036
"3900",2017-03-23 14:16:33,9.16,9.16,9.24,9.15,9.21,36295337,334045246
"3901",2017-03-23 14:16:36,9.16,9.16,9.24,9.15,9.21,36310437,334184317
"3902",2017-03-23 14:16:39,9.16,9.16,9.24,9.15,9.2,36311737,334196277
"3903",2017-03-23 14:16:42,9.16,9.16,9.24,9.15,9.2,36311737,334196277
"3904",2017-03-23 14:16:45,9.16,9.16,9.24,9.15,9.2,36311737,334196277
"3905",2017-03-23 14:16:48,9.16,9.16,9.24,9.15,9.2,36311737,334196277
"3906",2017-03-23 14:16:51,9.16,9.16,9.24,9.15,9.21,36313837,334215618
"3907",2017-03-23 14:16:54,9.16,9.16,9.24,9.15,9.21,36313837,334215618
"3908",2017-03-23 14:16:57,9.16,9.16,9.24,9.15,9.2,36322837,334298418
"3909",2017-03-23 14:17:00,9.16,9.16,9.24,9.15,9.21,36332837,334390518
"3910",2017-03-23 14:17:03,9.16,9.16,9.24,9.15,9.2,36334037,334401566
"3911",2017-03-23 14:17:06,9.16,9.16,9.24,9.15,9.2,36344637,334499086
"3912",2017-03-23 14:17:09,9.16,9.16,9.24,9.15,9.21,36360937,334649162
"3913",2017-03-23 14:17:12,9.16,9.16,9.24,9.15,9.21,36360937,334649162
"3914",2017-03-23 14:17:15,9.16,9.16,9.24,9.15,9.2,36361897,334657994
"3915",2017-03-23 14:17:18,9.16,9.16,9.24,9.15,9.21,36361997,334658915
"3916",2017-03-23 14:17:21,9.16,9.16,9.24,9.15,9.21,36361997,334658915
"3917",2017-03-23 14:17:24,9.16,9.16,9.24,9.15,9.2,36362797,334666275
"3918",2017-03-23 14:17:27,9.16,9.16,9.24,9.15,9.21,36364997,334686537
"3919",2017-03-23 14:17:30,9.16,9.16,9.24,9.15,9.2,36365197,334688377
"3920",2017-03-23 14:17:33,9.16,9.16,9.24,9.15,9.2,36367597,334710457
"3921",2017-03-23 14:17:36,9.16,9.16,9.24,9.15,9.2,36367597,334710457
"3922",2017-03-23 14:17:39,9.16,9.16,9.24,9.15,9.2,36367597,334710457
"3923",2017-03-23 14:17:42,9.16,9.16,9.24,9.15,9.21,36367897,334713220
"3924",2017-03-23 14:17:45,9.16,9.16,9.24,9.15,9.21,36367897,334713220
"3925",2017-03-23 14:17:48,9.16,9.16,9.24,9.15,9.21,36367897,334713220
"3926",2017-03-23 14:17:51,9.16,9.16,9.24,9.15,9.2,36372097,334751877
"3927",2017-03-23 14:17:54,9.16,9.16,9.24,9.15,9.2,36372097,334751877
"3928",2017-03-23 14:17:57,9.16,9.16,9.24,9.15,9.2,36372097,334751877
"3929",2017-03-23 14:18:00,9.16,9.16,9.24,9.15,9.21,36376297,334790522
"3930",2017-03-23 14:18:03,9.16,9.16,9.24,9.15,9.21,36376297,334790522
"3931",2017-03-23 14:18:06,9.16,9.16,9.24,9.15,9.21,36377097,334797890
"3932",2017-03-23 14:18:09,9.16,9.16,9.24,9.15,9.2,36391597,334931398
"3933",2017-03-23 14:18:15,9.16,9.16,9.24,9.15,9.21,36393897,334952563
"3934",2017-03-23 14:18:18,9.16,9.16,9.24,9.15,9.21,36395197,334964536
"3935",2017-03-23 14:18:21,9.16,9.16,9.24,9.15,9.21,36395197,334964536
"3936",2017-03-23 14:18:24,9.16,9.16,9.24,9.15,9.21,36395197,334964536
"3937",2017-03-23 14:18:27,9.16,9.16,9.24,9.15,9.2,36400797,335016056
"3938",2017-03-23 14:18:30,9.16,9.16,9.24,9.15,9.2,36400797,335016056
"3939",2017-03-23 14:18:33,9.16,9.16,9.24,9.15,9.2,36402097,335028017
"3940",2017-03-23 14:18:36,9.16,9.16,9.24,9.15,9.2,36403197,335038137
"3941",2017-03-23 14:18:39,9.16,9.16,9.24,9.15,9.2,36403197,335038137
"3942",2017-03-23 14:18:42,9.16,9.16,9.24,9.15,9.2,36406397,335067577
"3943",2017-03-23 14:18:45,9.16,9.16,9.24,9.15,9.21,36414597,335143067
"3944",2017-03-23 14:18:48,9.16,9.16,9.24,9.15,9.2,36418797,335181707
"3945",2017-03-23 14:18:51,9.16,9.16,9.24,9.15,9.2,36418797,335181707
"3946",2017-03-23 14:18:57,9.16,9.16,9.24,9.15,9.2,36418797,335181707
"3947",2017-03-23 14:19:00,9.16,9.16,9.24,9.15,9.21,36420097,335193675
"3948",2017-03-23 14:19:03,9.16,9.16,9.24,9.15,9.2,36420397,335196435
"3949",2017-03-23 14:19:06,9.16,9.16,9.24,9.15,9.21,36434697,335328138
"3950",2017-03-23 14:19:09,9.16,9.16,9.24,9.15,9.2,36436797,335347458
"3951",2017-03-23 14:19:12,9.16,9.16,9.24,9.15,9.2,36437797,335356658
"3952",2017-03-23 14:19:15,9.16,9.16,9.24,9.15,9.2,36439497,335372298
"3953",2017-03-23 14:19:18,9.16,9.16,9.24,9.15,9.2,36440097,335377818
"3954",2017-03-23 14:19:21,9.16,9.16,9.24,9.15,9.2,36440097,335377818
"3955",2017-03-23 14:19:24,9.16,9.16,9.24,9.15,9.2,36442897,335403578
"3956",2017-03-23 14:19:27,9.16,9.16,9.24,9.15,9.2,36445897,335431206
"3957",2017-03-23 14:19:30,9.16,9.16,9.24,9.15,9.2,36445997,335432126
"3958",2017-03-23 14:19:33,9.16,9.16,9.24,9.15,9.21,36446697,335438568
"3959",2017-03-23 14:19:36,9.16,9.16,9.24,9.15,9.21,36446697,335438568
"3960",2017-03-23 14:19:39,9.16,9.16,9.24,9.15,9.21,36446697,335438568
"3961",2017-03-23 14:19:45,9.16,9.16,9.24,9.15,9.21,36446697,335438568
"3962",2017-03-23 14:19:48,9.16,9.16,9.24,9.15,9.21,36446697,335438568
"3963",2017-03-23 14:19:51,9.16,9.16,9.24,9.15,9.21,36446697,335438568
"3964",2017-03-23 14:19:54,9.16,9.16,9.24,9.15,9.21,36447097,335442252
"3965",2017-03-23 14:19:57,9.16,9.16,9.24,9.15,9.2,36452297,335490092
"3966",2017-03-23 14:20:00,9.16,9.16,9.24,9.15,9.2,36452597,335492852
"3967",2017-03-23 14:20:03,9.16,9.16,9.24,9.15,9.2,36464197,335599680
"3968",2017-03-23 14:20:06,9.16,9.16,9.24,9.15,9.21,36469697,335650335
"3969",2017-03-23 14:20:09,9.16,9.16,9.24,9.15,9.2,36486997,335809495
"3970",2017-03-23 14:20:12,9.16,9.16,9.24,9.15,9.2,36486997,335809495
"3971",2017-03-23 14:20:15,9.16,9.16,9.24,9.15,9.2,36490497,335841695
"3972",2017-03-23 14:20:18,9.16,9.16,9.24,9.15,9.2,36490497,335841695
"3973",2017-03-23 14:20:21,9.16,9.16,9.24,9.15,9.21,36490597,335842616
"3974",2017-03-23 14:20:24,9.16,9.16,9.24,9.15,9.21,36490597,335842616
"3975",2017-03-23 14:20:27,9.16,9.16,9.24,9.15,9.2,36492597,335861016
"3976",2017-03-23 14:20:30,9.16,9.16,9.24,9.15,9.2,36492597,335861016
"3977",2017-03-23 14:20:33,9.16,9.16,9.24,9.15,9.21,36492697,335861937
"3978",2017-03-23 14:20:36,9.16,9.16,9.24,9.15,9.21,36492697,335861937
"3979",2017-03-23 14:20:39,9.16,9.16,9.24,9.15,9.21,36492697,335861937
"3980",2017-03-23 14:20:42,9.16,9.16,9.24,9.15,9.2,36494097,335874824
"3981",2017-03-23 14:20:45,9.16,9.16,9.24,9.15,9.2,36494097,335874824
"3982",2017-03-23 14:20:48,9.16,9.16,9.24,9.15,9.2,36494097,335874824
"3983",2017-03-23 14:20:51,9.16,9.16,9.24,9.15,9.21,36515097,336068234
"3984",2017-03-23 14:20:54,9.16,9.16,9.24,9.15,9.2,36516497,336081114
"3985",2017-03-23 14:20:57,9.16,9.16,9.24,9.15,9.2,36516497,336081114
"3986",2017-03-23 14:21:00,9.16,9.16,9.24,9.15,9.2,36516597,336082034
"3987",2017-03-23 14:21:03,9.16,9.16,9.24,9.15,9.2,36527997,336187022
"3988",2017-03-23 14:21:06,9.16,9.16,9.24,9.15,9.21,36531497,336219257
"3989",2017-03-23 14:21:09,9.16,9.16,9.24,9.15,9.21,36537897,336278180
"3990",2017-03-23 14:21:12,9.16,9.16,9.24,9.15,9.21,36537897,336278180
"3991",2017-03-23 14:21:15,9.16,9.16,9.24,9.15,9.21,36538097,336280022
"3992",2017-03-23 14:21:18,9.16,9.16,9.24,9.15,9.21,36538097,336280022
"3993",2017-03-23 14:21:21,9.16,9.16,9.24,9.15,9.21,36538097,336280022
"3994",2017-03-23 14:21:24,9.16,9.16,9.24,9.15,9.21,36538097,336280022
"3995",2017-03-23 14:21:27,9.16,9.16,9.24,9.15,9.2,36547397,336365674
"3996",2017-03-23 14:21:30,9.16,9.16,9.24,9.15,9.21,36550397,336393304
"3997",2017-03-23 14:21:33,9.16,9.16,9.24,9.15,9.21,36552397,336411724
"3998",2017-03-23 14:21:36,9.16,9.16,9.24,9.15,9.2,36555197,336437484
"3999",2017-03-23 14:21:39,9.16,9.16,9.24,9.15,9.2,36573897,336609524
"4000",2017-03-23 14:21:42,9.16,9.16,9.24,9.15,9.2,36574197,336612284
"4001",2017-03-23 14:21:45,9.16,9.16,9.24,9.15,9.2,36579397,336660124
"4002",2017-03-23 14:21:48,9.16,9.16,9.24,9.15,9.2,36594597,336800014
"4003",2017-03-23 14:21:51,9.16,9.16,9.24,9.15,9.21,36595597,336809224
"4004",2017-03-23 14:21:54,9.16,9.16,9.24,9.15,9.2,36596557,336818056
"4005",2017-03-23 14:21:57,9.16,9.16,9.24,9.15,9.2,36609357,336935924
"4006",2017-03-23 14:22:03,9.16,9.16,9.24,9.15,9.2,36609857,336940524
"4007",2017-03-23 14:22:06,9.16,9.16,9.24,9.15,9.2,36609957,336941444
"4008",2017-03-23 14:22:09,9.16,9.16,9.24,9.15,9.2,36612057,336960764
"4009",2017-03-23 14:22:12,9.16,9.16,9.24,9.15,9.2,36612057,336960764
"4010",2017-03-23 14:22:18,9.16,9.16,9.24,9.15,9.2,36612457,336964444
"4011",2017-03-23 14:22:21,9.16,9.16,9.24,9.15,9.21,36613557,336974575
"4012",2017-03-23 14:22:24,9.16,9.16,9.24,9.15,9.2,36617357,337009535
"4013",2017-03-23 14:22:27,9.16,9.16,9.24,9.15,9.2,36621997,337052223
"4014",2017-03-23 14:22:30,9.16,9.16,9.24,9.15,9.2,36651997,337328223
"4015",2017-03-23 14:22:33,9.16,9.16,9.24,9.15,9.2,36651997,337328223
"4016",2017-03-23 14:22:36,9.16,9.16,9.24,9.15,9.2,36653697,337343863
"4017",2017-03-23 14:22:39,9.16,9.16,9.24,9.15,9.2,36653697,337343863
"4018",2017-03-23 14:22:42,9.16,9.16,9.24,9.15,9.2,36653697,337343863
"4019",2017-03-23 14:22:45,9.16,9.16,9.24,9.15,9.2,36663697,337435863
"4020",2017-03-23 14:22:48,9.16,9.16,9.24,9.15,9.2,36663697,337435863
"4021",2017-03-23 14:22:51,9.16,9.16,9.24,9.15,9.2,36663697,337435863
"4022",2017-03-23 14:22:54,9.16,9.16,9.24,9.15,9.2,36663897,337437703
"4023",2017-03-23 14:22:57,9.16,9.16,9.24,9.15,9.21,36674697,337537171
"4024",2017-03-23 14:23:00,9.16,9.16,9.24,9.15,9.2,36675797,337547291
"4025",2017-03-23 14:23:03,9.16,9.16,9.24,9.15,9.2,36677497,337562931
"4026",2017-03-23 14:23:06,9.16,9.16,9.24,9.15,9.2,36677497,337562931
"4027",2017-03-23 14:23:09,9.16,9.16,9.24,9.15,9.21,36697297,337745120
"4028",2017-03-23 14:23:12,9.16,9.16,9.24,9.15,9.21,36697297,337745120
"4029",2017-03-23 14:23:15,9.16,9.16,9.24,9.15,9.21,36697297,337745120
"4030",2017-03-23 14:23:18,9.16,9.16,9.24,9.15,9.2,36700197,337771802
"4031",2017-03-23 14:23:21,9.16,9.16,9.24,9.15,9.2,36700197,337771802
"4032",2017-03-23 14:23:24,9.16,9.16,9.24,9.15,9.2,36700197,337771802
"4033",2017-03-23 14:23:27,9.16,9.16,9.24,9.15,9.2,36725297,338002722
"4034",2017-03-23 14:23:30,9.16,9.16,9.24,9.15,9.2,36725297,338002722
"4035",2017-03-23 14:23:33,9.16,9.16,9.24,9.15,9.2,36725297,338002722
"4036",2017-03-23 14:23:36,9.16,9.16,9.24,9.15,9.2,36725297,338002722
"4037",2017-03-23 14:23:39,9.16,9.16,9.24,9.15,9.2,36725297,338002722
"4038",2017-03-23 14:23:42,9.16,9.16,9.24,9.15,9.2,36725297,338002722
"4039",2017-03-23 14:23:45,9.16,9.16,9.24,9.15,9.2,36727457,338022594
"4040",2017-03-23 14:23:48,9.16,9.16,9.24,9.15,9.21,36728157,338029039
"4041",2017-03-23 14:23:51,9.16,9.16,9.24,9.15,9.21,36738957,338128507
"4042",2017-03-23 14:23:54,9.16,9.16,9.24,9.15,9.21,36740457,338142322
"4043",2017-03-23 14:23:57,9.16,9.16,9.24,9.15,9.21,36743157,338167182
"4044",2017-03-23 14:24:00,9.16,9.16,9.24,9.15,9.2,36746757,338200335
"4045",2017-03-23 14:24:03,9.16,9.16,9.24,9.15,9.2,36749957,338229775
"4046",2017-03-23 14:24:06,9.16,9.16,9.24,9.15,9.2,36750457,338234375
"4047",2017-03-23 14:24:09,9.16,9.16,9.24,9.15,9.2,36758557,338308951
"4048",2017-03-23 14:24:12,9.16,9.16,9.24,9.15,9.2,36758557,338308951
"4049",2017-03-23 14:24:15,9.16,9.16,9.24,9.15,9.2,36758557,338308951
"4050",2017-03-23 14:24:18,9.16,9.16,9.24,9.15,9.2,36759457,338317231
"4051",2017-03-23 14:24:21,9.16,9.16,9.24,9.15,9.2,36760557,338327351
"4052",2017-03-23 14:24:24,9.16,9.16,9.24,9.15,9.2,36760957,338331032
"4053",2017-03-23 14:24:27,9.16,9.16,9.24,9.15,9.2,36760957,338331032
"4054",2017-03-23 14:24:30,9.16,9.16,9.24,9.15,9.2,36760957,338331032
"4055",2017-03-23 14:24:33,9.16,9.16,9.24,9.15,9.21,36767257,338389055
"4056",2017-03-23 14:24:36,9.16,9.16,9.24,9.15,9.2,36769257,338407455
"4057",2017-03-23 14:24:39,9.16,9.16,9.24,9.15,9.2,36769257,338407455
"4058",2017-03-23 14:24:42,9.16,9.16,9.24,9.15,9.2,36769457,338409295
"4059",2017-03-23 14:24:45,9.16,9.16,9.24,9.15,9.21,36798857,338679845
"4060",2017-03-23 14:24:48,9.16,9.16,9.24,9.15,9.21,36816557,338842862
"4061",2017-03-23 14:24:51,9.16,9.16,9.24,9.15,9.2,36816757,338844702
"4062",2017-03-23 14:24:54,9.16,9.16,9.24,9.15,9.2,36816757,338844702
"4063",2017-03-23 14:24:57,9.16,9.16,9.24,9.15,9.2,36816757,338844702
"4064",2017-03-23 14:25:00,9.16,9.16,9.24,9.15,9.2,36819757,338872307
"4065",2017-03-23 14:25:03,9.16,9.16,9.24,9.15,9.2,36831557,338980867
"4066",2017-03-23 14:25:06,9.16,9.16,9.24,9.15,9.21,36832157,338986393
"4067",2017-03-23 14:25:09,9.16,9.16,9.24,9.15,9.2,36839057,339049873
"4068",2017-03-23 14:25:12,9.16,9.16,9.24,9.15,9.21,36839557,339054478
"4069",2017-03-23 14:25:15,9.16,9.16,9.24,9.15,9.21,36839557,339054478
"4070",2017-03-23 14:25:18,9.16,9.16,9.24,9.15,9.21,36839557,339054478
"4071",2017-03-23 14:25:21,9.16,9.16,9.24,9.15,9.21,36839557,339054478
"4072",2017-03-23 14:25:24,9.16,9.16,9.24,9.15,9.21,36839557,339054478
"4073",2017-03-23 14:25:27,9.16,9.16,9.24,9.15,9.21,36839557,339054478
"4074",2017-03-23 14:25:30,9.16,9.16,9.24,9.15,9.21,36839857,339057241
"4075",2017-03-23 14:25:33,9.16,9.16,9.24,9.15,9.2,36841857,339075643
"4076",2017-03-23 14:25:36,9.16,9.16,9.24,9.15,9.21,36844857,339103273
"4077",2017-03-23 14:25:39,9.16,9.16,9.24,9.15,9.2,36845157,339106033
"4078",2017-03-23 14:25:42,9.16,9.16,9.24,9.15,9.21,36847557,339128137
"4079",2017-03-23 14:25:45,9.16,9.16,9.24,9.15,9.21,36858357,339227605
"4080",2017-03-23 14:25:48,9.16,9.16,9.24,9.15,9.21,36859557,339238657
"4081",2017-03-23 14:25:51,9.16,9.16,9.24,9.15,9.2,36860257,339245097
"4082",2017-03-23 14:25:54,9.16,9.16,9.24,9.15,9.2,36860257,339245097
"4083",2017-03-23 14:25:57,9.16,9.16,9.24,9.15,9.2,36864277,339282105
"4084",2017-03-23 14:26:00,9.16,9.16,9.24,9.15,9.2,36864877,339287628
"4085",2017-03-23 14:26:03,9.16,9.16,9.24,9.15,9.21,36865277,339291310
"4086",2017-03-23 14:26:06,9.16,9.16,9.24,9.15,9.2,36870277,339337310
"4087",2017-03-23 14:26:09,9.16,9.16,9.24,9.15,9.2,36872277,339355710
"4088",2017-03-23 14:26:12,9.16,9.16,9.24,9.15,9.2,36872277,339355710
"4089",2017-03-23 14:26:15,9.16,9.16,9.24,9.15,9.2,36872277,339355710
"4090",2017-03-23 14:26:18,9.16,9.16,9.24,9.15,9.2,36872277,339355710
"4091",2017-03-23 14:26:21,9.16,9.16,9.24,9.15,9.2,36872277,339355710
"4092",2017-03-23 14:26:24,9.16,9.16,9.24,9.15,9.21,36885777,339480045
"4093",2017-03-23 14:26:27,9.16,9.16,9.24,9.15,9.21,36885777,339480045
"4094",2017-03-23 14:26:30,9.16,9.16,9.24,9.15,9.21,36885777,339480045
"4095",2017-03-23 14:26:33,9.16,9.16,9.24,9.15,9.2,36889777,339516845
"4096",2017-03-23 14:26:36,9.16,9.16,9.24,9.15,9.2,36890377,339522365
"4097",2017-03-23 14:26:39,9.16,9.16,9.24,9.15,9.2,36893177,339548125
"4098",2017-03-23 14:26:42,9.16,9.16,9.24,9.15,9.2,36911977,339721193
"4099",2017-03-23 14:26:45,9.16,9.16,9.24,9.15,9.2,36911977,339721193
"4100",2017-03-23 14:26:48,9.16,9.16,9.24,9.15,9.2,36914137,339741065
"4101",2017-03-23 14:26:51,9.16,9.16,9.24,9.15,9.2,36914137,339741065
"4102",2017-03-23 14:26:54,9.16,9.16,9.24,9.15,9.2,36915637,339754865
"4103",2017-03-23 14:26:57,9.16,9.16,9.24,9.15,9.2,36915637,339754865
"4104",2017-03-23 14:27:00,9.16,9.16,9.24,9.15,9.2,36918137,339777865
"4105",2017-03-23 14:27:03,9.16,9.16,9.24,9.15,9.2,36919017,339785961
"4106",2017-03-23 14:27:06,9.16,9.16,9.24,9.15,9.2,36924017,339831961
"4107",2017-03-23 14:27:09,9.16,9.16,9.24,9.15,9.2,36926617,339855881
"4108",2017-03-23 14:27:12,9.16,9.16,9.24,9.15,9.2,36926617,339855881
"4109",2017-03-23 14:27:15,9.16,9.16,9.24,9.15,9.2,36926717,339856801
"4110",2017-03-23 14:27:18,9.16,9.16,9.24,9.15,9.2,36929117,339878893
"4111",2017-03-23 14:27:21,9.16,9.16,9.24,9.15,9.2,36929117,339878893
"4112",2017-03-23 14:27:24,9.16,9.16,9.24,9.15,9.2,36929117,339878893
"4113",2017-03-23 14:27:27,9.16,9.16,9.24,9.15,9.2,36929117,339878893
"4114",2017-03-23 14:27:30,9.16,9.16,9.24,9.15,9.2,36932117,339906493
"4115",2017-03-23 14:27:33,9.16,9.16,9.24,9.15,9.2,36934617,339929504
"4116",2017-03-23 14:27:36,9.16,9.16,9.24,9.15,9.21,36935617,339938714
"4117",2017-03-23 14:27:39,9.16,9.16,9.24,9.15,9.21,36946417,340038182
"4118",2017-03-23 14:27:42,9.16,9.16,9.24,9.15,9.2,36955317,340120062
"4119",2017-03-23 14:27:45,9.16,9.16,9.24,9.15,9.2,36955317,340120062
"4120",2017-03-23 14:27:48,9.16,9.16,9.24,9.15,9.2,36955317,340120062
"4121",2017-03-23 14:27:51,9.16,9.16,9.24,9.15,9.21,36956417,340130193
"4122",2017-03-23 14:27:54,9.16,9.16,9.24,9.15,9.2,36971017,340264655
"4123",2017-03-23 14:27:57,9.16,9.16,9.24,9.15,9.2,36971017,340264655
"4124",2017-03-23 14:28:00,9.16,9.16,9.24,9.15,9.2,36971317,340267415
"4125",2017-03-23 14:28:03,9.16,9.16,9.24,9.15,9.2,36976217,340312495
"4126",2017-03-23 14:28:06,9.16,9.16,9.24,9.15,9.2,36976417,340314335
"4127",2017-03-23 14:28:09,9.16,9.16,9.24,9.15,9.2,36978317,340331815
"4128",2017-03-23 14:28:12,9.16,9.16,9.24,9.15,9.2,36979017,340338255
"4129",2017-03-23 14:28:15,9.16,9.16,9.24,9.15,9.2,36979017,340338255
"4130",2017-03-23 14:28:18,9.16,9.16,9.24,9.15,9.2,37080717,341273895
"4131",2017-03-23 14:28:21,9.16,9.16,9.24,9.15,9.2,37144450,341860239
"4132",2017-03-23 14:28:24,9.16,9.16,9.24,9.15,9.21,37145250,341867605
"4133",2017-03-23 14:28:27,9.16,9.16,9.24,9.15,9.2,37158250,341987205
"4134",2017-03-23 14:28:30,9.16,9.16,9.24,9.15,9.2,37158250,341987205
"4135",2017-03-23 14:28:33,9.16,9.16,9.24,9.15,9.2,37158250,341987205
"4136",2017-03-23 14:28:36,9.16,9.16,9.24,9.15,9.21,37161350,342015756
"4137",2017-03-23 14:28:39,9.16,9.16,9.24,9.15,9.21,37172150,342115224
"4138",2017-03-23 14:28:42,9.16,9.16,9.24,9.15,9.2,37176150,342152024
"4139",2017-03-23 14:28:45,9.16,9.16,9.24,9.15,9.21,37184550,342229338
"4140",2017-03-23 14:28:48,9.16,9.16,9.24,9.15,9.2,37237950,342720619
"4141",2017-03-23 14:28:51,9.16,9.16,9.24,9.15,9.2,37237950,342720619
"4142",2017-03-23 14:28:54,9.16,9.16,9.24,9.15,9.2,37237950,342720619
"4143",2017-03-23 14:28:57,9.16,9.16,9.24,9.15,9.2,37237950,342720619
"4144",2017-03-23 14:29:00,9.16,9.16,9.24,9.15,9.2,37325150,343522859
"4145",2017-03-23 14:29:03,9.16,9.16,9.24,9.15,9.2,37402190,344231639
"4146",2017-03-23 14:29:06,9.16,9.16,9.24,9.15,9.2,37409750,344301187
"4147",2017-03-23 14:29:09,9.16,9.16,9.24,9.15,9.21,37789690,347799292
"4148",2017-03-23 14:29:12,9.16,9.16,9.24,9.15,9.2,37790690,347808492
"4149",2017-03-23 14:29:15,9.16,9.16,9.24,9.15,9.19,37790890,347810330
"4150",2017-03-23 14:29:18,9.16,9.16,9.24,9.15,9.2,37793890,347837930
"4151",2017-03-23 14:29:21,9.16,9.16,9.24,9.15,9.2,37793890,347837930
"4152",2017-03-23 14:29:24,9.16,9.16,9.24,9.15,9.2,37793890,347837930
"4153",2017-03-23 14:29:27,9.16,9.16,9.24,9.15,9.2,37793890,347837930
"4154",2017-03-23 14:29:30,9.16,9.16,9.24,9.15,9.19,38133390,350957935
"4155",2017-03-23 14:29:33,9.16,9.16,9.24,9.15,9.19,38157690,351181252
"4156",2017-03-23 14:29:36,9.16,9.16,9.24,9.15,9.19,38158390,351187683
"4157",2017-03-23 14:29:39,9.16,9.16,9.24,9.15,9.19,38158390,351187683
"4158",2017-03-23 14:29:42,9.16,9.16,9.24,9.15,9.19,38161892,351219866
"4159",2017-03-23 14:29:45,9.16,9.16,9.24,9.15,9.19,38161892,351219866
"4160",2017-03-23 14:29:48,9.16,9.16,9.24,9.15,9.18,38166892,351265766
"4161",2017-03-23 14:29:51,9.16,9.16,9.24,9.15,9.18,38171392,351307076
"4162",2017-03-23 14:29:54,9.16,9.16,9.24,9.15,9.18,38191992,351496184
"4163",2017-03-23 14:29:57,9.16,9.16,9.24,9.15,9.19,38195792,351531106
"4164",2017-03-23 14:30:00,9.16,9.16,9.24,9.15,9.19,38195792,351531106
"4165",2017-03-23 14:30:03,9.16,9.16,9.24,9.15,9.18,38196092,351533860
"4166",2017-03-23 14:30:06,9.16,9.16,9.24,9.15,9.18,38196692,351539368
"4167",2017-03-23 14:30:09,9.16,9.16,9.24,9.15,9.18,38198392,351554974
"4168",2017-03-23 14:30:12,9.16,9.16,9.24,9.15,9.19,38202392,351591734
"4169",2017-03-23 14:30:15,9.16,9.16,9.24,9.15,9.19,38202792,351595410
"4170",2017-03-23 14:30:18,9.16,9.16,9.24,9.15,9.19,38202792,351595410
"4171",2017-03-23 14:30:21,9.16,9.16,9.24,9.15,9.19,38202792,351595410
"4172",2017-03-23 14:30:24,9.16,9.16,9.24,9.15,9.19,38203992,351606438
"4173",2017-03-23 14:30:27,9.16,9.16,9.24,9.15,9.18,38205192,351617454
"4174",2017-03-23 14:30:30,9.16,9.16,9.24,9.15,9.19,38215592,351713030
"4175",2017-03-23 14:30:33,9.16,9.16,9.24,9.15,9.18,38218192,351736898
"4176",2017-03-23 14:30:36,9.16,9.16,9.24,9.15,9.18,38218192,351736898
"4177",2017-03-23 14:30:39,9.16,9.16,9.24,9.15,9.18,38218192,351736898
"4178",2017-03-23 14:30:42,9.16,9.16,9.24,9.15,9.18,38218292,351737816
"4179",2017-03-23 14:30:45,9.16,9.16,9.24,9.15,9.18,38218292,351737816
"4180",2017-03-23 14:30:48,9.16,9.16,9.24,9.15,9.18,38218292,351737816
"4181",2017-03-23 14:30:51,9.16,9.16,9.24,9.15,9.19,38223392,351784685
"4182",2017-03-23 14:30:54,9.16,9.16,9.24,9.15,9.18,38223792,351788357
"4183",2017-03-23 14:30:57,9.16,9.16,9.24,9.15,9.19,38224792,351797547
"4184",2017-03-23 14:31:00,9.16,9.16,9.24,9.15,9.18,38228492,351831513
"4185",2017-03-23 14:31:03,9.16,9.16,9.24,9.15,9.18,38228492,351831513
"4186",2017-03-23 14:31:06,9.16,9.16,9.24,9.15,9.18,38228992,351836103
"4187",2017-03-23 14:31:09,9.16,9.16,9.24,9.15,9.18,38230892,351853545
"4188",2017-03-23 14:31:12,9.16,9.16,9.24,9.15,9.18,38230892,351853545
"4189",2017-03-23 14:31:15,9.16,9.16,9.24,9.15,9.18,38230892,351853545
"4190",2017-03-23 14:31:18,9.16,9.16,9.24,9.15,9.18,38230892,351853545
"4191",2017-03-23 14:31:21,9.16,9.16,9.24,9.15,9.18,38230892,351853545
"4192",2017-03-23 14:31:24,9.16,9.16,9.24,9.15,9.19,38238592,351924308
"4193",2017-03-23 14:31:27,9.16,9.16,9.24,9.15,9.19,38248992,352019884
"4194",2017-03-23 14:31:30,9.16,9.16,9.24,9.15,9.18,38249692,352026315
"4195",2017-03-23 14:31:33,9.16,9.16,9.24,9.15,9.18,38249692,352026315
"4196",2017-03-23 14:31:36,9.16,9.16,9.24,9.15,9.18,38249692,352026315
"4197",2017-03-23 14:31:39,9.16,9.16,9.24,9.15,9.18,38249692,352026315
"4198",2017-03-23 14:31:42,9.16,9.16,9.24,9.15,9.18,38249992,352029069
"4199",2017-03-23 14:31:45,9.16,9.16,9.24,9.15,9.18,38249992,352029069
"4200",2017-03-23 14:31:48,9.16,9.16,9.24,9.15,9.18,38249992,352029069
"4201",2017-03-23 14:31:51,9.16,9.16,9.24,9.15,9.18,38265692,352173332
"4202",2017-03-23 14:31:54,9.16,9.16,9.24,9.15,9.19,38269592,352209159
"4203",2017-03-23 14:31:57,9.16,9.16,9.24,9.15,9.19,38270792,352220187
"4204",2017-03-23 14:32:00,9.16,9.16,9.24,9.15,9.18,38282192,352324841
"4205",2017-03-23 14:32:03,9.16,9.16,9.24,9.15,9.18,38282392,352326677
"4206",2017-03-23 14:32:06,9.16,9.16,9.24,9.15,9.18,38282692,352329431
"4207",2017-03-23 14:32:09,9.16,9.16,9.24,9.15,9.18,38285592,352356064
"4208",2017-03-23 14:32:12,9.16,9.16,9.24,9.15,9.19,38287092,352369839
"4209",2017-03-23 14:32:15,9.16,9.16,9.24,9.15,9.19,38287592,352374434
"4210",2017-03-23 14:32:18,9.16,9.16,9.24,9.15,9.19,38287592,352374434
"4211",2017-03-23 14:32:21,9.16,9.16,9.24,9.15,9.19,38287592,352374434
"4212",2017-03-23 14:32:24,9.16,9.16,9.24,9.15,9.18,38309192,352572826
"4213",2017-03-23 14:32:27,9.16,9.16,9.24,9.15,9.18,38309592,352576498
"4214",2017-03-23 14:32:30,9.16,9.16,9.24,9.15,9.18,38309692,352577416
"4215",2017-03-23 14:32:33,9.16,9.16,9.24,9.15,9.19,38313892,352616014
"4216",2017-03-23 14:32:36,9.16,9.16,9.24,9.15,9.19,38313992,352616933
"4217",2017-03-23 14:32:39,9.16,9.16,9.24,9.15,9.19,38313992,352616933
"4218",2017-03-23 14:32:42,9.16,9.16,9.24,9.15,9.18,38325192,352719749
"4219",2017-03-23 14:32:45,9.16,9.16,9.24,9.15,9.18,38325392,352721585
"4220",2017-03-23 14:32:48,9.16,9.16,9.24,9.15,9.18,38325392,352721585
"4221",2017-03-23 14:32:51,9.16,9.16,9.24,9.15,9.18,38325392,352721585
"4222",2017-03-23 14:32:54,9.16,9.16,9.24,9.15,9.19,38329392,352758345
"4223",2017-03-23 14:32:57,9.16,9.16,9.24,9.15,9.19,38329392,352758345
"4224",2017-03-23 14:33:00,9.16,9.16,9.24,9.15,9.18,38329592,352760181
"4225",2017-03-23 14:33:03,9.16,9.16,9.24,9.15,9.18,38329692,352761099
"4226",2017-03-23 14:33:06,9.16,9.16,9.24,9.15,9.19,38331992,352782233
"4227",2017-03-23 14:33:09,9.16,9.16,9.24,9.15,9.18,38333792,352798757
"4228",2017-03-23 14:33:12,9.16,9.16,9.24,9.15,9.18,38333792,352798757
"4229",2017-03-23 14:33:15,9.16,9.16,9.24,9.15,9.19,38337392,352831841
"4230",2017-03-23 14:33:18,9.16,9.16,9.24,9.15,9.19,38352692,352972448
"4231",2017-03-23 14:33:21,9.16,9.16,9.24,9.15,9.19,38357192,353013803
"4232",2017-03-23 14:33:24,9.16,9.16,9.24,9.15,9.19,38359192,353032183
"4233",2017-03-23 14:33:27,9.16,9.16,9.24,9.15,9.19,38372892,353158074
"4234",2017-03-23 14:33:30,9.16,9.16,9.24,9.15,9.18,38372992,353158992
"4235",2017-03-23 14:33:33,9.16,9.16,9.24,9.15,9.19,38379392,353217808
"4236",2017-03-23 14:33:36,9.16,9.16,9.24,9.15,9.19,38379392,353217808
"4237",2017-03-23 14:33:39,9.16,9.16,9.24,9.15,9.19,38379392,353217808
"4238",2017-03-23 14:33:42,9.16,9.16,9.24,9.15,9.19,38379392,353217808
"4239",2017-03-23 14:33:45,9.16,9.16,9.24,9.15,9.19,38380792,353230674
"4240",2017-03-23 14:33:48,9.16,9.16,9.24,9.15,9.18,38382092,353242619
"4241",2017-03-23 14:33:51,9.16,9.16,9.24,9.15,9.19,38691392,356085086
"4242",2017-03-23 14:33:54,9.16,9.16,9.24,9.15,9.19,38691392,356085086
"4243",2017-03-23 14:33:57,9.16,9.16,9.24,9.15,9.19,38691392,356085086
"4244",2017-03-23 14:34:00,9.16,9.16,9.24,9.15,9.19,38691392,356085086
"4245",2017-03-23 14:34:03,9.16,9.16,9.24,9.15,9.18,38691992,356090594
"4246",2017-03-23 14:34:06,9.16,9.16,9.24,9.15,9.18,38703592,356197194
"4247",2017-03-23 14:34:09,9.16,9.16,9.24,9.15,9.19,38719892,356346973
"4248",2017-03-23 14:34:12,9.16,9.16,9.24,9.15,9.19,38731392,356452658
"4249",2017-03-23 14:34:15,9.16,9.16,9.24,9.15,9.19,38733392,356471038
"4250",2017-03-23 14:34:18,9.16,9.16,9.24,9.15,9.19,38733892,356475633
"4251",2017-03-23 14:34:21,9.16,9.16,9.24,9.15,9.19,38745792,356584994
"4252",2017-03-23 14:34:24,9.16,9.16,9.24,9.15,9.19,38748692,356611645
"4253",2017-03-23 14:34:27,9.16,9.16,9.24,9.15,9.19,38748892,356613483
"4254",2017-03-23 14:34:30,9.16,9.16,9.24,9.15,9.18,38760192,356717217
"4255",2017-03-23 14:34:33,9.16,9.16,9.24,9.15,9.19,38769192,356799927
"4256",2017-03-23 14:34:36,9.16,9.16,9.24,9.15,9.19,38770392,356810953
"4257",2017-03-23 14:34:39,9.16,9.16,9.24,9.15,9.19,38770392,356810953
"4258",2017-03-23 14:34:42,9.16,9.16,9.24,9.15,9.19,38770392,356810953
"4259",2017-03-23 14:34:45,9.16,9.16,9.24,9.15,9.19,38813192,357204141
"4260",2017-03-23 14:34:48,9.16,9.16,9.24,9.15,9.19,38813192,357204141
"4261",2017-03-23 14:34:51,9.16,9.16,9.24,9.15,9.19,38814092,357212412
"4262",2017-03-23 14:34:54,9.16,9.16,9.24,9.15,9.19,38843492,357482598
"4263",2017-03-23 14:34:57,9.16,9.16,9.24,9.15,9.19,38846892,357513844
"4264",2017-03-23 14:35:00,9.16,9.16,9.24,9.15,9.18,38853092,357570820
"4265",2017-03-23 14:35:03,9.16,9.16,9.24,9.15,9.18,39066292,359530016
"4266",2017-03-23 14:35:06,9.16,9.16,9.24,9.15,9.18,39078092,359638454
"4267",2017-03-23 14:35:09,9.16,9.16,9.24,9.15,9.19,39082992,359683466
"4268",2017-03-23 14:35:12,9.16,9.16,9.24,9.15,9.19,39084992,359701846
"4269",2017-03-23 14:35:15,9.16,9.16,9.24,9.15,9.19,39084992,359701846
"4270",2017-03-23 14:35:18,9.16,9.16,9.24,9.15,9.19,39084992,359701846
"4271",2017-03-23 14:35:21,9.16,9.16,9.24,9.15,9.19,39116992,359995914
"4272",2017-03-23 14:35:24,9.16,9.16,9.24,9.15,9.18,39129192,360107920
"4273",2017-03-23 14:35:27,9.16,9.16,9.24,9.15,9.18,39142852,360233319
"4274",2017-03-23 14:35:30,9.16,9.16,9.24,9.15,9.18,39149352,360293052
"4275",2017-03-23 14:35:33,9.16,9.16,9.24,9.15,9.19,39149452,360293971
"4276",2017-03-23 14:35:36,9.16,9.16,9.24,9.15,9.19,39168249,360466710
"4277",2017-03-23 14:35:39,9.16,9.16,9.24,9.15,9.19,39181449,360588016
"4278",2017-03-23 14:35:42,9.16,9.16,9.24,9.15,9.18,39192649,360690832
"4279",2017-03-23 14:35:45,9.16,9.16,9.24,9.15,9.19,39195049,360712888
"4280",2017-03-23 14:35:48,9.16,9.16,9.24,9.15,9.19,39202849,360784570
"4281",2017-03-23 14:35:51,9.16,9.16,9.24,9.15,9.19,39235049,361080488
"4282",2017-03-23 14:35:54,9.16,9.16,9.24,9.15,9.19,39240449,361130110
"4283",2017-03-23 14:35:57,9.16,9.16,9.24,9.15,9.19,39251549,361232118
"4284",2017-03-23 14:36:00,9.16,9.16,9.24,9.15,9.18,39265049,361356180
"4285",2017-03-23 14:36:03,9.16,9.16,9.24,9.15,9.18,39279749,361491237
"4286",2017-03-23 14:36:06,9.16,9.16,9.24,9.15,9.18,39291149,361595889
"4287",2017-03-23 14:36:09,9.16,9.16,9.24,9.15,9.18,39291549,361599561
"4288",2017-03-23 14:36:12,9.16,9.16,9.24,9.15,9.18,39300549,361682261
"4289",2017-03-23 14:36:15,9.16,9.16,9.24,9.15,9.18,39301549,361691446
"4290",2017-03-23 14:36:18,9.16,9.16,9.24,9.15,9.19,39328649,361940495
"4291",2017-03-23 14:36:21,9.16,9.16,9.24,9.15,9.19,39328749,361941414
"4292",2017-03-23 14:36:24,9.16,9.16,9.24,9.15,9.19,39331049,361962551
"4293",2017-03-23 14:36:27,9.16,9.16,9.24,9.15,9.19,39336049,362008501
"4294",2017-03-23 14:36:30,9.16,9.16,9.24,9.15,9.18,39337949,362025960
"4295",2017-03-23 14:36:33,9.16,9.16,9.24,9.15,9.19,39404149,362634226
"4296",2017-03-23 14:36:36,9.16,9.16,9.24,9.15,9.19,39404149,362634226
"4297",2017-03-23 14:36:39,9.16,9.16,9.24,9.15,9.19,39405449,362646173
"4298",2017-03-23 14:36:42,9.16,9.16,9.24,9.15,9.19,39405449,362646173
"4299",2017-03-23 14:36:45,9.16,9.16,9.24,9.15,9.19,39405449,362646173
"4300",2017-03-23 14:36:48,9.16,9.16,9.24,9.15,9.19,39408949,362678338
"4301",2017-03-23 14:36:51,9.16,9.16,9.24,9.15,9.19,39413649,362721529
"4302",2017-03-23 14:36:54,9.16,9.16,9.24,9.15,9.18,39415849,362741746
"4303",2017-03-23 14:36:57,9.16,9.16,9.24,9.15,9.19,39426249,362837322
"4304",2017-03-23 14:37:00,9.16,9.16,9.24,9.15,9.18,39426449,362839158
"4305",2017-03-23 14:37:03,9.16,9.16,9.24,9.15,9.18,39429349,362865780
"4306",2017-03-23 14:37:06,9.16,9.16,9.24,9.15,9.18,39429549,362867616
"4307",2017-03-23 14:37:09,9.16,9.16,9.24,9.15,9.18,39433149,362900669
"4308",2017-03-23 14:37:12,9.16,9.16,9.24,9.15,9.18,39433149,362900669
"4309",2017-03-23 14:37:15,9.16,9.16,9.24,9.15,9.18,39437149,362937389
"4310",2017-03-23 14:37:18,9.16,9.16,9.24,9.15,9.19,39440149,362964959
"4311",2017-03-23 14:37:21,9.16,9.16,9.24,9.15,9.18,39504949,363559903
"4312",2017-03-23 14:37:24,9.16,9.16,9.24,9.15,9.19,39506649,363575526
"4313",2017-03-23 14:37:27,9.16,9.16,9.24,9.15,9.18,39507049,363579198
"4314",2017-03-23 14:37:30,9.16,9.16,9.24,9.15,9.18,39507149,363580116
"4315",2017-03-23 14:37:33,9.16,9.16,9.24,9.15,9.19,39508549,363592982
"4316",2017-03-23 14:37:36,9.16,9.16,9.24,9.15,9.19,39510549,363611362
"4317",2017-03-23 14:37:39,9.16,9.16,9.24,9.15,9.18,39515249,363654508
"4318",2017-03-23 14:37:42,9.16,9.16,9.24,9.15,9.18,39531849,363806979
"4319",2017-03-23 14:37:45,9.16,9.16,9.24,9.15,9.19,39541849,363898879
"4320",2017-03-23 14:37:48,9.16,9.16,9.24,9.15,9.18,39555649,364025583
"4321",2017-03-23 14:37:51,9.16,9.16,9.24,9.15,9.19,39566949,364129430
"4322",2017-03-23 14:37:54,9.16,9.16,9.24,9.15,9.19,39568949,364147810
"4323",2017-03-23 14:37:57,9.16,9.16,9.24,9.15,9.19,39573949,364193760
"4324",2017-03-23 14:38:00,9.16,9.16,9.24,9.15,9.18,39585549,364300248
"4325",2017-03-23 14:38:03,9.16,9.16,9.24,9.15,9.19,39627849,364688969
"4326",2017-03-23 14:38:06,9.16,9.16,9.24,9.15,9.18,39630149,364710083
"4327",2017-03-23 14:38:09,9.16,9.16,9.24,9.15,9.19,39631549,364722945
"4328",2017-03-23 14:38:12,9.16,9.16,9.24,9.15,9.19,39631549,364722945
"4329",2017-03-23 14:38:15,9.16,9.16,9.24,9.15,9.19,39641549,364814845
"4330",2017-03-23 14:38:18,9.16,9.16,9.24,9.15,9.19,39641549,364814845
"4331",2017-03-23 14:38:21,9.16,9.16,9.24,9.15,9.19,39642649,364824954
"4332",2017-03-23 14:38:24,9.16,9.16,9.24,9.15,9.19,39685049,365214610
"4333",2017-03-23 14:38:27,9.16,9.16,9.24,9.15,9.19,39693549,365292655
"4334",2017-03-23 14:38:30,9.16,9.16,9.24,9.15,9.18,39695649,365311933
"4335",2017-03-23 14:38:33,9.16,9.16,9.24,9.15,9.18,39695649,365311933
"4336",2017-03-23 14:38:36,9.16,9.16,9.24,9.15,9.18,39706849,365414749
"4337",2017-03-23 14:38:39,9.16,9.16,9.24,9.15,9.18,39707849,365423929
"4338",2017-03-23 14:38:42,9.16,9.16,9.24,9.15,9.18,39707849,365423929
"4339",2017-03-23 14:38:45,9.16,9.16,9.24,9.15,9.18,39707849,365423929
"4340",2017-03-23 14:38:48,9.16,9.16,9.24,9.15,9.19,39722849,365561779
"4341",2017-03-23 14:38:51,9.16,9.16,9.24,9.15,9.18,39748649,365798727
"4342",2017-03-23 14:38:54,9.16,9.16,9.24,9.15,9.18,39748749,365799645
"4343",2017-03-23 14:38:57,9.16,9.16,9.24,9.15,9.18,39748749,365799645
"4344",2017-03-23 14:39:00,9.16,9.16,9.24,9.15,9.18,39750049,365811581
"4345",2017-03-23 14:39:03,9.16,9.16,9.24,9.15,9.18,39753697,365845090
"4346",2017-03-23 14:39:06,9.16,9.16,9.24,9.15,9.18,39765697,365955250
"4347",2017-03-23 14:39:09,9.16,9.16,9.24,9.15,9.18,39769097,365986492
"4348",2017-03-23 14:39:12,9.16,9.16,9.24,9.15,9.18,39771597,366009465
"4349",2017-03-23 14:39:15,9.16,9.16,9.24,9.15,9.18,39780997,366095847
"4350",2017-03-23 14:39:18,9.16,9.16,9.24,9.15,9.18,39787797,366158291
"4351",2017-03-23 14:39:21,9.16,9.16,9.24,9.15,9.19,39895797,367150811
"4352",2017-03-23 14:39:24,9.16,9.16,9.24,9.15,9.19,39895797,367150811
"4353",2017-03-23 14:39:27,9.16,9.16,9.24,9.15,9.18,39907297,367256381
"4354",2017-03-23 14:39:30,9.16,9.16,9.24,9.15,9.19,39908097,367263733
"4355",2017-03-23 14:39:33,9.16,9.16,9.24,9.15,9.18,39920397,367376647
"4356",2017-03-23 14:39:36,9.16,9.16,9.24,9.15,9.18,39921597,367387663
"4357",2017-03-23 14:39:39,9.16,9.16,9.24,9.15,9.18,39922097,367392253
"4358",2017-03-23 14:39:42,9.16,9.16,9.24,9.15,9.19,39932497,367487829
"4359",2017-03-23 14:39:45,9.16,9.16,9.24,9.15,9.19,39932497,367487829
"4360",2017-03-23 14:39:48,9.16,9.16,9.24,9.15,9.19,39933417,367496277
"4361",2017-03-23 14:39:51,9.16,9.16,9.24,9.15,9.18,39933917,367500867
"4362",2017-03-23 14:39:54,9.16,9.16,9.24,9.15,9.18,39934017,367501785
"4363",2017-03-23 14:39:57,9.16,9.16,9.24,9.15,9.19,39935317,367513732
"4364",2017-03-23 14:40:00,9.16,9.16,9.24,9.15,9.19,39935317,367513732
"4365",2017-03-23 14:40:03,9.16,9.16,9.24,9.15,9.18,39944917,367601945
"4366",2017-03-23 14:40:06,9.16,9.16,9.24,9.15,9.19,39946117,367612970
"4367",2017-03-23 14:40:09,9.16,9.16,9.24,9.15,9.19,39966917,367804119
"4368",2017-03-23 14:40:12,9.16,9.16,9.24,9.15,9.19,39967417,367808714
"4369",2017-03-23 14:40:15,9.16,9.16,9.24,9.15,9.19,39967417,367808714
"4370",2017-03-23 14:40:18,9.16,9.16,9.24,9.15,9.18,40216177,370093831
"4371",2017-03-23 14:40:21,9.16,9.16,9.24,9.15,9.19,40233477,370252815
"4372",2017-03-23 14:40:24,9.16,9.16,9.24,9.15,9.19,40266277,370554075
"4373",2017-03-23 14:40:27,9.16,9.16,9.24,9.15,9.18,40278277,370664343
"4374",2017-03-23 14:40:30,9.16,9.16,9.24,9.15,9.19,40395477,371741386
"4375",2017-03-23 14:40:33,9.16,9.16,9.24,9.15,9.19,40395477,371741386
"4376",2017-03-23 14:40:36,9.16,9.16,9.24,9.15,9.19,40395477,371741386
"4377",2017-03-23 14:40:39,9.16,9.16,9.24,9.15,9.19,40398377,371768037
"4378",2017-03-23 14:40:42,9.16,9.16,9.24,9.15,9.19,40414177,371913239
"4379",2017-03-23 14:40:45,9.16,9.16,9.24,9.15,9.19,40422877,371993192
"4380",2017-03-23 14:40:48,9.16,9.16,9.24,9.15,9.19,40423977,372003301
"4381",2017-03-23 14:40:51,9.16,9.16,9.24,9.15,9.18,40426377,372025353
"4382",2017-03-23 14:40:54,9.16,9.16,9.24,9.15,9.19,40436377,372117253
"4383",2017-03-23 14:40:57,9.16,9.16,9.24,9.15,9.18,40447577,372220069
"4384",2017-03-23 14:41:00,9.16,9.16,9.24,9.15,9.19,40465277,372382722
"4385",2017-03-23 14:41:03,9.16,9.16,9.24,9.15,9.19,40466277,372391912
"4386",2017-03-23 14:41:06,9.16,9.16,9.24,9.15,9.18,40478277,372502170
"4387",2017-03-23 14:41:09,9.16,9.16,9.24,9.15,9.18,40484977,372563737
"4388",2017-03-23 14:41:12,9.16,9.16,9.24,9.15,9.19,40504177,372740185
"4389",2017-03-23 14:41:15,9.16,9.16,9.24,9.15,9.19,40516177,372850465
"4390",2017-03-23 14:41:18,9.16,9.16,9.24,9.15,9.19,40517377,372861493
"4391",2017-03-23 14:41:21,9.16,9.16,9.24,9.15,9.18,40521377,372898225
"4392",2017-03-23 14:41:24,9.16,9.16,9.24,9.15,9.19,40540777,373076511
"4393",2017-03-23 14:41:27,9.16,9.16,9.24,9.15,9.19,40540777,373076511
"4394",2017-03-23 14:41:30,9.16,9.16,9.24,9.15,9.19,40540777,373076511
"4395",2017-03-23 14:41:33,9.16,9.16,9.24,9.15,9.19,40550777,373168411
"4396",2017-03-23 14:41:36,9.16,9.16,9.24,9.15,9.19,40562577,373276853
"4397",2017-03-23 14:41:39,9.16,9.16,9.24,9.15,9.19,40566877,373316370
"4398",2017-03-23 14:41:42,9.16,9.16,9.24,9.15,9.19,40573877,373380700
"4399",2017-03-23 14:41:45,9.16,9.16,9.24,9.15,9.19,40576777,373407351
"4400",2017-03-23 14:41:48,9.16,9.16,9.24,9.15,9.18,40578477,373422964
"4401",2017-03-23 14:41:51,9.16,9.16,9.24,9.15,9.18,40578677,373424800
"4402",2017-03-23 14:41:54,9.16,9.16,9.24,9.15,9.18,40627477,373873154
"4403",2017-03-23 14:41:57,9.16,9.16,9.24,9.15,9.19,40627977,373877749
"4404",2017-03-23 14:42:00,9.16,9.16,9.24,9.15,9.18,40643377,374019273
"4405",2017-03-23 14:42:03,9.16,9.16,9.24,9.15,9.18,40644677,374031207
"4406",2017-03-23 14:42:06,9.16,9.16,9.24,9.15,9.18,40708277,374615077
"4407",2017-03-23 14:42:09,9.16,9.16,9.24,9.15,9.19,40713477,374662864
"4408",2017-03-23 14:42:12,9.16,9.16,9.24,9.15,9.19,40713477,374662864
"4409",2017-03-23 14:42:15,9.16,9.16,9.24,9.15,9.18,40714477,374672044
"4410",2017-03-23 14:42:18,9.16,9.16,9.24,9.15,9.18,40715677,374683060
"4411",2017-03-23 14:42:21,9.16,9.16,9.24,9.15,9.18,40715677,374683060
"4412",2017-03-23 14:42:24,9.16,9.16,9.24,9.15,9.18,40715677,374683060
"4413",2017-03-23 14:42:27,9.16,9.16,9.24,9.15,9.18,40715677,374683060
"4414",2017-03-23 14:42:30,9.16,9.16,9.24,9.15,9.19,40716677,374692250
"4415",2017-03-23 14:42:33,9.16,9.16,9.24,9.15,9.19,40726977,374786907
"4416",2017-03-23 14:42:36,9.16,9.16,9.24,9.15,9.19,40728477,374800692
"4417",2017-03-23 14:42:39,9.16,9.16,9.24,9.15,9.18,40730777,374821825
"4418",2017-03-23 14:42:42,9.16,9.16,9.24,9.15,9.18,40734977,374860410
"4419",2017-03-23 14:42:45,9.16,9.16,9.24,9.15,9.18,40741977,374924732
"4420",2017-03-23 14:42:48,9.16,9.16,9.24,9.15,9.18,40745977,374961452
"4421",2017-03-23 14:42:51,9.16,9.16,9.24,9.15,9.18,40746177,374963288
"4422",2017-03-23 14:42:54,9.16,9.16,9.24,9.15,9.18,40746177,374963288
"4423",2017-03-23 14:42:57,9.16,9.16,9.24,9.15,9.18,40746277,374964206
"4424",2017-03-23 14:43:00,9.16,9.16,9.24,9.15,9.19,41056077,377811268
"4425",2017-03-23 14:43:03,9.16,9.16,9.24,9.15,9.18,41056377,377814022
"4426",2017-03-23 14:43:06,9.16,9.16,9.24,9.15,9.18,41056677,377816776
"4427",2017-03-23 14:43:09,9.16,9.16,9.24,9.15,9.18,41056877,377818612
"4428",2017-03-23 14:43:12,9.16,9.16,9.24,9.15,9.19,41057077,377820450
"4429",2017-03-23 14:43:15,9.16,9.16,9.24,9.15,9.19,41060017,377847447
"4430",2017-03-23 14:43:18,9.16,9.16,9.24,9.15,9.19,41060217,377849285
"4431",2017-03-23 14:43:21,9.16,9.16,9.24,9.15,9.19,41071817,377955889
"4432",2017-03-23 14:43:24,9.16,9.16,9.24,9.15,9.19,41072117,377958646
"4433",2017-03-23 14:43:27,9.16,9.16,9.24,9.15,9.19,41073117,377967836
"4434",2017-03-23 14:43:30,9.16,9.16,9.24,9.15,9.19,41074117,377977026
"4435",2017-03-23 14:43:33,9.16,9.16,9.24,9.15,9.19,41074117,377977026
"4436",2017-03-23 14:43:36,9.16,9.16,9.24,9.15,9.19,41076117,377995406
"4437",2017-03-23 14:43:39,9.16,9.16,9.24,9.15,9.19,41076417,377998163
"4438",2017-03-23 14:43:42,9.16,9.16,9.24,9.15,9.19,41130317,378493502
"4439",2017-03-23 14:43:45,9.16,9.16,9.24,9.15,9.18,41132717,378515545
"4440",2017-03-23 14:43:48,9.16,9.16,9.24,9.15,9.19,41149117,378666251
"4441",2017-03-23 14:43:51,9.16,9.16,9.24,9.15,9.19,41181017,378959412
"4442",2017-03-23 14:43:54,9.16,9.16,9.24,9.15,9.19,41184317,378989739
"4443",2017-03-23 14:43:57,9.16,9.16,9.24,9.15,9.19,41199417,379128508
"4444",2017-03-23 14:44:00,9.16,9.16,9.24,9.15,9.18,41202117,379153318
"4445",2017-03-23 14:44:03,9.16,9.16,9.24,9.15,9.18,41302717,380077826
"4446",2017-03-23 14:44:06,9.16,9.16,9.24,9.15,9.18,41302917,380079662
"4447",2017-03-23 14:44:09,9.16,9.16,9.24,9.15,9.18,41303017,380080580
"4448",2017-03-23 14:44:12,9.16,9.16,9.24,9.15,9.19,41319017,380227620
"4449",2017-03-23 14:44:15,9.16,9.16,9.24,9.15,9.19,41325017,380282760
"4450",2017-03-23 14:44:18,9.16,9.16,9.24,9.15,9.19,41327017,380301140
"4451",2017-03-23 14:44:21,9.16,9.16,9.24,9.15,9.19,41328117,380311249
"4452",2017-03-23 14:44:24,9.16,9.16,9.24,9.15,9.19,41332617,380352604
"4453",2017-03-23 14:44:27,9.16,9.16,9.24,9.15,9.18,41339017,380411360
"4454",2017-03-23 14:44:30,9.16,9.16,9.24,9.15,9.18,41339817,380418710
"4455",2017-03-23 14:44:33,9.16,9.16,9.24,9.15,9.19,41340317,380423305
"4456",2017-03-23 14:44:36,9.16,9.16,9.24,9.15,9.19,41341417,380433414
"4457",2017-03-23 14:44:39,9.16,9.16,9.24,9.15,9.18,41355417,380561971
"4458",2017-03-23 14:44:42,9.16,9.16,9.24,9.15,9.19,41355617,380563809
"4459",2017-03-23 14:44:45,9.16,9.16,9.24,9.15,9.18,41369917,380695196
"4460",2017-03-23 14:44:48,9.16,9.16,9.24,9.15,9.19,41373617,380729199
"4461",2017-03-23 14:44:51,9.16,9.16,9.24,9.15,9.19,41373617,380729199
"4462",2017-03-23 14:44:54,9.16,9.16,9.24,9.15,9.19,41379617,380784339
"4463",2017-03-23 14:44:57,9.16,9.16,9.24,9.15,9.19,41380617,380793529
"4464",2017-03-23 14:45:00,9.16,9.16,9.24,9.15,9.18,41514017,382019472
"4465",2017-03-23 14:45:03,9.16,9.16,9.24,9.15,9.19,41539417,382252850
"4466",2017-03-23 14:45:06,9.16,9.16,9.24,9.15,9.19,41539417,382252850
"4467",2017-03-23 14:45:09,9.16,9.16,9.24,9.15,9.18,41562417,382464215
"4468",2017-03-23 14:45:12,9.16,9.16,9.24,9.15,9.19,41604977,382855341
"4469",2017-03-23 14:45:15,9.16,9.16,9.24,9.15,9.19,41608077,382883830
"4470",2017-03-23 14:45:18,9.16,9.16,9.24,9.15,9.19,41614577,382943565
"4471",2017-03-23 14:45:21,9.16,9.16,9.24,9.15,9.19,41616077,382957347
"4472",2017-03-23 14:45:24,9.16,9.16,9.24,9.15,9.19,41639277,383170555
"4473",2017-03-23 14:45:30,9.16,9.16,9.24,9.15,9.19,41641037,383186727
"4474",2017-03-23 14:45:33,9.16,9.16,9.24,9.15,9.19,41641337,383189484
"4475",2017-03-23 14:45:36,9.16,9.16,9.24,9.15,9.19,41641337,383189484
"4476",2017-03-23 14:45:39,9.16,9.16,9.24,9.15,9.19,41641457,383190587
"4477",2017-03-23 14:45:42,9.16,9.16,9.24,9.15,9.19,41641457,383190587
"4478",2017-03-23 14:45:45,9.16,9.16,9.24,9.15,9.19,41641457,383190587
"4479",2017-03-23 14:45:48,9.16,9.16,9.24,9.15,9.19,41641457,383190587
"4480",2017-03-23 14:45:51,9.16,9.16,9.24,9.15,9.19,41652557,383292596
"4481",2017-03-23 14:45:54,9.16,9.16,9.24,9.15,9.2,41662157,383380916
"4482",2017-03-23 14:45:57,9.16,9.16,9.24,9.15,9.19,41662657,383385511
"4483",2017-03-23 14:46:00,9.16,9.16,9.24,9.15,9.19,41662657,383385511
"4484",2017-03-23 14:46:03,9.16,9.16,9.24,9.15,9.2,41675357,383502284
"4485",2017-03-23 14:46:06,9.16,9.16,9.24,9.15,9.19,41675657,383505041
"4486",2017-03-23 14:46:09,9.16,9.16,9.24,9.15,9.2,41675957,383507799
"4487",2017-03-23 14:46:12,9.16,9.16,9.24,9.15,9.19,41676857,383516070
"4488",2017-03-23 14:46:15,9.16,9.16,9.24,9.15,9.19,41676857,383516070
"4489",2017-03-23 14:46:18,9.16,9.16,9.24,9.15,9.19,41676857,383516070
"4490",2017-03-23 14:46:21,9.16,9.16,9.24,9.15,9.19,41676857,383516070
"4491",2017-03-23 14:46:24,9.16,9.16,9.24,9.15,9.19,41676857,383516070
"4492",2017-03-23 14:46:27,9.16,9.16,9.24,9.15,9.19,41676857,383516070
"4493",2017-03-23 14:46:30,9.16,9.16,9.24,9.15,9.2,41676957,383516990
"4494",2017-03-23 14:46:33,9.16,9.16,9.24,9.15,9.2,41677057,383517910
"4495",2017-03-23 14:46:36,9.16,9.16,9.24,9.15,9.19,41677757,383524343
"4496",2017-03-23 14:46:39,9.16,9.16,9.24,9.15,9.19,41677857,383525262
"4497",2017-03-23 14:46:42,9.16,9.16,9.24,9.15,9.19,41702057,383747776
"4498",2017-03-23 14:46:45,9.16,9.16,9.24,9.15,9.2,41703257,383758811
"4499",2017-03-23 14:46:48,9.16,9.16,9.24,9.15,9.2,41768257,384356811
"4500",2017-03-23 14:46:51,9.16,9.16,9.24,9.15,9.2,41768257,384356811
"4501",2017-03-23 14:46:54,9.16,9.16,9.24,9.15,9.2,42077557,387202371
"4502",2017-03-23 14:46:57,9.16,9.16,9.24,9.15,9.2,42077557,387202371
"4503",2017-03-23 14:47:00,9.16,9.16,9.24,9.15,9.2,42077757,387204211
"4504",2017-03-23 14:47:03,9.16,9.16,9.24,9.15,9.2,42082457,387247405
"4505",2017-03-23 14:47:06,9.16,9.16,9.24,9.15,9.19,42082657,387249243
"4506",2017-03-23 14:47:09,9.16,9.16,9.24,9.15,9.19,42082757,387250162
"4507",2017-03-23 14:47:12,9.16,9.16,9.24,9.15,9.2,42091657,387332039
"4508",2017-03-23 14:47:15,9.16,9.16,9.24,9.15,9.2,42093357,387347679
"4509",2017-03-23 14:47:18,9.16,9.16,9.24,9.15,9.2,42093457,387348599
"4510",2017-03-23 14:47:21,9.16,9.16,9.24,9.15,9.2,42103457,387440599
"4511",2017-03-23 14:47:24,9.16,9.16,9.24,9.15,9.19,42103657,387442437
"4512",2017-03-23 14:47:27,9.16,9.16,9.24,9.15,9.2,42104157,387447037
"4513",2017-03-23 14:47:30,9.16,9.16,9.24,9.15,9.2,42104157,387447037
"4514",2017-03-23 14:47:33,9.16,9.16,9.24,9.15,9.2,42105657,387460832
"4515",2017-03-23 14:47:36,9.16,9.16,9.24,9.15,9.19,42120257,387595102
"4516",2017-03-23 14:47:39,9.16,9.16,9.24,9.15,9.19,42120257,387595102
"4517",2017-03-23 14:47:42,9.16,9.16,9.24,9.15,9.19,42120257,387595102
"4518",2017-03-23 14:47:45,9.16,9.16,9.24,9.15,9.2,42121057,387602462
"4519",2017-03-23 14:47:48,9.16,9.16,9.24,9.15,9.19,42121357,387605219
"4520",2017-03-23 14:47:51,9.16,9.16,9.24,9.15,9.19,42121357,387605219
"4521",2017-03-23 14:47:54,9.16,9.16,9.24,9.15,9.19,42121357,387605219
"4522",2017-03-23 14:47:57,9.16,9.16,9.24,9.15,9.2,42123357,387623619
"4523",2017-03-23 14:48:00,9.16,9.16,9.24,9.15,9.2,42123357,387623619
"4524",2017-03-23 14:48:03,9.16,9.16,9.24,9.15,9.2,42128557,387671413
"4525",2017-03-23 14:48:06,9.16,9.16,9.24,9.15,9.19,42129357,387678765
"4526",2017-03-23 14:48:09,9.16,9.16,9.24,9.15,9.2,42133957,387721085
"4527",2017-03-23 14:48:12,9.16,9.16,9.24,9.15,9.2,42133957,387721085
"4528",2017-03-23 14:48:15,9.16,9.16,9.24,9.15,9.2,42135257,387733045
"4529",2017-03-23 14:48:18,9.16,9.16,9.24,9.15,9.2,42140757,387783643
"4530",2017-03-23 14:48:21,9.16,9.16,9.24,9.15,9.2,42140757,387783643
"4531",2017-03-23 14:48:24,9.16,9.16,9.24,9.15,9.2,42140757,387783643
"4532",2017-03-23 14:48:27,9.16,9.16,9.24,9.15,9.2,42142657,387801123
"4533",2017-03-23 14:48:30,9.16,9.16,9.24,9.15,9.2,42151157,387879323
"4534",2017-03-23 14:48:33,9.16,9.16,9.24,9.15,9.19,42151857,387885756
"4535",2017-03-23 14:48:36,9.16,9.16,9.24,9.15,9.19,42151857,387885756
"4536",2017-03-23 14:48:39,9.16,9.16,9.24,9.15,9.2,42151957,387886676
"4537",2017-03-23 14:48:42,9.16,9.16,9.24,9.15,9.2,42152157,387888516
"4538",2017-03-23 14:48:45,9.16,9.16,9.24,9.15,9.2,42152157,387888516
"4539",2017-03-23 14:48:48,9.16,9.16,9.24,9.15,9.19,42152357,387890354
"4540",2017-03-23 14:48:51,9.16,9.16,9.24,9.15,9.19,42152357,387890354
"4541",2017-03-23 14:48:54,9.16,9.16,9.24,9.15,9.19,42158357,387945494
"4542",2017-03-23 14:48:57,9.16,9.16,9.24,9.15,9.2,42160357,387963894
"4543",2017-03-23 14:49:00,9.16,9.16,9.24,9.15,9.2,42160857,387968494
"4544",2017-03-23 14:49:03,9.16,9.16,9.24,9.15,9.2,42167957,388033752
"4545",2017-03-23 14:49:06,9.16,9.16,9.24,9.15,9.19,42168657,388040185
"4546",2017-03-23 14:49:09,9.16,9.16,9.24,9.15,9.2,42198657,388316185
"4547",2017-03-23 14:49:12,9.16,9.16,9.24,9.15,9.2,42207157,388394385
"4548",2017-03-23 14:49:15,9.16,9.16,9.24,9.15,9.19,42212157,388440335
"4549",2017-03-23 14:49:18,9.16,9.16,9.24,9.15,9.19,42259857,388879172
"4550",2017-03-23 14:49:21,9.16,9.16,9.24,9.15,9.2,42265357,388929772
"4551",2017-03-23 14:49:24,9.16,9.16,9.24,9.15,9.2,42265657,388932532
"4552",2017-03-23 14:49:27,9.16,9.16,9.24,9.15,9.19,42265857,388934370
"4553",2017-03-23 14:49:30,9.16,9.16,9.24,9.15,9.19,42283157,389093377
"4554",2017-03-23 14:49:33,9.16,9.16,9.24,9.15,9.19,42288791,389145171
"4555",2017-03-23 14:49:36,9.16,9.16,9.24,9.15,9.19,42299591,389244423
"4556",2017-03-23 14:49:39,9.16,9.16,9.24,9.15,9.2,42300691,389254539
"4557",2017-03-23 14:49:42,9.16,9.16,9.24,9.15,9.2,42332191,389544043
"4558",2017-03-23 14:49:45,9.16,9.16,9.24,9.15,9.19,42337191,389589993
"4559",2017-03-23 14:49:48,9.16,9.16,9.24,9.15,9.2,42339891,389614821
"4560",2017-03-23 14:49:51,9.16,9.16,9.24,9.15,9.2,42340991,389624941
"4561",2017-03-23 14:49:54,9.16,9.16,9.24,9.15,9.19,42341391,389628619
"4562",2017-03-23 14:49:57,9.16,9.16,9.24,9.15,9.2,42349891,389706819
"4563",2017-03-23 14:50:00,9.16,9.16,9.24,9.15,9.2,42349891,389706819
"4564",2017-03-23 14:50:03,9.16,9.16,9.24,9.15,9.2,42356091,389763813
"4565",2017-03-23 14:50:06,9.16,9.16,9.24,9.15,9.2,42356091,389763813
"4566",2017-03-23 14:50:09,9.16,9.16,9.24,9.15,9.2,42356091,389763813
"4567",2017-03-23 14:50:12,9.16,9.16,9.24,9.15,9.2,42356091,389763813
"4568",2017-03-23 14:50:15,9.16,9.16,9.24,9.15,9.2,42356091,389763813
"4569",2017-03-23 14:50:18,9.16,9.16,9.24,9.15,9.2,42356091,389763813
"4570",2017-03-23 14:50:21,9.16,9.16,9.24,9.15,9.19,42374091,389929233
"4571",2017-03-23 14:50:24,9.16,9.16,9.24,9.15,9.19,42374091,389929233
"4572",2017-03-23 14:50:27,9.16,9.16,9.24,9.15,9.19,42374391,389931990
"4573",2017-03-23 14:50:30,9.16,9.16,9.24,9.15,9.2,42386791,390046069
"4574",2017-03-23 14:50:33,9.16,9.16,9.24,9.15,9.2,42386791,390046069
"4575",2017-03-23 14:50:36,9.16,9.16,9.24,9.15,9.19,42391391,390088343
"4576",2017-03-23 14:50:39,9.16,9.16,9.24,9.15,9.2,42400391,390171143
"4577",2017-03-23 14:50:42,9.16,9.16,9.24,9.15,9.19,42400691,390173900
"4578",2017-03-23 14:50:45,9.16,9.16,9.24,9.15,9.19,42402891,390194138
"4579",2017-03-23 14:50:48,9.16,9.16,9.24,9.15,9.2,42404491,390208843
"4580",2017-03-23 14:50:51,9.16,9.16,9.24,9.15,9.2,42405591,390218963
"4581",2017-03-23 14:50:54,9.16,9.16,9.24,9.15,9.2,42410591,390264963
"4582",2017-03-23 14:50:57,9.16,9.16,9.24,9.15,9.2,42411291,390271400
"4583",2017-03-23 14:51:00,9.16,9.16,9.24,9.15,9.2,42427211,390417778
"4584",2017-03-23 14:51:03,9.16,9.16,9.24,9.15,9.2,42437711,390514332
"4585",2017-03-23 14:51:06,9.16,9.16,9.24,9.15,9.2,42440311,390538252
"4586",2017-03-23 14:51:09,9.16,9.16,9.24,9.15,9.2,42442911,390562172
"4587",2017-03-23 14:51:12,9.16,9.16,9.24,9.15,9.2,42443911,390571372
"4588",2017-03-23 14:51:15,9.16,9.16,9.24,9.15,9.19,42444111,390573210
"4589",2017-03-23 14:51:18,9.16,9.16,9.24,9.15,9.19,42444211,390574129
"4590",2017-03-23 14:51:21,9.16,9.16,9.24,9.15,9.2,42444911,390580569
"4591",2017-03-23 14:51:24,9.16,9.16,9.24,9.15,9.2,42444911,390580569
"4592",2017-03-23 14:51:27,9.16,9.16,9.24,9.15,9.19,42450711,390633909
"4593",2017-03-23 14:51:30,9.16,9.16,9.24,9.15,9.19,42458111,390701986
"4594",2017-03-23 14:51:33,9.16,9.16,9.24,9.15,9.2,42458411,390704746
"4595",2017-03-23 14:51:36,9.16,9.16,9.24,9.15,9.2,42458911,390709346
"4596",2017-03-23 14:51:39,9.16,9.16,9.24,9.15,9.2,42458911,390709346
"4597",2017-03-23 14:51:42,9.16,9.16,9.24,9.15,9.19,42471411,390824342
"4598",2017-03-23 14:51:45,9.16,9.16,9.24,9.15,9.19,42471611,390826180
"4599",2017-03-23 14:51:48,9.16,9.16,9.24,9.15,9.19,42471611,390826180
"4600",2017-03-23 14:51:51,9.16,9.16,9.24,9.15,9.2,42472711,390836300
"4601",2017-03-23 14:51:54,9.16,9.16,9.24,9.15,9.2,42475111,390858375
"4602",2017-03-23 14:51:57,9.16,9.16,9.24,9.15,9.19,42475231,390859478
"4603",2017-03-23 14:52:00,9.16,9.16,9.24,9.15,9.19,42475531,390862235
"4604",2017-03-23 14:52:03,9.16,9.16,9.24,9.15,9.19,42484231,390942228
"4605",2017-03-23 14:52:06,9.16,9.16,9.24,9.15,9.19,42484231,390942228
"4606",2017-03-23 14:52:09,9.16,9.16,9.24,9.15,9.19,42484431,390944066
"4607",2017-03-23 14:52:12,9.16,9.16,9.24,9.15,9.2,42499731,391084766
"4608",2017-03-23 14:52:15,9.16,9.16,9.24,9.15,9.2,42499731,391084766
"4609",2017-03-23 14:52:18,9.16,9.16,9.24,9.15,9.2,42513731,391213566
"4610",2017-03-23 14:52:21,9.16,9.16,9.24,9.15,9.19,42541131,391465493
"4611",2017-03-23 14:52:24,9.16,9.16,9.24,9.15,9.2,42549231,391540013
"4612",2017-03-23 14:52:27,9.16,9.16,9.24,9.15,9.2,42550331,391550133
"4613",2017-03-23 14:52:30,9.16,9.16,9.24,9.15,9.19,42559231,391631968
"4614",2017-03-23 14:52:33,9.16,9.16,9.24,9.15,9.2,42560231,391641168
"4615",2017-03-23 14:52:36,9.16,9.16,9.24,9.15,9.2,42560531,391643928
"4616",2017-03-23 14:52:39,9.16,9.16,9.24,9.15,9.19,42560831,391646685
"4617",2017-03-23 14:52:42,9.16,9.16,9.24,9.15,9.19,42560831,391646685
"4618",2017-03-23 14:52:45,9.16,9.16,9.24,9.15,9.19,42560831,391646685
"4619",2017-03-23 14:52:48,9.16,9.16,9.24,9.15,9.2,42563931,391675205
"4620",2017-03-23 14:52:51,9.16,9.16,9.24,9.15,9.19,42569331,391724835
"4621",2017-03-23 14:52:54,9.16,9.16,9.24,9.15,9.2,42576431,391790155
"4622",2017-03-23 14:52:57,9.16,9.16,9.24,9.15,9.2,42576931,391794755
"4623",2017-03-23 14:53:00,9.16,9.16,9.24,9.15,9.19,42577131,391796593
"4624",2017-03-23 14:53:03,9.16,9.16,9.24,9.15,9.19,42581769,391839216
"4625",2017-03-23 14:53:06,9.16,9.16,9.24,9.15,9.19,42581769,391839216
"4626",2017-03-23 14:53:09,9.16,9.16,9.24,9.15,9.19,42581769,391839216
"4627",2017-03-23 14:53:12,9.16,9.16,9.24,9.15,9.2,42584969,391868656
"4628",2017-03-23 14:53:15,9.16,9.16,9.24,9.15,9.19,42585969,391877846
"4629",2017-03-23 14:53:18,9.16,9.16,9.24,9.15,9.2,42586269,391880606
"4630",2017-03-23 14:53:21,9.16,9.16,9.24,9.15,9.2,42602769,392032403
"4631",2017-03-23 14:53:24,9.16,9.16,9.24,9.15,9.2,42603769,392041603
"4632",2017-03-23 14:53:27,9.16,9.16,9.24,9.15,9.19,42620569,392195995
"4633",2017-03-23 14:53:30,9.16,9.16,9.24,9.15,9.2,42622569,392214395
"4634",2017-03-23 14:53:33,9.16,9.16,9.24,9.15,9.19,42625569,392241965
"4635",2017-03-23 14:53:36,9.16,9.16,9.24,9.15,9.2,42626569,392251165
"4636",2017-03-23 14:53:39,9.16,9.16,9.24,9.15,9.2,42626569,392251165
"4637",2017-03-23 14:53:42,9.16,9.16,9.24,9.15,9.2,42626569,392251165
"4638",2017-03-23 14:53:45,9.16,9.16,9.24,9.15,9.19,42628969,392273235
"4639",2017-03-23 14:53:48,9.16,9.16,9.24,9.15,9.2,42636369,392341315
"4640",2017-03-23 14:53:51,9.16,9.16,9.24,9.15,9.19,42640469,392379032
"4641",2017-03-23 14:53:54,9.16,9.16,9.24,9.15,9.2,42640569,392379952
"4642",2017-03-23 14:53:57,9.16,9.16,9.24,9.15,9.2,42641769,392390992
"4643",2017-03-23 14:54:00,9.16,9.16,9.24,9.15,9.2,42641769,392390992
"4644",2017-03-23 14:54:03,9.16,9.16,9.24,9.15,9.2,42643769,392409392
"4645",2017-03-23 14:54:06,9.16,9.16,9.24,9.15,9.2,42673469,392682632
"4646",2017-03-23 14:54:09,9.16,9.16,9.24,9.15,9.2,42687669,392813270
"4647",2017-03-23 14:54:12,9.16,9.16,9.24,9.15,9.2,42690969,392843630
"4648",2017-03-23 14:54:15,9.16,9.16,9.24,9.15,9.19,42693269,392864788
"4649",2017-03-23 14:54:18,9.16,9.16,9.24,9.15,9.19,42693269,392864788
"4650",2017-03-23 14:54:21,9.16,9.16,9.24,9.15,9.19,42693269,392864788
"4651",2017-03-23 14:54:24,9.16,9.16,9.24,9.15,9.2,42697469,392903428
"4652",2017-03-23 14:54:27,9.16,9.16,9.24,9.15,9.2,42703669,392960466
"4653",2017-03-23 14:54:30,9.16,9.16,9.24,9.15,9.2,42707569,392996329
"4654",2017-03-23 14:54:33,9.16,9.16,9.24,9.15,9.2,42707669,392997249
"4655",2017-03-23 14:54:36,9.16,9.16,9.24,9.15,9.19,42707869,392999087
"4656",2017-03-23 14:54:39,9.16,9.16,9.24,9.15,9.19,42730169,393204024
"4657",2017-03-23 14:54:42,9.16,9.16,9.24,9.15,9.2,42732469,393225184
"4658",2017-03-23 14:54:45,9.16,9.16,9.24,9.15,9.2,42734069,393239904
"4659",2017-03-23 14:54:48,9.16,9.16,9.24,9.15,9.2,42735069,393249104
"4660",2017-03-23 14:54:51,9.16,9.16,9.24,9.15,9.2,42735069,393249104
"4661",2017-03-23 14:54:54,9.16,9.16,9.24,9.15,9.19,42735169,393250023
"4662",2017-03-23 14:54:57,9.16,9.16,9.24,9.15,9.19,42735369,393251861
"4663",2017-03-23 14:55:00,9.16,9.16,9.24,9.15,9.2,42741569,393308901
"4664",2017-03-23 14:55:03,9.16,9.16,9.24,9.15,9.2,42765969,393533263
"4665",2017-03-23 14:55:06,9.16,9.16,9.24,9.15,9.2,42765969,393533263
"4666",2017-03-23 14:55:09,9.16,9.16,9.24,9.15,9.2,42776469,393629843
"4667",2017-03-23 14:55:12,9.16,9.16,9.24,9.15,9.2,42776469,393629843
"4668",2017-03-23 14:55:15,9.16,9.16,9.24,9.15,9.2,42782069,393681357
"4669",2017-03-23 14:55:18,9.16,9.16,9.24,9.15,9.2,42788469,393740237
"4670",2017-03-23 14:55:21,9.16,9.16,9.24,9.15,9.2,42799569,393842357
"4671",2017-03-23 14:55:24,9.16,9.16,9.24,9.15,9.2,42801769,393862595
"4672",2017-03-23 14:55:27,9.16,9.16,9.24,9.15,9.2,42806269,393903995
"4673",2017-03-23 14:55:30,9.16,9.16,9.24,9.15,9.2,42810369,393941715
"4674",2017-03-23 14:55:33,9.16,9.16,9.24,9.15,9.2,42824569,394072237
"4675",2017-03-23 14:55:36,9.16,9.16,9.24,9.15,9.2,42855409,394355863
"4676",2017-03-23 14:55:39,9.16,9.16,9.24,9.15,9.2,42864409,394438659
"4677",2017-03-23 14:55:42,9.16,9.16,9.24,9.15,9.2,42869109,394481893
"4678",2017-03-23 14:55:45,9.16,9.16,9.24,9.15,9.19,42876109,394546240
"4679",2017-03-23 14:55:48,9.16,9.16,9.24,9.15,9.2,42878109,394564640
"4680",2017-03-23 14:55:51,9.16,9.16,9.24,9.15,9.19,42885209,394629936
"4681",2017-03-23 14:55:54,9.16,9.16,9.24,9.15,9.2,42902209,394786218
"4682",2017-03-23 14:55:57,9.16,9.16,9.24,9.15,9.2,42903509,394798178
"4683",2017-03-23 14:56:00,9.16,9.16,9.24,9.15,9.2,42904509,394807378
"4684",2017-03-23 14:56:03,9.16,9.16,9.24,9.15,9.19,42905709,394818413
"4685",2017-03-23 14:56:06,9.16,9.16,9.24,9.15,9.2,42929709,395039213
"4686",2017-03-23 14:56:09,9.16,9.16,9.24,9.15,9.19,42930109,395042889
"4687",2017-03-23 14:56:12,9.16,9.16,9.24,9.15,9.2,42961009,395327169
"4688",2017-03-23 14:56:15,9.16,9.16,9.24,9.15,9.2,42964109,395355689
"4689",2017-03-23 14:56:18,9.16,9.16,9.24,9.15,9.2,42966209,395375005
"4690",2017-03-23 14:56:21,9.16,9.16,9.24,9.15,9.2,42979209,395494487
"4691",2017-03-23 14:56:24,9.16,9.16,9.24,9.15,9.2,42979809,395500007
"4692",2017-03-23 14:56:27,9.16,9.16,9.24,9.15,9.2,42994509,395635247
"4693",2017-03-23 14:56:30,9.16,9.16,9.24,9.15,9.19,43006209,395742817
"4694",2017-03-23 14:56:33,9.16,9.16,9.24,9.15,9.19,43009709,395774992
"4695",2017-03-23 14:56:36,9.16,9.16,9.24,9.15,9.2,43013309,395808087
"4696",2017-03-23 14:56:39,9.16,9.16,9.24,9.15,9.2,43022609,395893647
"4697",2017-03-23 14:56:42,9.16,9.16,9.24,9.15,9.2,43022609,395893647
"4698",2017-03-23 14:56:45,9.16,9.16,9.24,9.15,9.2,43030609,395967220
"4699",2017-03-23 14:56:48,9.16,9.16,9.24,9.15,9.2,43047009,396118100
"4700",2017-03-23 14:56:51,9.16,9.16,9.24,9.15,9.2,43049109,396137420
"4701",2017-03-23 14:56:54,9.16,9.16,9.24,9.15,9.19,43060909,396245862
"4702",2017-03-23 14:56:57,9.16,9.16,9.24,9.15,9.2,43079309,396414978
"4703",2017-03-23 14:57:00,9.16,9.16,9.24,9.15,9.2,43079709,396418658
"4704",2017-03-23 14:57:00,9.16,9.16,9.24,9.15,9.2,43079709,396418658
"4705",2017-03-23 14:57:09,9.16,9.16,9.24,9.15,9.2,43079709,396418658
"4706",2017-03-23 14:57:18,9.16,9.16,9.24,9.15,9.2,43079709,396418658
"4707",2017-03-23 14:57:27,9.16,9.16,9.24,9.15,9.2,43079709,396418658
"4708",2017-03-23 14:57:36,9.16,9.16,9.24,9.15,9.2,43079709,396418658
"4709",2017-03-23 14:57:45,9.16,9.16,9.24,9.15,9.2,43079709,396418658
"4710",2017-03-23 14:57:54,9.16,9.16,9.24,9.15,9.2,43079709,396418658
"4711",2017-03-23 14:58:03,9.16,9.16,9.24,9.15,9.2,43079709,396418658
"4712",2017-03-23 14:58:12,9.16,9.16,9.24,9.15,9.2,43079709,396418658
"4713",2017-03-23 14:58:21,9.16,9.16,9.24,9.15,9.2,43079709,396418658
"4714",2017-03-23 14:58:30,9.16,9.16,9.24,9.15,9.2,43079709,396418658
"4715",2017-03-23 14:58:39,9.16,9.16,9.24,9.15,9.2,43079709,396418658
"4716",2017-03-23 14:58:48,9.16,9.16,9.24,9.15,9.2,43079709,396418658
"4717",2017-03-23 14:58:57,9.16,9.16,9.24,9.15,9.2,43079709,396418658
"4718",2017-03-23 14:59:06,9.16,9.16,9.24,9.15,9.2,43079709,396418658
"4719",2017-03-23 14:59:15,9.16,9.16,9.24,9.15,9.2,43079709,396418658
"4720",2017-03-23 14:59:24,9.16,9.16,9.24,9.15,9.2,43079709,396418658
"4721",2017-03-23 14:59:33,9.16,9.16,9.24,9.15,9.2,43079709,396418658
"4722",2017-03-23 14:59:42,9.16,9.16,9.24,9.15,9.2,43079709,396418658
"4723",2017-03-23 14:59:51,9.16,9.16,9.24,9.15,9.2,43079709,396418658
"4724",2017-03-23 15:00:03,9.16,9.16,9.24,9.15,9.2,43358829,398986562
"4725",2017-03-23 15:00:03,9.16,9.16,9.24,9.15,9.2,43358829,398986562
